,greenland_sea,barents_kara_seas,laptev_sea,east_siberian_sea,bering_chukchi_seas,beaufort_sea,baffin_bay,hudson_bay,sea_of_okhostk
2003-03-01,0.519,0.824,1.0,1.0,0.882,1.0,1.0,1.0,0.865
2003-03-02,0.526,0.827,1.0,1.0,0.872,1.0,1.0,1.0,0.862
2003-03-03,0.526,0.826,1.0,1.0,0.87,1.0,0.997,1.0,0.826
2003-03-04,0.536,0.827,1.0,1.0,0.868,1.0,0.99,1.0,0.781
2003-03-05,0.522,0.831,1.0,1.0,0.874,1.0,0.987,1.0,0.771
2003-03-06,0.524,0.827,1.0,1.0,0.872,1.0,0.979,1.0,0.789
2003-03-07,0.537,0.817,1.0,1.0,0.878,1.0,0.977,1.0,0.795
2003-03-08,0.56,0.812,1.0,1.0,0.882,1.0,0.976,1.0,0.82
2003-03-09,0.579,0.807,1.0,1.0,0.885,1.0,0.983,1.0,0.798
2003-03-10,0.579,0.804,1.0,1.0,0.886,1.0,0.982,1.0,0.764
2003-03-11,0.595,0.806,1.0,1.0,0.894,1.0,0.982,1.0,0.762
2003-03-12,0.619,0.81,1.0,1.0,0.893,1.0,0.982,1.0,0.746
2003-03-13,0.594,0.812,1.0,1.0,0.898,1.0,0.979,0.999,0.714
2003-03-14,0.603,0.806,1.0,1.0,0.913,1.0,0.983,1.0,0.684
2003-03-15,0.605,0.814,1.0,1.0,0.922,1.0,0.979,1.0,0.688
2003-03-16,0.614,0.821,1.0,1.0,0.929,1.0,0.983,1.0,0.703
2003-03-17,0.598,0.829,1.0,1.0,0.938,1.0,0.985,1.0,0.715
2003-03-18,0.628,0.832,1.0,1.0,0.943,1.0,0.987,1.0,0.709
2003-03-19,0.613,0.836,1.0,1.0,0.941,1.0,0.987,1.0,0.706
2003-03-20,0.589,0.839,1.0,1.0,0.948,1.0,0.986,1.0,0.707
2003-03-21,0.593,0.835,1.0,1.0,0.948,1.0,0.987,1.0,0.728
2003-03-22,0.606,0.822,1.0,1.0,0.95,1.0,0.987,1.0,0.741
2003-03-23,0.603,0.823,1.0,1.0,0.947,1.0,0.987,1.0,0.732
2003-03-24,0.627,0.832,1.0,1.0,0.951,1.0,0.987,1.0,0.729
2003-03-25,0.614,0.843,1.0,1.0,0.95,1.0,0.988,1.0,0.722
2003-03-26,0.607,0.838,1.0,1.0,0.941,1.0,0.995,1.0,0.727
2003-03-27,0.622,0.833,1.0,1.0,0.923,1.0,0.999,1.0,0.725
2003-03-28,0.622,0.842,1.0,1.0,0.902,1.0,0.999,1.0,0.732
2003-03-29,0.637,0.846,1.0,1.0,0.889,1.0,0.999,1.0,0.716
2003-03-30,0.623,0.854,1.0,1.0,0.887,1.0,1.0,1.0,0.696
2003-03-31,0.65,0.858,1.0,1.0,0.876,1.0,1.0,1.0,0.689
2003-04-01,0.645,0.86,1.0,1.0,0.866,1.0,1.0,1.0,0.685
2003-04-02,0.612,0.85,1.0,1.0,0.858,1.0,1.0,1.0,0.685
2003-04-03,0.62,0.837,1.0,1.0,0.851,1.0,1.0,1.0,0.68
2003-04-04,0.619,0.83,1.0,1.0,0.84,1.0,1.0,1.0,0.686
2003-04-05,0.618,0.835,1.0,1.0,0.828,1.0,1.0,1.0,0.682
2003-04-06,0.586,0.837,1.0,1.0,0.828,1.0,0.999,1.0,0.666
2003-04-07,0.59,0.83,1.0,1.0,0.835,1.0,0.99,1.0,0.673
2003-04-08,0.609,0.819,1.0,1.0,0.837,1.0,0.995,1.0,0.687
2003-04-09,0.58,0.81,1.0,1.0,0.843,1.0,0.995,1.0,0.7
2003-04-10,0.592,0.801,1.0,1.0,0.85,1.0,0.999,1.0,0.687
2003-04-11,0.571,0.804,1.0,1.0,0.846,1.0,0.999,1.0,0.687
2003-04-12,0.573,0.803,1.0,1.0,0.811,1.0,0.995,1.0,0.677
2003-04-13,0.562,0.797,1.0,1.0,0.816,1.0,0.999,1.0,0.672
2003-04-14,0.572,0.788,1.0,1.0,0.793,1.0,0.999,1.0,0.662
2003-04-15,0.583,0.782,1.0,1.0,0.787,1.0,1.0,1.0,0.651
2003-04-16,0.565,0.784,1.0,1.0,0.803,1.0,0.995,1.0,0.634
2003-04-17,0.535,0.78,1.0,1.0,0.803,1.0,0.989,1.0,0.618
2003-04-18,0.55,0.773,1.0,1.0,0.798,1.0,0.986,1.0,0.604
2003-04-19,0.585,0.767,1.0,1.0,0.793,1.0,0.988,1.0,0.601
2003-04-20,0.603,0.767,1.0,1.0,0.785,1.0,0.987,1.0,0.596
2003-04-21,0.598,0.771,1.0,1.0,0.776,1.0,0.988,1.0,0.585
2003-04-22,0.596,0.778,1.0,1.0,0.771,1.0,0.987,1.0,0.574
2003-04-23,0.591,0.792,1.0,1.0,0.764,1.0,0.981,1.0,0.555
2003-04-24,0.592,0.805,1.0,1.0,0.743,1.0,0.983,1.0,0.544
2003-04-25,0.588,0.812,1.0,1.0,0.714,1.0,0.982,0.999,0.514
2003-04-26,0.606,0.82,1.0,1.0,0.698,1.0,0.983,1.0,0.476
2003-04-27,0.588,0.821,1.0,1.0,0.677,1.0,0.986,1.0,0.462
2003-04-28,0.58,0.827,1.0,1.0,0.665,1.0,0.984,1.0,0.43
2003-04-29,0.582,0.823,1.0,1.0,0.659,1.0,0.987,1.0,0.41
2003-04-30,0.587,0.825,1.0,1.0,0.655,1.0,0.986,1.0,0.394
2003-05-01,0.588,0.821,1.0,1.0,0.631,1.0,0.986,1.0,0.38
2003-05-02,0.605,0.824,1.0,1.0,0.621,1.0,0.983,1.0,0.362
2003-05-03,0.609,0.822,1.0,1.0,0.601,1.0,0.973,1.0,0.354
2003-05-04,0.622,0.82,1.0,1.0,0.585,1.0,0.969,1.0,0.349
2003-05-05,0.64,0.818,1.0,1.0,0.57,1.0,0.954,0.999,0.331
2003-05-06,0.615,0.814,1.0,1.0,0.545,1.0,0.961,1.0,0.311
2003-05-07,0.602,0.803,1.0,1.0,0.526,1.0,0.962,1.0,0.293
2003-05-08,0.603,0.798,1.0,1.0,0.501,1.0,0.97,0.999,0.254
2003-05-09,0.595,0.791,1.0,1.0,0.492,1.0,0.965,0.999,0.213
2003-05-10,0.578,0.789,1.0,1.0,0.48,1.0,0.97,0.999,0.192
2003-05-11,0.573,0.795,1.0,1.0,0.485,1.0,0.977,1.0,0.204
2003-05-12,0.577,0.795,1.0,1.0,0.481,1.0,0.977,0.997,0.188
2003-05-13,0.569,0.793,1.0,1.0,0.488,1.0,0.977,0.999,0.179
2003-05-14,0.584,0.786,1.0,1.0,0.49,1.0,0.977,1.0,0.165
2003-05-15,0.591,0.77,1.0,1.0,0.49,1.0,0.967,1.0,0.141
2003-05-16,0.593,0.774,1.0,1.0,0.489,1.0,0.956,1.0,0.126
2003-05-17,0.592,0.779,1.0,1.0,0.481,1.0,0.967,1.0,0.116
2003-05-18,0.589,0.777,1.0,1.0,0.462,1.0,0.97,1.0,0.116
2003-05-19,0.593,0.775,1.0,1.0,0.456,1.0,0.966,1.0,0.113
2003-05-20,0.584,0.771,1.0,1.0,0.453,1.0,0.96,1.0,0.106
2003-05-21,0.581,0.765,1.0,1.0,0.448,1.0,0.959,1.0,0.1
2003-05-22,0.586,0.763,1.0,1.0,0.449,1.0,0.962,0.995,0.105
2003-05-23,0.604,0.765,1.0,1.0,0.443,1.0,0.962,0.987,0.103
2003-05-24,0.601,0.767,1.0,1.0,0.439,1.0,0.957,0.977,0.087
2003-05-25,0.598,0.765,1.0,1.0,0.429,1.0,0.957,0.966,0.092
2003-05-26,0.59,0.764,1.0,1.0,0.429,1.0,0.954,0.944,0.076
2003-05-27,0.59,0.77,1.0,1.0,0.422,1.0,0.946,0.953,0.085
2003-05-28,0.569,0.762,1.0,1.0,0.42,1.0,0.941,0.989,0.063
2003-05-29,0.565,0.768,1.0,1.0,0.401,1.0,0.925,0.966,0.058
2003-05-30,0.56,0.77,1.0,1.0,0.405,1.0,0.926,0.96,0.068
2003-05-31,0.546,0.77,1.0,1.0,0.398,1.0,0.925,0.967,0.065
2003-06-01,0.549,0.768,0.998,1.0,0.399,1.0,0.925,0.959,0.066
2003-06-02,0.549,0.767,0.994,1.0,0.392,1.0,0.937,0.956,0.059
2003-06-03,0.547,0.767,0.994,1.0,0.378,1.0,0.934,0.967,0.058
2003-06-04,0.55,0.767,0.99,1.0,0.372,1.0,0.934,0.956,0.056
2003-06-05,0.548,0.762,0.983,1.0,0.354,1.0,0.907,0.945,0.023
2003-06-06,0.545,0.762,0.968,1.0,0.345,1.0,0.865,0.937,0.021
2003-06-07,0.543,0.76,0.972,1.0,0.339,1.0,0.844,0.926,0.027
2003-06-08,0.538,0.762,0.97,1.0,0.334,1.0,0.833,0.92,0.024
2003-06-09,0.537,0.757,0.961,1.0,0.323,1.0,0.823,0.911,0.033
2003-06-10,0.535,0.759,0.952,1.0,0.307,1.0,0.83,0.907,0.032
2003-06-11,0.532,0.755,0.944,1.0,0.292,0.999,0.81,0.89,0.028
2003-06-12,0.53,0.76,0.951,1.0,0.291,0.994,0.787,0.885,0.035
2003-06-13,0.526,0.757,0.956,0.999,0.288,0.994,0.773,0.849,0.019
2003-06-14,0.534,0.751,0.965,0.997,0.28,0.992,0.767,0.857,0.023
2003-06-15,0.541,0.747,0.965,0.997,0.269,0.992,0.754,0.804,0.017
2003-06-16,0.543,0.739,0.97,0.997,0.254,0.99,0.693,0.817,0.011
2003-06-17,0.549,0.738,0.961,0.999,0.235,0.993,0.68,0.791,0.01
2003-06-18,0.539,0.734,0.96,0.999,0.239,0.992,0.64,0.772,0.022
2003-06-19,0.534,0.729,0.955,1.0,0.243,0.991,0.647,0.722,0.013
2003-06-20,0.529,0.725,0.947,1.0,0.241,0.992,0.604,0.701,0.022
2003-06-21,0.545,0.713,0.944,1.0,0.239,0.992,0.604,0.684,0.012
2003-06-22,0.544,0.71,0.951,1.0,0.242,0.994,0.591,0.653,0.006
2003-06-23,0.531,0.693,0.952,1.0,0.23,0.996,0.567,0.611,0.011
2003-06-24,0.543,0.692,0.949,0.999,0.22,0.995,0.53,0.637,0.011
2003-06-25,0.533,0.691,0.934,1.0,0.204,0.995,0.473,0.677,0.008
2003-06-26,0.508,0.687,0.905,1.0,0.209,0.992,0.467,0.643,0.009
2003-06-27,0.454,0.684,0.911,0.997,0.206,0.985,0.452,0.644,0.005
2003-06-28,0.478,0.681,0.949,0.996,0.205,0.983,0.445,0.634,0.005
2003-06-29,0.458,0.667,0.955,0.991,0.185,0.978,0.416,0.634,0.005
2003-06-30,0.476,0.659,0.952,0.995,0.18,0.974,0.41,0.588,0.007
2003-07-01,0.493,0.65,0.941,0.99,0.176,0.966,0.403,0.572,0.005
2003-07-02,0.495,0.646,0.929,0.991,0.185,0.947,0.385,0.557,0.005
2003-07-03,0.488,0.644,0.922,0.987,0.184,0.938,0.386,0.558,0.002
2003-07-04,0.471,0.637,0.928,0.988,0.192,0.937,0.373,0.538,0.003
2003-07-05,0.468,0.638,0.925,0.99,0.178,0.935,0.364,0.542,0.002
2003-07-06,0.465,0.634,0.915,0.99,0.174,0.931,0.362,0.514,0.003
2003-07-07,0.461,0.628,0.907,0.985,0.148,0.933,0.321,0.534,0.005
2003-07-08,0.446,0.631,0.895,0.987,0.165,0.938,0.341,0.474,0.006
2003-07-09,0.43,0.623,0.899,0.982,0.168,0.942,0.309,0.45,0.004
2003-07-10,0.433,0.623,0.902,0.974,0.159,0.945,0.327,0.413,0.003
2003-07-11,0.435,0.611,0.908,0.962,0.133,0.944,0.32,0.44,0.003
2003-07-12,0.413,0.593,0.908,0.969,0.149,0.941,0.303,0.267,0.004
2003-07-13,0.389,0.582,0.849,0.966,0.152,0.945,0.27,0.093,0.003
2003-07-14,0.394,0.576,0.758,0.962,0.157,0.945,0.27,0.293,0.004
2003-07-15,0.389,0.56,0.743,0.958,0.168,0.943,0.294,0.196,0.002
2003-07-16,0.387,0.564,0.75,0.948,0.162,0.941,0.273,0.089,0.005
2003-07-17,0.382,0.555,0.76,0.948,0.166,0.943,0.281,0.09,0.002
2003-07-18,0.379,0.541,0.791,0.941,0.168,0.943,0.257,0.086,0.003
2003-07-19,0.38,0.535,0.782,0.922,0.156,0.941,0.243,0.061,0.003
2003-07-20,0.376,0.522,0.756,0.922,0.124,0.941,0.204,0.066,0.001
2003-07-21,0.355,0.523,0.627,0.929,0.144,0.945,0.237,0.061,0.001
2003-07-22,0.353,0.512,0.675,0.916,0.131,0.935,0.202,0.039,0.002
2003-07-23,0.342,0.493,0.667,0.922,0.126,0.918,0.161,0.012,0.005
2003-07-24,0.336,0.48,0.653,0.888,0.126,0.917,0.15,0.013,0.002
2003-07-25,0.314,0.458,0.659,0.874,0.112,0.913,0.117,0.014,0.005
2003-07-26,0.274,0.469,0.677,0.916,0.133,0.929,0.136,0.012,0.011
2003-07-27,0.276,0.465,0.656,0.899,0.13,0.924,0.104,0.016,0.006
2003-07-28,0.261,0.458,0.672,0.859,0.112,0.928,0.081,0.017,0.011
2003-07-29,0.283,0.444,0.654,0.868,0.102,0.914,0.075,0.006,0.008
2003-07-30,0.273,0.435,0.656,0.869,0.104,0.912,0.096,0.014,0.005
2003-07-31,0.247,0.421,0.623,0.851,0.094,0.911,0.097,0.01,0.004
2003-08-01,0.236,0.409,0.597,0.798,0.097,0.914,0.105,0.013,0.003
2003-08-02,0.249,0.397,0.561,0.798,0.079,0.906,0.106,0.011,0.002
2003-08-03,0.26,0.388,0.545,0.736,0.09,0.895,0.089,0.004,0.001
2003-08-04,0.252,0.387,0.54,0.78,0.064,0.891,0.059,0.01,0.002
2003-08-05,0.233,0.402,0.495,0.753,0.076,0.885,0.068,0.007,0.002
2003-08-06,0.251,0.399,0.477,0.716,0.075,0.881,0.068,0.002,0.002
2003-08-07,0.238,0.384,0.466,0.642,0.064,0.867,0.077,0.005,0.004
2003-08-08,0.2,0.385,0.486,0.578,0.046,0.862,0.059,0.007,0.002
2003-08-09,0.189,0.375,0.485,0.605,0.032,0.843,0.066,0.004,0.003
2003-08-10,0.137,0.361,0.493,0.661,0.039,0.841,0.062,0.025,0.001
2003-08-11,0.179,0.356,0.506,0.663,0.04,0.85,0.055,0.004,0.002
2003-08-12,0.177,0.356,0.493,0.654,0.049,0.847,0.059,0.009,0.002
2003-08-13,0.162,0.358,0.479,0.629,0.047,0.849,0.058,0.004,0.004
2003-08-14,0.139,0.363,0.485,0.62,0.045,0.845,0.059,0.008,0.003
2003-08-15,0.125,0.362,0.491,0.608,0.033,0.826,0.059,0.0,0.004
2003-08-16,0.101,0.354,0.493,0.62,0.028,0.807,0.072,0.005,0.003
2003-08-17,0.099,0.354,0.491,0.621,0.024,0.812,0.057,0.005,0.002
2003-08-18,0.082,0.344,0.492,0.614,0.026,0.835,0.055,0.011,0.002
2003-08-19,0.081,0.328,0.49,0.59,0.018,0.846,0.056,0.001,0.002
2003-08-20,0.097,0.325,0.487,0.568,0.013,0.848,0.072,0.0,0.002
2003-08-21,0.09,0.338,0.474,0.57,0.01,0.849,0.063,0.052,0.002
2003-08-22,0.088,0.337,0.469,0.552,0.009,0.843,0.058,0.002,0.004
2003-08-23,0.073,0.336,0.472,0.549,0.008,0.84,0.058,0.005,0.004
2003-08-24,0.075,0.327,0.474,0.544,0.01,0.832,0.066,0.001,0.004
2003-08-25,0.075,0.328,0.461,0.532,0.011,0.823,0.073,0.003,0.004
2003-08-26,0.073,0.333,0.473,0.523,0.013,0.822,0.072,0.019,0.004
2003-08-27,0.071,0.34,0.479,0.502,0.013,0.798,0.078,0.018,0.003
2003-08-28,0.068,0.34,0.479,0.497,0.012,0.797,0.071,0.006,0.008
2003-08-29,0.058,0.337,0.487,0.493,0.008,0.819,0.07,0.019,0.004
2003-08-30,0.065,0.331,0.474,0.502,0.009,0.809,0.08,0.002,0.007
2003-08-31,0.057,0.341,0.441,0.472,0.009,0.783,0.072,0.004,0.004
2003-09-01,0.039,0.337,0.427,0.454,0.008,0.764,0.066,0.001,0.0
2003-09-02,0.037,0.34,0.418,0.448,0.01,0.782,0.064,0.002,0.0
2003-09-03,0.047,0.326,0.424,0.43,0.008,0.787,0.064,0.001,0.0
2003-09-04,0.056,0.318,0.419,0.419,0.008,0.778,0.066,0.0,0.0
2003-09-05,0.068,0.316,0.427,0.408,0.008,0.778,0.066,0.001,0.0
2003-09-06,0.048,0.316,0.429,0.403,0.004,0.772,0.066,0.0,0.0
2003-09-07,0.041,0.318,0.45,0.404,0.002,0.756,0.066,0.0,0.0
2003-09-08,0.049,0.319,0.453,0.417,0.002,0.745,0.066,0.002,0.0
2003-09-09,0.047,0.316,0.464,0.418,0.002,0.729,0.066,0.005,0.0
2003-09-10,0.054,0.318,0.464,0.424,0.001,0.708,0.066,0.009,0.0
2003-09-11,0.053,0.313,0.48,0.439,0.001,0.694,0.065,0.009,0.0
2003-09-12,0.055,0.308,0.47,0.475,0.001,0.693,0.066,0.004,0.0
2003-09-13,0.077,0.307,0.473,0.512,0.001,0.7,0.071,0.005,0.0
2003-09-14,0.062,0.309,0.46,0.47,0.001,0.707,0.076,0.0,0.0
2003-09-15,0.06,0.303,0.453,0.452,0.001,0.712,0.066,0.001,0.0
2003-09-16,0.062,0.297,0.441,0.437,0.001,0.706,0.072,0.003,0.0
2003-09-17,0.066,0.31,0.436,0.417,0.001,0.703,0.076,0.004,0.0
2003-09-18,0.083,0.311,0.432,0.416,0.001,0.707,0.076,0.001,0.0
2003-09-19,0.109,0.319,0.422,0.419,0.001,0.717,0.07,0.005,0.0
2003-09-20,0.144,0.324,0.42,0.413,0.001,0.725,0.072,0.005,0.0
2003-09-21,0.116,0.315,0.432,0.394,0.001,0.725,0.07,0.003,0.0
2003-09-22,0.115,0.306,0.425,0.386,0.001,0.719,0.072,0.002,0.0
2003-09-23,0.124,0.311,0.412,0.38,0.001,0.738,0.072,0.002,0.0
2003-09-24,0.121,0.311,0.432,0.38,0.001,0.731,0.076,0.003,0.0
2003-09-25,0.143,0.318,0.443,0.383,0.001,0.741,0.07,0.003,0.0
2003-09-26,0.173,0.298,0.408,0.378,0.001,0.761,0.076,0.002,0.0
2003-09-27,0.185,0.298,0.423,0.386,0.001,0.771,0.092,0.001,0.0
2003-09-28,0.189,0.299,0.435,0.378,0.001,0.78,0.076,0.0,0.0
2003-09-29,0.212,0.302,0.467,0.379,0.001,0.786,0.076,0.0,0.0
2003-09-30,0.196,0.316,0.466,0.398,0.001,0.773,0.076,0.0,0.0
2004-03-01,0.677,0.799,1.0,1.0,0.896,0.998,0.986,1.0,0.703
2004-03-02,0.669,0.803,1.0,1.0,0.883,1.0,0.992,1.0,0.694
2004-03-03,0.632,0.809,1.0,1.0,0.866,1.0,1.0,1.0,0.679
2004-03-04,0.625,0.809,1.0,0.999,0.876,0.999,1.0,1.0,0.688
2004-03-05,0.64,0.802,1.0,1.0,0.883,1.0,1.0,1.0,0.701
2004-03-06,0.666,0.796,1.0,1.0,0.895,1.0,0.999,1.0,0.721
2004-03-07,0.663,0.795,1.0,1.0,0.917,1.0,1.0,1.0,0.731
2004-03-08,0.66,0.799,1.0,1.0,0.921,1.0,1.0,1.0,0.734
2004-03-09,0.669,0.793,1.0,1.0,0.92,1.0,1.0,1.0,0.747
2004-03-10,0.67,0.795,1.0,1.0,0.921,1.0,0.998,1.0,0.763
2004-03-11,0.665,0.775,1.0,1.0,0.925,1.0,1.0,1.0,0.736
2004-03-12,0.658,0.777,1.0,1.0,0.93,1.0,1.0,1.0,0.676
2004-03-13,0.649,0.774,1.0,1.0,0.923,1.0,1.0,1.0,0.657
2004-03-14,0.653,0.766,1.0,1.0,0.913,1.0,1.0,1.0,0.665
2004-03-15,0.651,0.763,1.0,1.0,0.913,1.0,1.0,1.0,0.671
2004-03-16,0.668,0.763,1.0,1.0,0.918,1.0,1.0,1.0,0.659
2004-03-17,0.667,0.768,1.0,1.0,0.934,1.0,1.0,1.0,0.624
2004-03-18,0.65,0.777,1.0,1.0,0.941,1.0,1.0,1.0,0.602
2004-03-19,0.642,0.779,1.0,1.0,0.94,1.0,1.0,1.0,0.589
2004-03-20,0.643,0.779,1.0,1.0,0.93,1.0,1.0,1.0,0.601
2004-03-21,0.63,0.778,0.998,1.0,0.926,1.0,1.0,1.0,0.615
2004-03-22,0.623,0.778,1.0,1.0,0.919,1.0,1.0,1.0,0.617
2004-03-23,0.612,0.779,1.0,1.0,0.921,1.0,1.0,1.0,0.627
2004-03-24,0.615,0.778,1.0,1.0,0.931,1.0,1.0,1.0,0.646
2004-03-25,0.616,0.782,1.0,1.0,0.94,1.0,1.0,1.0,0.652
2004-03-26,0.64,0.778,1.0,1.0,0.946,1.0,0.99,1.0,0.668
2004-03-27,0.645,0.762,1.0,1.0,0.948,1.0,0.988,1.0,0.638
2004-03-28,0.651,0.757,1.0,1.0,0.952,1.0,0.993,1.0,0.618
2004-03-29,0.629,0.77,1.0,1.0,0.954,1.0,0.988,1.0,0.609
2004-03-30,0.602,0.787,1.0,1.0,0.953,1.0,0.994,1.0,0.602
2004-03-31,0.552,0.801,1.0,1.0,0.956,1.0,0.992,1.0,0.6
2004-04-01,0.539,0.801,1.0,1.0,0.963,1.0,0.994,1.0,0.583
2004-04-02,0.543,0.778,1.0,1.0,0.966,1.0,0.984,0.998,0.556
2004-04-03,0.529,0.77,1.0,1.0,0.974,1.0,0.988,1.0,0.537
2004-04-04,0.533,0.776,1.0,1.0,0.976,1.0,0.994,1.0,0.53
2004-04-05,0.546,0.76,1.0,1.0,0.977,1.0,0.986,1.0,0.518
2004-04-06,0.543,0.765,1.0,1.0,0.979,1.0,0.988,1.0,0.511
2004-04-07,0.552,0.765,1.0,1.0,0.976,1.0,0.994,1.0,0.5
2004-04-08,0.579,0.769,1.0,1.0,0.97,1.0,0.989,1.0,0.503
2004-04-09,0.567,0.769,1.0,1.0,0.966,1.0,0.993,1.0,0.497
2004-04-10,0.547,0.755,1.0,1.0,0.953,1.0,0.995,1.0,0.503
2004-04-11,0.543,0.739,1.0,0.999,0.935,1.0,0.998,1.0,0.478
2004-04-12,0.564,0.731,1.0,1.0,0.92,1.0,0.995,1.0,0.458
2004-04-13,0.52,0.728,1.0,1.0,0.9,1.0,0.999,1.0,0.445
2004-04-14,0.512,0.727,1.0,1.0,0.871,1.0,0.999,1.0,0.44
2004-04-15,0.499,0.733,0.998,1.0,0.837,1.0,0.99,1.0,0.421
2004-04-16,0.495,0.741,1.0,1.0,0.813,1.0,0.983,1.0,0.421
2004-04-17,0.471,0.738,1.0,1.0,0.781,1.0,0.994,1.0,0.42
2004-04-18,0.459,0.74,1.0,1.0,0.759,1.0,0.984,1.0,0.415
2004-04-19,0.444,0.744,1.0,1.0,0.744,1.0,0.982,1.0,0.408
2004-04-20,0.41,0.753,1.0,1.0,0.735,1.0,0.982,1.0,0.394
2004-04-21,0.397,0.749,1.0,1.0,0.741,1.0,0.982,1.0,0.356
2004-04-22,0.392,0.748,1.0,1.0,0.732,1.0,0.98,1.0,0.339
2004-04-23,0.389,0.747,1.0,1.0,0.747,1.0,0.981,1.0,0.317
2004-04-24,0.393,0.745,1.0,1.0,0.764,1.0,0.984,1.0,0.33
2004-04-25,0.386,0.747,1.0,1.0,0.769,1.0,0.983,1.0,0.313
2004-04-26,0.392,0.744,1.0,1.0,0.751,1.0,0.984,1.0,0.314
2004-04-27,0.394,0.732,1.0,1.0,0.734,1.0,0.983,1.0,0.329
2004-04-28,0.412,0.727,1.0,1.0,0.729,1.0,0.981,1.0,0.311
2004-04-29,0.417,0.725,1.0,1.0,0.708,1.0,0.984,1.0,0.304
2004-04-30,0.424,0.722,1.0,1.0,0.7,1.0,0.984,1.0,0.285
2004-05-01,0.425,0.723,1.0,1.0,0.696,1.0,0.981,1.0,0.271
2004-05-02,0.42,0.722,1.0,1.0,0.685,1.0,0.983,1.0,0.273
2004-05-03,0.417,0.719,1.0,1.0,0.673,1.0,0.982,1.0,0.255
2004-05-04,0.421,0.71,1.0,1.0,0.664,1.0,0.979,1.0,0.238
2004-05-05,0.414,0.699,1.0,1.0,0.578,1.0,0.978,1.0,0.211
2004-05-06,0.4,0.685,1.0,1.0,0.574,1.0,0.975,1.0,0.197
2004-05-07,0.397,0.696,1.0,1.0,0.557,1.0,0.973,1.0,0.2
2004-05-08,0.388,0.701,1.0,1.0,0.578,1.0,0.976,1.0,0.192
2004-05-09,0.391,0.706,1.0,1.0,0.554,1.0,0.965,1.0,0.174
2004-05-10,0.391,0.717,1.0,1.0,0.558,1.0,0.951,1.0,0.164
2004-05-11,0.387,0.718,1.0,1.0,0.546,1.0,0.96,1.0,0.142
2004-05-12,0.387,0.725,1.0,1.0,0.535,1.0,0.951,1.0,0.098
2004-05-13,0.384,0.72,1.0,1.0,0.523,1.0,0.941,0.999,0.097
2004-05-14,0.381,0.718,1.0,1.0,0.522,1.0,0.953,1.0,0.089
2004-05-15,0.386,0.714,0.999,1.0,0.519,1.0,0.953,0.997,0.095
2004-05-16,0.389,0.707,1.0,1.0,0.51,1.0,0.947,0.999,0.094
2004-05-17,0.396,0.71,1.0,0.999,0.501,1.0,0.924,0.998,0.09
2004-05-18,0.391,0.692,1.0,1.0,0.482,1.0,0.93,0.996,0.086
2004-05-19,0.387,0.681,1.0,1.0,0.492,1.0,0.918,0.977,0.092
2004-05-20,0.391,0.675,1.0,1.0,0.494,1.0,0.907,0.972,0.077
2004-05-21,0.397,0.669,1.0,1.0,0.482,1.0,0.9,0.959,0.084
2004-05-22,0.408,0.662,1.0,1.0,0.483,1.0,0.893,0.957,0.095
2004-05-23,0.406,0.657,1.0,1.0,0.466,1.0,0.877,0.972,0.085
2004-05-24,0.405,0.655,1.0,0.999,0.458,1.0,0.875,0.98,0.079
2004-05-25,0.412,0.654,1.0,1.0,0.476,1.0,0.867,0.995,0.063
2004-05-26,0.418,0.653,0.999,1.0,0.467,1.0,0.854,0.993,0.08
2004-05-27,0.426,0.656,1.0,1.0,0.471,1.0,0.868,0.993,0.081
2004-05-28,0.429,0.648,1.0,1.0,0.459,1.0,0.867,0.993,0.071
2004-05-29,0.435,0.65,1.0,1.0,0.454,1.0,0.868,0.987,0.071
2004-05-30,0.431,0.647,1.0,1.0,0.443,1.0,0.864,0.977,0.068
2004-05-31,0.433,0.654,1.0,1.0,0.443,1.0,0.868,0.951,0.067
2004-06-01,0.436,0.656,1.0,1.0,0.412,1.0,0.86,0.951,0.065
2004-06-02,0.428,0.655,1.0,1.0,0.409,1.0,0.848,0.949,0.056
2004-06-03,0.421,0.654,1.0,1.0,0.402,0.999,0.828,0.957,0.042
2004-06-04,0.428,0.656,1.0,1.0,0.389,0.998,0.803,0.969,0.058
2004-06-05,0.415,0.656,1.0,1.0,0.383,0.997,0.809,0.969,0.054
2004-06-06,0.421,0.664,1.0,0.996,0.369,0.996,0.814,0.971,0.034
2004-06-07,0.427,0.65,1.0,1.0,0.36,0.994,0.813,0.97,0.033
2004-06-08,0.435,0.647,1.0,1.0,0.349,0.995,0.812,0.957,0.032
2004-06-09,0.446,0.644,1.0,1.0,0.349,0.997,0.807,0.943,0.031
2004-06-10,0.435,0.642,1.0,1.0,0.336,0.997,0.802,0.945,0.034
2004-06-11,0.425,0.64,1.0,1.0,0.336,0.996,0.8,0.932,0.038
2004-06-12,0.426,0.639,1.0,1.0,0.329,0.99,0.792,0.945,0.035
2004-06-13,0.42,0.632,1.0,1.0,0.324,0.987,0.782,0.922,0.029
2004-06-14,0.413,0.615,1.0,1.0,0.32,0.988,0.782,0.911,0.028
2004-06-15,0.404,0.604,1.0,1.0,0.312,0.987,0.784,0.913,0.013
2004-06-16,0.412,0.599,1.0,1.0,0.312,0.985,0.778,0.905,0.014
2004-06-17,0.406,0.592,1.0,1.0,0.305,0.971,0.778,0.909,0.027
2004-06-18,0.404,0.582,1.0,1.0,0.304,0.954,0.777,0.902,0.014
2004-06-19,0.395,0.572,0.999,1.0,0.302,0.985,0.774,0.892,0.014
2004-06-20,0.408,0.562,0.996,1.0,0.301,0.978,0.769,0.881,0.014
2004-06-21,0.399,0.538,0.989,1.0,0.3,0.971,0.73,0.879,0.011
2004-06-22,0.403,0.539,0.984,1.0,0.298,0.967,0.75,0.88,0.013
2004-06-23,0.39,0.533,0.991,1.0,0.293,0.96,0.728,0.868,0.023
2004-06-24,0.396,0.522,0.993,1.0,0.288,0.926,0.708,0.858,0.009
2004-06-25,0.393,0.521,0.993,1.0,0.286,0.929,0.69,0.856,0.013
2004-06-26,0.394,0.526,0.992,1.0,0.279,0.925,0.683,0.832,0.024
2004-06-27,0.387,0.518,0.992,0.999,0.272,0.951,0.676,0.824,0.028
2004-06-28,0.391,0.521,0.991,0.999,0.264,0.956,0.664,0.804,0.011
2004-06-29,0.378,0.513,0.993,1.0,0.259,0.958,0.676,0.819,0.011
2004-06-30,0.379,0.519,0.993,0.998,0.266,0.965,0.668,0.796,0.009
2004-07-01,0.391,0.508,0.995,0.997,0.248,0.957,0.67,0.78,0.005
2004-07-02,0.378,0.491,0.994,0.998,0.228,0.948,0.668,0.773,0.006
2004-07-03,0.372,0.489,0.993,0.997,0.221,0.938,0.664,0.711,0.006
2004-07-04,0.372,0.477,0.982,0.995,0.222,0.93,0.627,0.7,0.007
2004-07-05,0.382,0.46,0.985,0.996,0.226,0.911,0.599,0.69,0.008
2004-07-06,0.376,0.468,0.988,0.994,0.226,0.917,0.585,0.693,0.007
2004-07-07,0.365,0.479,0.993,0.993,0.232,0.929,0.563,0.645,0.006
2004-07-08,0.359,0.467,0.992,0.991,0.222,0.936,0.557,0.615,0.005
2004-07-09,0.348,0.455,0.989,0.99,0.219,0.936,0.564,0.6,0.006
2004-07-10,0.363,0.441,0.992,0.992,0.21,0.93,0.541,0.616,0.005
2004-07-11,0.353,0.437,0.993,0.991,0.204,0.937,0.523,0.57,0.003
2004-07-12,0.356,0.406,0.993,0.99,0.218,0.935,0.501,0.513,0.011
2004-07-13,0.36,0.378,0.995,0.99,0.215,0.94,0.509,0.479,0.008
2004-07-14,0.353,0.361,0.994,0.99,0.211,0.927,0.469,0.425,0.002
2004-07-15,0.364,0.363,0.993,0.988,0.199,0.924,0.487,0.446,0.003
2004-07-16,0.349,0.365,0.99,0.988,0.188,0.927,0.472,0.465,0.004
2004-07-17,0.355,0.348,0.99,0.987,0.179,0.922,0.445,0.432,0.003
2004-07-18,0.35,0.301,0.986,0.987,0.18,0.905,0.421,0.385,0.006
2004-07-19,0.334,0.294,0.983,0.991,0.189,0.891,0.438,0.463,0.011
2004-07-20,0.31,0.291,0.988,0.988,0.19,0.884,0.458,0.42,0.005
2004-07-21,0.311,0.291,0.979,0.987,0.187,0.891,0.415,0.36,0.002
2004-07-22,0.304,0.294,0.985,0.988,0.165,0.902,0.399,0.367,0.004
2004-07-23,0.289,0.29,0.985,0.982,0.161,0.888,0.414,0.364,0.004
2004-07-24,0.245,0.289,0.983,0.981,0.159,0.875,0.422,0.336,0.005
2004-07-25,0.247,0.289,0.983,0.985,0.161,0.877,0.42,0.341,0.005
2004-07-26,0.272,0.28,0.983,0.991,0.129,0.873,0.383,0.301,0.006
2004-07-27,0.254,0.244,0.988,0.985,0.133,0.865,0.356,0.166,0.005
2004-07-28,0.234,0.24,0.989,0.975,0.144,0.86,0.361,0.19,0.001
2004-07-29,0.265,0.242,0.979,0.971,0.152,0.88,0.339,0.21,0.003
2004-07-30,0.262,0.23,0.974,0.973,0.124,0.873,0.324,0.169,0.006
2004-07-31,0.256,0.233,0.976,0.965,0.141,0.854,0.276,0.144,0.007
2004-08-01,0.251,0.221,0.978,0.959,0.132,0.858,0.316,0.123,0.004
2004-08-02,0.226,0.2,0.974,0.94,0.101,0.858,0.309,0.14,0.004
2004-08-03,0.224,0.21,0.975,0.93,0.072,0.859,0.266,0.132,0.003
2004-08-04,0.2,0.203,0.965,0.934,0.062,0.846,0.279,0.14,0.007
2004-08-05,0.181,0.186,0.959,0.942,0.071,0.837,0.278,0.115,0.004
2004-08-06,0.208,0.176,0.949,0.941,0.025,0.825,0.211,0.089,0.001
2004-08-07,0.213,0.178,0.941,0.879,0.005,0.795,0.242,0.056,0.003
2004-08-08,0.181,0.186,0.903,0.904,0.01,0.779,0.212,0.063,0.003
2004-08-09,0.178,0.176,0.86,0.881,0.023,0.764,0.185,0.087,0.004
2004-08-10,0.196,0.18,0.858,0.854,0.025,0.771,0.191,0.1,0.003
2004-08-11,0.192,0.183,0.86,0.822,0.009,0.783,0.153,0.079,0.004
2004-08-12,0.192,0.184,0.821,0.801,0.012,0.79,0.142,0.071,0.004
2004-08-13,0.177,0.181,0.791,0.734,0.009,0.77,0.158,0.07,0.004
2004-08-14,0.175,0.181,0.802,0.691,0.002,0.773,0.128,0.059,0.004
2004-08-15,0.168,0.185,0.819,0.645,0.002,0.776,0.125,0.045,0.007
2004-08-16,0.145,0.188,0.814,0.592,0.002,0.75,0.115,0.048,0.004
2004-08-17,0.137,0.182,0.786,0.626,0.002,0.723,0.112,0.053,0.004
2004-08-18,0.146,0.177,0.77,0.641,0.002,0.725,0.109,0.034,0.003
2004-08-19,0.145,0.175,0.761,0.621,0.002,0.723,0.106,0.028,0.004
2004-08-20,0.142,0.169,0.743,0.592,0.002,0.731,0.093,0.012,0.004
2004-08-21,0.154,0.166,0.694,0.576,0.002,0.72,0.112,0.024,0.003
2004-08-22,0.138,0.156,0.68,0.556,0.002,0.707,0.103,0.021,0.003
2004-08-23,0.136,0.149,0.674,0.537,0.002,0.73,0.086,0.017,0.002
2004-08-24,0.129,0.152,0.658,0.595,0.002,0.732,0.069,0.02,0.004
2004-08-25,0.129,0.153,0.662,0.587,0.001,0.734,0.06,0.004,0.004
2004-08-26,0.134,0.155,0.661,0.551,0.001,0.735,0.077,0.009,0.002
2004-08-27,0.12,0.154,0.665,0.527,0.002,0.736,0.076,0.003,0.002
2004-08-28,0.117,0.155,0.675,0.504,0.002,0.718,0.075,0.003,0.003
2004-08-29,0.118,0.149,0.676,0.496,0.002,0.705,0.076,0.011,0.003
2004-08-30,0.122,0.162,0.674,0.5,0.002,0.706,0.076,0.009,0.004
2004-08-31,0.124,0.157,0.68,0.491,0.002,0.69,0.071,0.003,0.001
2004-09-01,0.112,0.152,0.681,0.499,0.001,0.675,0.074,0.002,0.0
2004-09-02,0.126,0.153,0.685,0.499,0.001,0.685,0.073,0.003,0.0
2004-09-03,0.107,0.154,0.68,0.504,0.001,0.671,0.075,0.008,0.0
2004-09-04,0.128,0.154,0.677,0.506,0.001,0.672,0.076,0.005,0.0
2004-09-05,0.123,0.151,0.684,0.49,0.001,0.659,0.076,0.007,0.0
2004-09-06,0.108,0.152,0.694,0.487,0.001,0.656,0.076,0.005,0.0
2004-09-07,0.12,0.152,0.697,0.49,0.001,0.647,0.076,0.02,0.0
2004-09-08,0.116,0.141,0.7,0.486,0.001,0.648,0.076,0.003,0.0
2004-09-09,0.135,0.145,0.691,0.496,0.001,0.643,0.076,0.003,0.0
2004-09-10,0.121,0.142,0.658,0.498,0.001,0.64,0.077,0.0,0.0
2004-09-11,0.118,0.139,0.638,0.492,0.001,0.658,0.076,0.002,0.0
2004-09-12,0.127,0.143,0.631,0.48,0.001,0.672,0.087,0.002,0.0
2004-09-13,0.128,0.138,0.63,0.482,0.003,0.682,0.076,0.005,0.0
2004-09-14,0.111,0.133,0.612,0.491,0.001,0.696,0.076,0.0,0.0
2004-09-15,0.136,0.137,0.604,0.494,0.001,0.714,0.078,0.001,0.0
2004-09-16,0.134,0.132,0.609,0.463,0.001,0.71,0.076,0.002,0.0
2004-09-17,0.121,0.136,0.607,0.452,0.001,0.71,0.089,0.002,0.0
2004-09-18,0.12,0.137,0.61,0.437,0.001,0.711,0.092,0.002,0.0
2004-09-19,0.122,0.139,0.608,0.434,0.001,0.699,0.094,0.001,0.0
2004-09-20,0.122,0.146,0.601,0.434,0.001,0.692,0.09,0.0,0.0
2004-09-21,0.134,0.149,0.605,0.455,0.001,0.697,0.076,0.012,0.0
2004-09-22,0.139,0.149,0.608,0.48,0.001,0.698,0.076,0.0,0.0
2004-09-23,0.145,0.151,0.63,0.508,0.001,0.704,0.076,0.0,0.0
2004-09-24,0.152,0.152,0.658,0.566,0.001,0.707,0.076,0.0,0.0
2004-09-25,0.162,0.145,0.685,0.592,0.001,0.71,0.076,0.0,0.0
2004-09-26,0.166,0.14,0.712,0.602,0.001,0.717,0.076,0.001,0.0
2004-09-27,0.158,0.147,0.696,0.613,0.001,0.722,0.083,0.0,0.0
2004-09-28,0.157,0.142,0.714,0.636,0.001,0.728,0.098,0.0,0.0
2004-09-29,0.173,0.136,0.73,0.65,0.001,0.745,0.099,0.0,0.0
2004-09-30,0.186,0.133,0.772,0.654,0.001,0.754,0.108,0.0,0.0
2005-03-01,0.632,0.726,1.0,1.0,0.886,1.0,0.994,1.0,0.616
2005-03-02,0.618,0.72,1.0,1.0,0.896,1.0,0.984,1.0,0.591
2005-03-03,0.635,0.73,1.0,1.0,0.902,1.0,0.989,1.0,0.583
2005-03-04,0.63,0.735,1.0,1.0,0.906,1.0,0.986,1.0,0.588
2005-03-05,0.632,0.722,1.0,0.999,0.902,1.0,0.964,1.0,0.59
2005-03-06,0.639,0.712,1.0,0.999,0.908,1.0,0.989,1.0,0.642
2005-03-07,0.632,0.714,1.0,0.999,0.899,1.0,0.967,1.0,0.608
2005-03-08,0.645,0.72,1.0,1.0,0.901,1.0,0.962,1.0,0.604
2005-03-09,0.645,0.727,1.0,1.0,0.91,1.0,0.962,1.0,0.606
2005-03-10,0.662,0.733,1.0,1.0,0.903,1.0,0.962,1.0,0.601
2005-03-11,0.654,0.739,1.0,1.0,0.902,1.0,0.975,1.0,0.604
2005-03-12,0.647,0.75,1.0,1.0,0.896,1.0,0.978,1.0,0.61
2005-03-13,0.642,0.745,1.0,1.0,0.875,1.0,0.967,1.0,0.604
2005-03-14,0.628,0.739,1.0,1.0,0.859,1.0,0.961,1.0,0.586
2005-03-15,0.63,0.744,1.0,0.998,0.841,1.0,0.969,1.0,0.584
2005-03-16,0.622,0.747,1.0,1.0,0.834,1.0,0.983,1.0,0.601
2005-03-17,0.607,0.755,1.0,1.0,0.828,1.0,0.98,1.0,0.586
2005-03-18,0.594,0.761,1.0,1.0,0.817,1.0,0.982,1.0,0.593
2005-03-19,0.595,0.76,1.0,1.0,0.796,1.0,0.986,1.0,0.584
2005-03-20,0.583,0.761,1.0,1.0,0.799,1.0,0.986,1.0,0.586
2005-03-21,0.579,0.76,1.0,1.0,0.811,1.0,0.985,1.0,0.583
2005-03-22,0.581,0.754,1.0,1.0,0.84,1.0,0.993,1.0,0.571
2005-03-23,0.584,0.747,1.0,1.0,0.862,1.0,0.995,1.0,0.542
2005-03-24,0.594,0.745,1.0,1.0,0.868,1.0,1.0,1.0,0.524
2005-03-25,0.588,0.745,1.0,1.0,0.863,1.0,0.997,1.0,0.513
2005-03-26,0.575,0.756,1.0,1.0,0.873,1.0,0.997,1.0,0.51
2005-03-27,0.604,0.754,1.0,1.0,0.878,1.0,0.993,1.0,0.498
2005-03-28,0.602,0.752,1.0,1.0,0.882,1.0,0.983,1.0,0.51
2005-03-29,0.61,0.74,1.0,1.0,0.891,1.0,0.982,1.0,0.516
2005-03-30,0.616,0.738,1.0,1.0,0.901,1.0,0.988,1.0,0.501
2005-03-31,0.613,0.742,1.0,1.0,0.908,1.0,0.992,1.0,0.506
2005-04-01,0.62,0.741,1.0,1.0,0.91,1.0,0.993,1.0,0.519
2005-04-02,0.611,0.738,0.998,0.999,0.905,1.0,0.981,0.999,0.526
2005-04-03,0.611,0.751,0.999,1.0,0.908,1.0,0.978,1.0,0.526
2005-04-04,0.611,0.749,1.0,0.998,0.917,1.0,0.98,1.0,0.505
2005-04-05,0.614,0.754,1.0,1.0,0.917,1.0,0.984,0.995,0.499
2005-04-06,0.595,0.754,1.0,1.0,0.916,1.0,0.984,1.0,0.491
2005-04-07,0.609,0.758,1.0,1.0,0.928,1.0,0.98,1.0,0.485
2005-04-08,0.578,0.76,1.0,1.0,0.933,1.0,0.975,1.0,0.481
2005-04-09,0.565,0.761,1.0,1.0,0.931,1.0,0.975,1.0,0.474
2005-04-10,0.557,0.758,1.0,1.0,0.933,1.0,0.978,1.0,0.468
2005-04-11,0.558,0.749,0.996,1.0,0.932,1.0,0.974,0.997,0.464
2005-04-12,0.562,0.748,1.0,1.0,0.925,1.0,0.977,1.0,0.458
2005-04-13,0.558,0.748,1.0,1.0,0.912,1.0,0.975,0.997,0.448
2005-04-14,0.556,0.755,1.0,0.999,0.909,1.0,0.98,1.0,0.443
2005-04-15,0.551,0.749,1.0,1.0,0.912,1.0,0.981,1.0,0.431
2005-04-16,0.544,0.75,1.0,1.0,0.908,1.0,0.986,0.999,0.437
2005-04-17,0.556,0.746,1.0,1.0,0.908,1.0,0.984,1.0,0.427
2005-04-18,0.551,0.748,1.0,1.0,0.914,1.0,0.988,1.0,0.423
2005-04-19,0.558,0.746,1.0,1.0,0.922,1.0,0.987,1.0,0.426
2005-04-20,0.556,0.741,1.0,1.0,0.927,1.0,0.987,1.0,0.424
2005-04-21,0.571,0.747,1.0,1.0,0.932,1.0,0.983,1.0,0.418
2005-04-22,0.586,0.739,1.0,1.0,0.936,1.0,0.98,1.0,0.399
2005-04-23,0.594,0.736,0.998,1.0,0.924,1.0,0.978,1.0,0.403
2005-04-24,0.596,0.732,1.0,1.0,0.901,1.0,0.976,1.0,0.406
2005-04-25,0.594,0.738,0.999,1.0,0.858,1.0,0.974,1.0,0.391
2005-04-26,0.592,0.74,1.0,1.0,0.839,1.0,0.973,1.0,0.399
2005-04-27,0.585,0.745,1.0,1.0,0.785,1.0,0.974,1.0,0.382
2005-04-28,0.579,0.743,1.0,1.0,0.792,1.0,0.973,1.0,0.366
2005-04-29,0.582,0.746,1.0,1.0,0.777,1.0,0.978,1.0,0.358
2005-04-30,0.573,0.742,1.0,1.0,0.78,1.0,0.978,1.0,0.337
2005-05-01,0.556,0.741,1.0,1.0,0.776,1.0,0.976,1.0,0.301
2005-05-02,0.546,0.738,1.0,1.0,0.761,1.0,0.978,1.0,0.285
2005-05-03,0.531,0.734,1.0,1.0,0.763,1.0,0.976,1.0,0.281
2005-05-04,0.526,0.73,1.0,1.0,0.744,1.0,0.972,1.0,0.264
2005-05-05,0.518,0.726,1.0,1.0,0.742,1.0,0.971,1.0,0.261
2005-05-06,0.508,0.724,1.0,1.0,0.727,1.0,0.972,1.0,0.258
2005-05-07,0.505,0.731,1.0,1.0,0.719,1.0,0.968,1.0,0.257
2005-05-08,0.503,0.733,1.0,1.0,0.708,1.0,0.965,1.0,0.248
2005-05-09,0.509,0.729,1.0,1.0,0.7,1.0,0.967,0.994,0.248
2005-05-10,0.495,0.721,1.0,1.0,0.676,1.0,0.967,0.997,0.241
2005-05-11,0.499,0.713,0.999,1.0,0.672,1.0,0.964,0.995,0.23
2005-05-12,0.503,0.711,1.0,1.0,0.665,1.0,0.965,0.997,0.222
2005-05-13,0.521,0.71,1.0,1.0,0.663,1.0,0.963,0.996,0.222
2005-05-14,0.56,0.705,1.0,1.0,0.655,1.0,0.965,0.997,0.218
2005-05-15,0.548,0.694,1.0,1.0,0.645,1.0,0.966,1.0,0.219
2005-05-16,0.52,0.698,1.0,1.0,0.623,1.0,0.967,0.999,0.216
2005-05-17,0.523,0.699,1.0,1.0,0.619,1.0,0.967,0.997,0.207
2005-05-18,0.529,0.705,1.0,1.0,0.618,1.0,0.971,0.995,0.196
2005-05-19,0.524,0.708,1.0,1.0,0.614,0.999,0.968,0.994,0.184
2005-05-20,0.525,0.713,0.999,1.0,0.598,0.998,0.966,0.997,0.183
2005-05-21,0.522,0.711,0.997,0.999,0.589,0.994,0.963,0.999,0.165
2005-05-22,0.516,0.703,0.99,1.0,0.573,0.994,0.956,0.999,0.144
2005-05-23,0.509,0.694,0.983,1.0,0.564,0.991,0.96,0.967,0.134
2005-05-24,0.503,0.686,0.983,1.0,0.543,0.99,0.956,0.995,0.121
2005-05-25,0.505,0.68,0.98,1.0,0.538,0.99,0.954,0.992,0.113
2005-05-26,0.51,0.668,0.978,1.0,0.52,0.99,0.949,0.991,0.113
2005-05-27,0.508,0.663,0.977,1.0,0.51,0.988,0.945,0.982,0.115
2005-05-28,0.505,0.658,0.979,1.0,0.498,0.986,0.942,0.965,0.107
2005-05-29,0.517,0.657,0.974,1.0,0.488,0.983,0.942,0.983,0.081
2005-05-30,0.527,0.657,0.977,1.0,0.474,0.978,0.934,0.965,0.089
2005-05-31,0.528,0.64,0.979,1.0,0.457,0.976,0.932,0.953,0.087
2005-06-01,0.524,0.632,0.977,1.0,0.445,0.969,0.925,0.923,0.075
2005-06-02,0.527,0.621,0.97,1.0,0.419,0.968,0.909,0.917,0.083
2005-06-03,0.526,0.614,0.962,1.0,0.406,0.965,0.906,0.912,0.07
2005-06-04,0.518,0.608,0.963,0.998,0.382,0.965,0.887,0.909,0.08
2005-06-05,0.513,0.6,0.961,0.995,0.376,0.962,0.874,0.9,0.063
2005-06-06,0.522,0.596,0.964,0.992,0.372,0.962,0.863,0.868,0.065
2005-06-07,0.527,0.585,0.967,0.993,0.366,0.961,0.859,0.872,0.064
2005-06-08,0.522,0.576,0.965,0.992,0.349,0.954,0.858,0.867,0.06
2005-06-09,0.522,0.574,0.969,0.992,0.347,0.956,0.85,0.884,0.059
2005-06-10,0.527,0.573,0.961,0.995,0.346,0.949,0.835,0.861,0.056
2005-06-11,0.532,0.58,0.95,0.991,0.335,0.949,0.837,0.809,0.057
2005-06-12,0.54,0.58,0.941,0.991,0.317,0.948,0.851,0.806,0.046
2005-06-13,0.539,0.583,0.922,0.988,0.308,0.95,0.854,0.827,0.04
2005-06-14,0.543,0.583,0.905,0.984,0.304,0.95,0.839,0.836,0.037
2005-06-15,0.538,0.583,0.892,0.986,0.304,0.95,0.838,0.814,0.036
2005-06-16,0.534,0.578,0.883,0.982,0.292,0.947,0.839,0.783,0.049
2005-06-17,0.516,0.566,0.88,0.984,0.29,0.945,0.818,0.781,0.05
2005-06-18,0.512,0.55,0.887,0.984,0.28,0.946,0.815,0.712,0.048
2005-06-19,0.508,0.542,0.884,0.99,0.26,0.942,0.817,0.713,0.029
2005-06-20,0.495,0.543,0.886,0.987,0.259,0.938,0.812,0.728,0.034
2005-06-21,0.462,0.541,0.881,0.984,0.253,0.942,0.805,0.722,0.029
2005-06-22,0.471,0.537,0.884,0.982,0.251,0.944,0.797,0.685,0.027
2005-06-23,0.459,0.53,0.888,0.982,0.241,0.944,0.779,0.647,0.036
2005-06-24,0.47,0.508,0.895,0.978,0.232,0.945,0.777,0.631,0.04
2005-06-25,0.461,0.497,0.892,0.974,0.215,0.943,0.779,0.639,0.035
2005-06-26,0.457,0.484,0.894,0.976,0.207,0.944,0.765,0.602,0.035
2005-06-27,0.452,0.471,0.894,0.973,0.198,0.948,0.727,0.535,0.031
2005-06-28,0.449,0.452,0.88,0.977,0.189,0.941,0.732,0.565,0.021
2005-06-29,0.463,0.469,0.867,0.974,0.196,0.931,0.725,0.482,0.016
2005-06-30,0.448,0.477,0.856,0.978,0.208,0.943,0.713,0.455,0.028
2005-07-01,0.448,0.472,0.837,0.974,0.209,0.948,0.698,0.437,0.012
2005-07-02,0.452,0.473,0.825,0.974,0.206,0.942,0.698,0.35,0.015
2005-07-03,0.452,0.466,0.814,0.971,0.22,0.95,0.659,0.379,0.034
2005-07-04,0.44,0.458,0.813,0.969,0.209,0.949,0.653,0.358,0.033
2005-07-05,0.438,0.439,0.809,0.961,0.21,0.949,0.617,0.287,0.03
2005-07-06,0.422,0.428,0.82,0.969,0.212,0.938,0.604,0.114,0.008
2005-07-07,0.414,0.402,0.824,0.979,0.209,0.947,0.589,0.047,0.007
2005-07-08,0.41,0.405,0.811,0.978,0.212,0.936,0.558,0.037,0.011
2005-07-09,0.421,0.399,0.816,0.979,0.212,0.935,0.552,0.039,0.005
2005-07-10,0.423,0.388,0.796,0.981,0.215,0.923,0.536,0.021,0.012
2005-07-11,0.429,0.385,0.791,0.984,0.218,0.93,0.506,0.023,0.005
2005-07-12,0.435,0.375,0.785,0.982,0.21,0.939,0.519,0.035,0.0
2005-07-13,0.435,0.365,0.79,0.973,0.204,0.938,0.505,0.024,0.001
2005-07-14,0.438,0.359,0.785,0.978,0.196,0.941,0.495,0.031,0.001
2005-07-15,0.433,0.347,0.781,0.979,0.196,0.938,0.473,0.012,0.001
2005-07-16,0.418,0.341,0.757,0.973,0.193,0.916,0.418,0.006,0.005
2005-07-17,0.416,0.332,0.742,0.977,0.187,0.918,0.372,0.007,0.003
2005-07-18,0.41,0.32,0.661,0.981,0.177,0.91,0.362,0.021,0.005
2005-07-19,0.406,0.309,0.661,0.958,0.169,0.909,0.36,0.038,0.001
2005-07-20,0.406,0.305,0.634,0.938,0.17,0.914,0.358,0.031,0.002
2005-07-21,0.37,0.289,0.589,0.86,0.167,0.913,0.339,0.009,0.004
2005-07-22,0.404,0.272,0.601,0.808,0.148,0.915,0.294,0.012,0.005
2005-07-23,0.393,0.268,0.621,0.817,0.145,0.919,0.283,0.012,0.003
2005-07-24,0.395,0.252,0.604,0.792,0.143,0.919,0.292,0.006,0.004
2005-07-25,0.388,0.241,0.583,0.79,0.128,0.92,0.315,0.003,0.002
2005-07-26,0.374,0.244,0.539,0.779,0.124,0.913,0.314,0.003,0.008
2005-07-27,0.37,0.23,0.533,0.76,0.111,0.904,0.261,0.005,0.005
2005-07-28,0.359,0.232,0.528,0.76,0.103,0.9,0.262,0.005,0.002
2005-07-29,0.355,0.224,0.525,0.726,0.099,0.902,0.255,0.005,0.005
2005-07-30,0.34,0.224,0.491,0.685,0.084,0.897,0.229,0.003,0.003
2005-07-31,0.351,0.225,0.455,0.648,0.076,0.901,0.26,0.004,0.003
2005-08-01,0.34,0.212,0.474,0.649,0.064,0.902,0.236,0.005,0.002
2005-08-02,0.337,0.201,0.466,0.651,0.059,0.905,0.214,0.005,0.0
2005-08-03,0.334,0.197,0.466,0.641,0.058,0.908,0.196,0.007,0.001
2005-08-04,0.333,0.195,0.454,0.649,0.05,0.904,0.183,0.009,0.001
2005-08-05,0.315,0.187,0.453,0.639,0.045,0.9,0.128,0.007,0.004
2005-08-06,0.322,0.188,0.448,0.625,0.024,0.893,0.129,0.002,0.004
2005-08-07,0.32,0.181,0.443,0.619,0.017,0.876,0.109,0.007,0.003
2005-08-08,0.315,0.175,0.417,0.629,0.018,0.881,0.111,0.012,0.004
2005-08-09,0.306,0.169,0.414,0.623,0.016,0.855,0.115,0.002,0.002
2005-08-10,0.274,0.163,0.404,0.582,0.011,0.857,0.104,0.009,0.0
2005-08-11,0.296,0.16,0.391,0.565,0.007,0.85,0.104,0.003,0.0
2005-08-12,0.294,0.146,0.403,0.562,0.005,0.848,0.093,0.003,0.001
2005-08-13,0.287,0.141,0.395,0.586,0.004,0.849,0.079,0.002,0.002
2005-08-14,0.283,0.138,0.386,0.593,0.005,0.862,0.043,0.002,0.002
2005-08-15,0.281,0.134,0.368,0.586,0.006,0.868,0.035,0.0,0.001
2005-08-16,0.27,0.135,0.347,0.562,0.007,0.875,0.035,0.0,0.003
2005-08-17,0.277,0.14,0.321,0.531,0.006,0.88,0.035,0.002,0.004
2005-08-18,0.277,0.135,0.29,0.504,0.005,0.885,0.036,0.001,0.004
2005-08-19,0.27,0.132,0.249,0.49,0.004,0.887,0.038,0.001,0.004
2005-08-20,0.278,0.136,0.263,0.481,0.003,0.891,0.04,0.0,0.002
2005-08-21,0.264,0.13,0.272,0.496,0.002,0.885,0.036,0.002,0.004
2005-08-22,0.266,0.13,0.275,0.492,0.002,0.892,0.049,0.009,0.004
2005-08-23,0.27,0.122,0.271,0.478,0.002,0.889,0.046,0.008,0.004
2005-08-24,0.274,0.129,0.275,0.472,0.002,0.862,0.057,0.003,0.004
2005-08-25,0.262,0.125,0.262,0.463,0.002,0.87,0.034,0.002,0.002
2005-08-26,0.258,0.121,0.257,0.453,0.003,0.88,0.041,0.005,0.002
2005-08-27,0.244,0.128,0.27,0.449,0.003,0.882,0.045,0.004,0.002
2005-08-28,0.236,0.117,0.273,0.439,0.002,0.885,0.054,0.004,0.004
2005-08-29,0.242,0.117,0.276,0.436,0.002,0.872,0.044,0.003,0.003
2005-08-30,0.241,0.111,0.28,0.43,0.001,0.862,0.036,0.007,0.004
2005-08-31,0.245,0.111,0.285,0.43,0.002,0.869,0.041,0.007,0.004
2005-09-01,0.23,0.109,0.264,0.423,0.001,0.871,0.043,0.002,0.0
2005-09-02,0.234,0.107,0.282,0.411,0.001,0.867,0.076,0.003,0.0
2005-09-03,0.232,0.102,0.272,0.419,0.001,0.863,0.085,0.001,0.0
2005-09-04,0.242,0.106,0.255,0.433,0.001,0.86,0.059,0.0,0.0
2005-09-05,0.251,0.107,0.262,0.431,0.001,0.859,0.06,0.007,0.0
2005-09-06,0.26,0.103,0.282,0.429,0.001,0.861,0.046,0.003,0.0
2005-09-07,0.27,0.098,0.257,0.432,0.001,0.848,0.038,0.002,0.0
2005-09-08,0.269,0.101,0.251,0.434,0.003,0.843,0.058,0.003,0.0
2005-09-09,0.268,0.112,0.238,0.437,0.001,0.848,0.05,0.002,0.0
2005-09-10,0.276,0.112,0.213,0.432,0.001,0.845,0.041,0.002,0.0
2005-09-11,0.296,0.107,0.187,0.418,0.005,0.839,0.037,0.001,0.0
2005-09-12,0.307,0.105,0.153,0.406,0.003,0.837,0.046,0.001,0.0
2005-09-13,0.311,0.104,0.163,0.402,0.002,0.827,0.062,0.0,0.0
2005-09-14,0.317,0.095,0.19,0.404,0.003,0.816,0.065,0.0,0.0
2005-09-15,0.317,0.084,0.179,0.401,0.006,0.815,0.062,0.001,0.0
2005-09-16,0.321,0.087,0.182,0.394,0.004,0.814,0.053,0.002,0.0
2005-09-17,0.319,0.084,0.155,0.389,0.004,0.806,0.049,0.003,0.0
2005-09-18,0.328,0.082,0.115,0.39,0.006,0.801,0.054,0.0,0.0
2005-09-19,0.33,0.073,0.108,0.386,0.008,0.795,0.066,0.005,0.0
2005-09-20,0.327,0.071,0.095,0.384,0.005,0.793,0.069,0.0,0.0
2005-09-21,0.332,0.073,0.054,0.381,0.007,0.796,0.069,0.0,0.0
2005-09-22,0.323,0.078,0.041,0.371,0.003,0.793,0.071,0.001,0.0
2005-09-23,0.332,0.075,0.061,0.369,0.006,0.792,0.072,0.0,0.0
2005-09-24,0.367,0.086,0.086,0.377,0.003,0.789,0.076,0.0,0.0
2005-09-25,0.323,0.091,0.085,0.37,0.003,0.785,0.089,0.002,0.0
2005-09-26,0.319,0.103,0.096,0.371,0.003,0.792,0.096,0.0,0.0
2005-09-27,0.327,0.109,0.134,0.353,0.003,0.794,0.103,0.0,0.0
2005-09-28,0.331,0.115,0.149,0.35,0.004,0.797,0.111,0.0,0.0
2005-09-29,0.337,0.129,0.161,0.382,0.004,0.795,0.106,0.0,0.0
2005-09-30,0.355,0.131,0.202,0.387,0.006,0.798,0.108,0.001,0.0
2006-03-01,0.524,0.707,1.0,1.0,0.862,1.0,0.98,0.978,0.578
2006-03-02,0.527,0.714,1.0,1.0,0.859,1.0,0.976,0.999,0.615
2006-03-03,0.537,0.71,1.0,0.999,0.861,1.0,0.98,1.0,0.617
2006-03-04,0.537,0.711,0.998,1.0,0.859,1.0,0.975,1.0,0.638
2006-03-05,0.533,0.708,1.0,1.0,0.867,1.0,0.987,1.0,0.661
2006-03-06,0.526,0.712,1.0,1.0,0.885,1.0,0.986,1.0,0.648
2006-03-07,0.519,0.715,1.0,1.0,0.902,1.0,0.996,1.0,0.656
2006-03-08,0.514,0.708,1.0,1.0,0.916,1.0,1.0,1.0,0.667
2006-03-09,0.514,0.706,1.0,1.0,0.906,1.0,1.0,1.0,0.693
2006-03-10,0.501,0.711,1.0,1.0,0.896,1.0,1.0,1.0,0.718
2006-03-11,0.506,0.706,1.0,1.0,0.882,1.0,1.0,1.0,0.713
2006-03-12,0.501,0.718,1.0,1.0,0.887,1.0,1.0,1.0,0.695
2006-03-13,0.486,0.718,1.0,1.0,0.876,1.0,1.0,1.0,0.637
2006-03-14,0.495,0.706,1.0,1.0,0.868,1.0,1.0,1.0,0.611
2006-03-15,0.51,0.696,1.0,1.0,0.853,1.0,1.0,1.0,0.608
2006-03-16,0.496,0.699,1.0,1.0,0.851,1.0,1.0,1.0,0.614
2006-03-17,0.509,0.716,1.0,1.0,0.853,1.0,1.0,1.0,0.595
2006-03-18,0.531,0.729,1.0,1.0,0.845,0.999,0.992,1.0,0.586
2006-03-19,0.529,0.741,1.0,1.0,0.842,1.0,0.991,1.0,0.58
2006-03-20,0.539,0.754,1.0,1.0,0.866,1.0,0.993,1.0,0.562
2006-03-21,0.543,0.75,1.0,1.0,0.887,1.0,0.993,1.0,0.539
2006-03-22,0.539,0.75,1.0,1.0,0.896,1.0,0.993,0.999,0.513
2006-03-23,0.524,0.729,1.0,1.0,0.887,1.0,1.0,0.997,0.511
2006-03-24,0.515,0.716,1.0,1.0,0.897,1.0,1.0,1.0,0.503
2006-03-25,0.499,0.713,0.999,1.0,0.896,1.0,0.991,1.0,0.503
2006-03-26,0.51,0.724,1.0,0.997,0.895,1.0,0.979,1.0,0.503
2006-03-27,0.503,0.725,1.0,1.0,0.887,1.0,0.975,1.0,0.503
2006-03-28,0.493,0.732,1.0,1.0,0.882,1.0,0.972,0.998,0.515
2006-03-29,0.49,0.738,1.0,1.0,0.882,1.0,0.969,1.0,0.526
2006-03-30,0.497,0.741,1.0,0.997,0.879,1.0,0.96,0.993,0.527
2006-03-31,0.501,0.745,0.999,1.0,0.883,1.0,0.96,1.0,0.539
2006-04-01,0.505,0.746,0.999,1.0,0.883,1.0,0.964,1.0,0.534
2006-04-02,0.507,0.741,1.0,1.0,0.886,1.0,0.965,0.999,0.536
2006-04-03,0.515,0.729,1.0,1.0,0.896,1.0,0.966,1.0,0.539
2006-04-04,0.52,0.717,1.0,1.0,0.919,1.0,0.962,0.996,0.538
2006-04-05,0.519,0.7,1.0,1.0,0.92,1.0,0.973,1.0,0.543
2006-04-06,0.515,0.694,1.0,0.999,0.918,1.0,0.975,1.0,0.533
2006-04-07,0.504,0.689,1.0,1.0,0.912,1.0,0.977,1.0,0.508
2006-04-08,0.504,0.682,1.0,1.0,0.894,1.0,0.973,1.0,0.505
2006-04-09,0.502,0.673,1.0,1.0,0.887,1.0,0.967,1.0,0.511
2006-04-10,0.502,0.667,0.998,1.0,0.888,1.0,0.968,1.0,0.524
2006-04-11,0.503,0.659,1.0,0.995,0.885,1.0,0.977,1.0,0.506
2006-04-12,0.484,0.657,1.0,1.0,0.892,1.0,0.975,1.0,0.506
2006-04-13,0.478,0.658,1.0,1.0,0.909,1.0,0.979,1.0,0.495
2006-04-14,0.474,0.656,1.0,1.0,0.919,1.0,0.981,1.0,0.495
2006-04-15,0.471,0.649,1.0,1.0,0.917,1.0,0.982,1.0,0.501
2006-04-16,0.467,0.649,1.0,1.0,0.914,1.0,0.986,1.0,0.507
2006-04-17,0.467,0.656,1.0,1.0,0.913,1.0,0.982,1.0,0.5
2006-04-18,0.465,0.659,1.0,1.0,0.927,1.0,0.984,1.0,0.495
2006-04-19,0.458,0.655,1.0,1.0,0.928,1.0,0.98,1.0,0.501
2006-04-20,0.456,0.661,1.0,1.0,0.937,1.0,0.989,1.0,0.498
2006-04-21,0.455,0.667,1.0,1.0,0.942,1.0,0.986,1.0,0.473
2006-04-22,0.453,0.67,1.0,1.0,0.95,1.0,0.981,1.0,0.464
2006-04-23,0.44,0.662,1.0,1.0,0.95,1.0,0.982,0.999,0.444
2006-04-24,0.432,0.65,1.0,1.0,0.95,1.0,0.993,1.0,0.437
2006-04-25,0.427,0.635,1.0,1.0,0.943,1.0,0.991,1.0,0.433
2006-04-26,0.424,0.623,1.0,1.0,0.951,1.0,0.995,1.0,0.417
2006-04-27,0.423,0.607,1.0,1.0,0.952,1.0,0.986,1.0,0.401
2006-04-28,0.441,0.591,1.0,1.0,0.958,1.0,0.979,1.0,0.392
2006-04-29,0.451,0.575,0.999,1.0,0.961,1.0,0.978,1.0,0.377
2006-04-30,0.446,0.556,1.0,1.0,0.962,1.0,0.976,1.0,0.353
2006-05-01,0.425,0.538,1.0,1.0,0.957,1.0,0.974,1.0,0.341
2006-05-02,0.442,0.53,1.0,1.0,0.943,1.0,0.974,1.0,0.335
2006-05-03,0.438,0.54,1.0,1.0,0.951,1.0,0.975,1.0,0.319
2006-05-04,0.429,0.524,1.0,1.0,0.934,1.0,0.974,1.0,0.312
2006-05-05,0.415,0.517,1.0,1.0,0.92,1.0,0.971,0.998,0.286
2006-05-06,0.422,0.503,1.0,1.0,0.93,1.0,0.975,0.998,0.292
2006-05-07,0.459,0.498,1.0,1.0,0.938,1.0,0.974,0.997,0.268
2006-05-08,0.457,0.508,1.0,1.0,0.94,0.998,0.974,0.995,0.241
2006-05-09,0.455,0.513,1.0,1.0,0.942,1.0,0.967,0.999,0.23
2006-05-10,0.457,0.52,0.998,0.999,0.94,1.0,0.972,0.997,0.212
2006-05-11,0.453,0.524,0.999,1.0,0.919,1.0,0.973,0.995,0.191
2006-05-12,0.453,0.538,0.999,1.0,0.9,1.0,0.956,0.994,0.174
2006-05-13,0.449,0.546,1.0,0.999,0.871,1.0,0.955,0.989,0.172
2006-05-14,0.441,0.553,0.997,1.0,0.86,1.0,0.958,0.997,0.146
2006-05-15,0.436,0.553,1.0,1.0,0.859,1.0,0.936,0.994,0.14
2006-05-16,0.448,0.558,0.998,1.0,0.835,1.0,0.936,0.99,0.145
2006-05-17,0.457,0.558,1.0,1.0,0.802,1.0,0.93,0.993,0.13
2006-05-18,0.46,0.566,1.0,1.0,0.78,1.0,0.927,0.989,0.118
2006-05-19,0.454,0.554,1.0,1.0,0.768,1.0,0.919,0.989,0.121
2006-05-20,0.45,0.555,1.0,1.0,0.762,0.999,0.911,0.985,0.107
2006-05-21,0.44,0.549,1.0,1.0,0.75,1.0,0.903,0.973,0.105
2006-05-22,0.435,0.548,1.0,1.0,0.737,1.0,0.901,0.964,0.104
2006-05-23,0.435,0.547,1.0,1.0,0.722,1.0,0.901,0.957,0.089
2006-05-24,0.424,0.547,1.0,1.0,0.71,1.0,0.894,0.969,0.088
2006-05-25,0.408,0.545,1.0,1.0,0.696,0.999,0.877,0.959,0.09
2006-05-26,0.408,0.54,1.0,1.0,0.669,1.0,0.87,0.945,0.08
2006-05-27,0.413,0.534,1.0,1.0,0.643,1.0,0.875,0.949,0.076
2006-05-28,0.419,0.535,1.0,0.994,0.64,1.0,0.849,0.937,0.07
2006-05-29,0.425,0.545,0.999,1.0,0.614,1.0,0.839,0.938,0.072
2006-05-30,0.436,0.54,1.0,1.0,0.609,1.0,0.837,0.9,0.067
2006-05-31,0.445,0.539,1.0,1.0,0.591,1.0,0.828,0.952,0.074
2006-06-01,0.441,0.539,0.999,0.999,0.558,1.0,0.824,0.928,0.069
2006-06-02,0.44,0.537,1.0,1.0,0.556,1.0,0.813,0.908,0.069
2006-06-03,0.442,0.534,1.0,1.0,0.552,1.0,0.8,0.914,0.062
2006-06-04,0.453,0.525,1.0,1.0,0.551,1.0,0.794,0.899,0.057
2006-06-05,0.457,0.529,1.0,1.0,0.54,1.0,0.777,0.902,0.06
2006-06-06,0.464,0.525,1.0,1.0,0.503,1.0,0.746,0.861,0.059
2006-06-07,0.459,0.52,0.997,1.0,0.499,1.0,0.765,0.822,0.056
2006-06-08,0.46,0.517,0.998,1.0,0.495,1.0,0.763,0.809,0.053
2006-06-09,0.457,0.51,1.0,0.999,0.475,1.0,0.743,0.802,0.043
2006-06-10,0.45,0.508,0.999,0.998,0.451,1.0,0.742,0.795,0.035
2006-06-11,0.458,0.497,1.0,1.0,0.451,1.0,0.737,0.794,0.014
2006-06-12,0.433,0.488,0.998,0.999,0.444,1.0,0.706,0.766,0.027
2006-06-13,0.427,0.493,0.998,0.999,0.438,1.0,0.7,0.748,0.029
2006-06-14,0.433,0.487,0.988,1.0,0.426,0.999,0.684,0.715,0.014
2006-06-15,0.425,0.478,0.983,1.0,0.415,1.0,0.672,0.68,0.014
2006-06-16,0.43,0.472,0.957,1.0,0.428,1.0,0.678,0.73,0.018
2006-06-17,0.427,0.471,0.983,1.0,0.421,1.0,0.667,0.696,0.015
2006-06-18,0.433,0.465,0.972,1.0,0.403,1.0,0.633,0.641,0.019
2006-06-19,0.444,0.455,0.972,1.0,0.396,1.0,0.647,0.661,0.017
2006-06-20,0.427,0.442,0.971,1.0,0.389,1.0,0.624,0.64,0.022
2006-06-21,0.421,0.438,0.96,1.0,0.383,1.0,0.635,0.56,0.016
2006-06-22,0.426,0.431,0.969,1.0,0.375,1.0,0.593,0.548,0.015
2006-06-23,0.433,0.43,0.972,0.999,0.376,1.0,0.562,0.498,0.014
2006-06-24,0.423,0.386,0.976,1.0,0.351,1.0,0.534,0.43,0.011
2006-06-25,0.418,0.398,0.979,1.0,0.34,1.0,0.528,0.398,0.014
2006-06-26,0.416,0.399,0.965,1.0,0.335,0.997,0.522,0.333,0.014
2006-06-27,0.42,0.39,0.97,1.0,0.333,1.0,0.483,0.302,0.011
2006-06-28,0.424,0.377,0.979,1.0,0.332,1.0,0.503,0.277,0.009
2006-06-29,0.421,0.371,0.983,1.0,0.319,0.998,0.48,0.276,0.013
2006-06-30,0.413,0.375,0.984,1.0,0.318,0.996,0.451,0.259,0.014
2006-07-01,0.392,0.365,0.98,1.0,0.304,0.994,0.432,0.213,0.005
2006-07-02,0.378,0.345,0.982,1.0,0.289,0.997,0.391,0.176,0.004
2006-07-03,0.388,0.333,0.975,1.0,0.279,0.995,0.411,0.186,0.005
2006-07-04,0.397,0.322,0.97,1.0,0.259,0.993,0.419,0.135,0.002
2006-07-05,0.385,0.27,0.964,1.0,0.257,0.992,0.362,0.12,0.006
2006-07-06,0.392,0.306,0.918,1.0,0.283,0.993,0.378,0.13,0.008
2006-07-07,0.391,0.295,0.913,1.0,0.275,0.993,0.362,0.175,0.012
2006-07-08,0.39,0.276,0.86,0.989,0.262,0.991,0.344,0.086,0.009
2006-07-09,0.385,0.272,0.779,0.979,0.262,0.992,0.319,0.108,0.006
2006-07-10,0.382,0.258,0.77,0.96,0.265,0.996,0.319,0.082,0.006
2006-07-11,0.395,0.246,0.808,0.958,0.255,0.993,0.331,0.094,0.002
2006-07-12,0.382,0.228,0.874,0.948,0.259,0.991,0.324,0.033,0.007
2006-07-13,0.383,0.228,0.876,0.936,0.249,0.992,0.31,0.034,0.007
2006-07-14,0.382,0.226,0.862,0.95,0.245,0.993,0.284,0.008,0.01
2006-07-15,0.379,0.215,0.866,0.963,0.244,0.992,0.275,0.033,0.008
2006-07-16,0.385,0.215,0.836,0.967,0.23,0.992,0.23,0.041,0.003
2006-07-17,0.382,0.205,0.805,0.959,0.234,0.99,0.226,0.068,0.002
2006-07-18,0.389,0.195,0.79,0.961,0.224,0.987,0.192,0.031,0.008
2006-07-19,0.389,0.194,0.779,0.956,0.213,0.984,0.173,0.007,0.004
2006-07-20,0.382,0.182,0.776,0.959,0.213,0.989,0.174,0.034,0.002
2006-07-21,0.388,0.189,0.634,0.959,0.216,0.976,0.217,0.048,0.003
2006-07-22,0.393,0.184,0.629,0.931,0.187,0.982,0.216,0.018,0.004
2006-07-23,0.389,0.185,0.644,0.935,0.167,0.987,0.169,0.004,0.006
2006-07-24,0.389,0.186,0.635,0.937,0.177,0.985,0.203,0.003,0.003
2006-07-25,0.378,0.17,0.576,0.935,0.177,0.976,0.159,0.003,0.004
2006-07-26,0.387,0.167,0.592,0.933,0.176,0.964,0.173,0.003,0.005
2006-07-27,0.382,0.173,0.573,0.931,0.186,0.951,0.16,0.002,0.002
2006-07-28,0.365,0.186,0.568,0.922,0.172,0.946,0.133,0.027,0.005
2006-07-29,0.346,0.182,0.522,0.917,0.158,0.937,0.126,0.008,0.003
2006-07-30,0.342,0.172,0.492,0.908,0.17,0.93,0.118,0.002,0.001
2006-07-31,0.363,0.176,0.414,0.863,0.172,0.924,0.125,0.003,0.002
2006-08-01,0.355,0.188,0.466,0.86,0.162,0.921,0.105,0.01,0.001
2006-08-02,0.341,0.172,0.465,0.835,0.157,0.921,0.11,0.003,0.002
2006-08-03,0.349,0.164,0.442,0.824,0.158,0.923,0.092,0.0,0.002
2006-08-04,0.317,0.16,0.422,0.805,0.153,0.92,0.062,0.003,0.0
2006-08-05,0.306,0.158,0.385,0.806,0.144,0.916,0.066,0.002,0.001
2006-08-06,0.267,0.161,0.369,0.807,0.13,0.916,0.073,0.005,0.0
2006-08-07,0.273,0.152,0.368,0.815,0.122,0.916,0.063,0.002,0.0
2006-08-08,0.265,0.14,0.36,0.806,0.128,0.911,0.062,0.0,0.002
2006-08-09,0.273,0.131,0.362,0.791,0.119,0.916,0.065,0.0,0.002
2006-08-10,0.277,0.141,0.348,0.779,0.118,0.917,0.091,0.003,0.004
2006-08-11,0.271,0.138,0.342,0.765,0.124,0.908,0.073,0.0,0.0
2006-08-12,0.279,0.136,0.342,0.745,0.118,0.907,0.069,0.003,0.0
2006-08-13,0.278,0.136,0.342,0.716,0.111,0.901,0.068,0.005,0.001
2006-08-14,0.279,0.135,0.347,0.695,0.103,0.893,0.056,0.003,0.001
2006-08-15,0.278,0.146,0.342,0.709,0.106,0.887,0.072,0.003,0.001
2006-08-16,0.258,0.144,0.328,0.699,0.108,0.88,0.071,0.0,0.004
2006-08-17,0.259,0.151,0.305,0.699,0.107,0.883,0.056,0.001,0.002
2006-08-18,0.244,0.147,0.281,0.672,0.11,0.891,0.035,0.0,0.002
2006-08-19,0.235,0.148,0.281,0.626,0.106,0.884,0.042,0.002,0.001
2006-08-20,0.256,0.138,0.278,0.602,0.101,0.867,0.027,0.0,0.001
2006-08-21,0.251,0.143,0.27,0.597,0.097,0.865,0.04,0.009,0.004
2006-08-22,0.238,0.144,0.262,0.605,0.097,0.85,0.038,0.0,0.004
2006-08-23,0.235,0.143,0.254,0.594,0.099,0.856,0.034,0.001,0.004
2006-08-24,0.217,0.144,0.242,0.588,0.097,0.866,0.038,0.001,0.011
2006-08-25,0.22,0.139,0.241,0.599,0.098,0.865,0.038,0.003,0.002
2006-08-26,0.209,0.139,0.233,0.596,0.104,0.865,0.049,0.006,0.0
2006-08-27,0.225,0.142,0.232,0.598,0.1,0.864,0.04,0.0,0.001
2006-08-28,0.221,0.136,0.229,0.589,0.099,0.858,0.041,0.003,0.001
2006-08-29,0.23,0.14,0.231,0.579,0.095,0.853,0.042,0.003,0.004
2006-08-30,0.242,0.142,0.255,0.582,0.094,0.848,0.045,0.0,0.004
2006-08-31,0.234,0.148,0.259,0.576,0.099,0.852,0.05,0.004,0.004
2006-09-01,0.236,0.149,0.28,0.573,0.09,0.845,0.045,0.003,0.0
2006-09-02,0.238,0.16,0.311,0.569,0.09,0.841,0.046,0.007,0.0
2006-09-03,0.233,0.147,0.3,0.561,0.082,0.838,0.052,0.005,0.0
2006-09-04,0.237,0.147,0.314,0.544,0.049,0.816,0.04,0.002,0.0
2006-09-05,0.234,0.15,0.314,0.54,0.063,0.823,0.042,0.002,0.0
2006-09-06,0.24,0.158,0.322,0.561,0.062,0.816,0.033,0.0,0.0
2006-09-07,0.257,0.165,0.34,0.56,0.061,0.821,0.037,0.001,0.0
2006-09-08,0.256,0.17,0.342,0.552,0.062,0.801,0.045,0.001,0.0
2006-09-09,0.262,0.177,0.347,0.541,0.048,0.782,0.044,0.002,0.0
2006-09-10,0.247,0.172,0.342,0.528,0.053,0.789,0.036,0.004,0.0
2006-09-11,0.257,0.168,0.361,0.524,0.051,0.789,0.034,0.005,0.0
2006-09-12,0.249,0.171,0.366,0.5,0.043,0.777,0.033,0.004,0.0
2006-09-13,0.248,0.166,0.365,0.473,0.018,0.764,0.032,0.001,0.0
2006-09-14,0.241,0.169,0.356,0.483,0.022,0.751,0.033,0.0,0.0
2006-09-15,0.228,0.176,0.353,0.48,0.022,0.745,0.065,0.0,0.0
2006-09-16,0.233,0.183,0.367,0.462,0.016,0.745,0.069,0.001,0.0
2006-09-17,0.231,0.185,0.376,0.469,0.02,0.753,0.09,0.001,0.0
2006-09-18,0.26,0.187,0.37,0.489,0.023,0.759,0.088,0.0,0.0
2006-09-19,0.279,0.189,0.366,0.46,0.024,0.768,0.098,0.0,0.0
2006-09-20,0.268,0.186,0.366,0.445,0.025,0.761,0.093,0.001,0.0
2006-09-21,0.301,0.191,0.358,0.443,0.023,0.755,0.096,0.0,0.0
2006-09-22,0.289,0.19,0.351,0.437,0.025,0.764,0.108,0.0,0.0
2006-09-23,0.314,0.195,0.356,0.434,0.024,0.766,0.108,0.0,0.0
2006-09-24,0.34,0.201,0.375,0.433,0.029,0.765,0.111,0.001,0.0
2006-09-25,0.334,0.205,0.376,0.439,0.032,0.771,0.111,0.001,0.0
2006-09-26,0.344,0.212,0.368,0.434,0.026,0.767,0.104,0.003,0.0
2006-09-27,0.333,0.213,0.366,0.437,0.023,0.763,0.1,0.0,0.0
2006-09-28,0.332,0.21,0.353,0.448,0.02,0.748,0.1,0.0,0.0
2006-09-29,0.339,0.205,0.334,0.459,0.02,0.744,0.102,0.0,0.0
2006-09-30,0.342,0.207,0.326,0.483,0.018,0.739,0.099,0.0,0.0
2007-03-01,0.55,0.713,1.0,1.0,0.899,1.0,0.987,1.0,0.816
2007-03-02,0.519,0.698,1.0,1.0,0.896,1.0,0.994,1.0,0.813
2007-03-03,0.514,0.687,1.0,1.0,0.895,1.0,1.0,1.0,0.82
2007-03-04,0.512,0.689,1.0,1.0,0.899,1.0,1.0,1.0,0.846
2007-03-05,0.509,0.688,1.0,1.0,0.898,1.0,1.0,1.0,0.849
2007-03-06,0.506,0.687,1.0,1.0,0.895,1.0,1.0,1.0,0.816
2007-03-07,0.481,0.673,1.0,1.0,0.903,1.0,1.0,1.0,0.777
2007-03-08,0.478,0.669,1.0,1.0,0.92,1.0,1.0,1.0,0.771
2007-03-09,0.487,0.669,1.0,1.0,0.935,1.0,1.0,1.0,0.761
2007-03-10,0.465,0.664,1.0,1.0,0.949,1.0,1.0,1.0,0.768
2007-03-11,0.46,0.66,1.0,1.0,0.954,1.0,1.0,1.0,0.761
2007-03-12,0.466,0.659,1.0,1.0,0.954,1.0,1.0,1.0,0.746
2007-03-13,0.468,0.658,1.0,1.0,0.948,1.0,1.0,1.0,0.729
2007-03-14,0.454,0.661,1.0,1.0,0.942,1.0,1.0,1.0,0.691
2007-03-15,0.475,0.66,1.0,1.0,0.946,1.0,1.0,1.0,0.661
2007-03-16,0.484,0.661,1.0,1.0,0.954,1.0,1.0,1.0,0.639
2007-03-17,0.493,0.658,1.0,1.0,0.959,1.0,1.0,1.0,0.625
2007-03-18,0.493,0.645,1.0,1.0,0.971,1.0,1.0,1.0,0.61
2007-03-19,0.477,0.648,1.0,1.0,0.974,1.0,1.0,1.0,0.599
2007-03-20,0.481,0.651,1.0,1.0,0.973,1.0,0.99,1.0,0.591
2007-03-21,0.489,0.643,1.0,1.0,0.987,1.0,0.987,1.0,0.594
2007-03-22,0.484,0.64,1.0,1.0,0.985,1.0,0.995,1.0,0.588
2007-03-23,0.498,0.632,1.0,1.0,0.98,1.0,0.998,1.0,0.603
2007-03-24,0.51,0.615,1.0,1.0,0.977,1.0,0.999,1.0,0.617
2007-03-25,0.509,0.605,1.0,1.0,0.975,1.0,1.0,1.0,0.615
2007-03-26,0.502,0.615,1.0,1.0,0.983,1.0,1.0,1.0,0.596
2007-03-27,0.51,0.618,1.0,1.0,0.985,1.0,1.0,1.0,0.581
2007-03-28,0.518,0.626,1.0,1.0,0.969,1.0,0.98,1.0,0.58
2007-03-29,0.522,0.634,1.0,1.0,0.954,1.0,0.985,1.0,0.584
2007-03-30,0.538,0.631,1.0,1.0,0.94,1.0,0.981,1.0,0.591
2007-03-31,0.524,0.647,1.0,1.0,0.916,1.0,0.985,1.0,0.602
2007-04-01,0.533,0.66,1.0,1.0,0.895,1.0,0.985,1.0,0.607
2007-04-02,0.519,0.671,1.0,1.0,0.886,1.0,0.983,1.0,0.579
2007-04-03,0.531,0.685,1.0,1.0,0.885,1.0,0.982,1.0,0.538
2007-04-04,0.556,0.687,1.0,1.0,0.893,1.0,1.0,1.0,0.508
2007-04-05,0.536,0.694,1.0,1.0,0.915,1.0,1.0,1.0,0.486
2007-04-06,0.539,0.686,1.0,1.0,0.944,1.0,1.0,1.0,0.495
2007-04-07,0.539,0.673,1.0,1.0,0.947,1.0,1.0,1.0,0.484
2007-04-08,0.537,0.673,1.0,1.0,0.957,1.0,1.0,1.0,0.478
2007-04-09,0.537,0.672,1.0,1.0,0.956,1.0,1.0,1.0,0.463
2007-04-10,0.541,0.672,1.0,1.0,0.95,1.0,1.0,1.0,0.451
2007-04-11,0.539,0.67,1.0,1.0,0.948,1.0,1.0,1.0,0.435
2007-04-12,0.536,0.657,1.0,1.0,0.949,1.0,1.0,1.0,0.417
2007-04-13,0.53,0.651,1.0,1.0,0.942,1.0,1.0,1.0,0.407
2007-04-14,0.524,0.639,1.0,1.0,0.943,1.0,1.0,1.0,0.398
2007-04-15,0.525,0.63,1.0,1.0,0.934,1.0,1.0,1.0,0.386
2007-04-16,0.526,0.624,1.0,1.0,0.945,1.0,1.0,1.0,0.385
2007-04-17,0.545,0.631,1.0,1.0,0.944,1.0,1.0,1.0,0.386
2007-04-18,0.554,0.648,0.993,1.0,0.954,1.0,1.0,1.0,0.37
2007-04-19,0.567,0.646,0.995,1.0,0.953,1.0,0.989,1.0,0.36
2007-04-20,0.573,0.641,1.0,1.0,0.951,1.0,0.989,1.0,0.349
2007-04-21,0.56,0.636,1.0,1.0,0.935,1.0,0.989,1.0,0.352
2007-04-22,0.567,0.623,1.0,1.0,0.937,1.0,0.989,1.0,0.35
2007-04-23,0.558,0.616,1.0,1.0,0.937,1.0,0.989,1.0,0.344
2007-04-24,0.546,0.616,1.0,1.0,0.928,1.0,0.989,1.0,0.328
2007-04-25,0.537,0.619,1.0,1.0,0.921,1.0,0.99,1.0,0.307
2007-04-26,0.53,0.621,1.0,1.0,0.912,1.0,0.988,1.0,0.293
2007-04-27,0.527,0.633,1.0,1.0,0.912,1.0,0.985,1.0,0.272
2007-04-28,0.531,0.636,1.0,1.0,0.907,1.0,0.985,1.0,0.261
2007-04-29,0.531,0.646,1.0,1.0,0.903,1.0,0.981,1.0,0.254
2007-04-30,0.537,0.648,1.0,1.0,0.879,1.0,0.983,1.0,0.255
2007-05-01,0.535,0.643,1.0,1.0,0.874,1.0,0.98,1.0,0.225
2007-05-02,0.535,0.644,1.0,1.0,0.861,1.0,0.981,0.999,0.211
2007-05-03,0.538,0.651,1.0,1.0,0.854,1.0,0.98,1.0,0.202
2007-05-04,0.537,0.65,1.0,1.0,0.842,1.0,0.977,1.0,0.226
2007-05-05,0.52,0.654,1.0,1.0,0.837,1.0,0.974,0.998,0.227
2007-05-06,0.522,0.654,1.0,1.0,0.841,1.0,0.973,0.989,0.22
2007-05-07,0.514,0.652,1.0,1.0,0.834,1.0,0.973,0.993,0.203
2007-05-08,0.514,0.64,1.0,1.0,0.83,1.0,0.973,0.997,0.177
2007-05-09,0.516,0.628,1.0,1.0,0.826,1.0,0.971,0.995,0.149
2007-05-10,0.514,0.618,1.0,1.0,0.816,1.0,0.968,0.996,0.151
2007-05-11,0.512,0.616,1.0,1.0,0.806,1.0,0.969,0.998,0.15
2007-05-12,0.509,0.614,0.998,1.0,0.795,1.0,0.967,0.997,0.128
2007-05-13,0.505,0.618,0.989,1.0,0.788,1.0,0.967,0.997,0.104
2007-05-14,0.504,0.62,0.969,1.0,0.784,1.0,0.968,0.995,0.104
2007-05-15,0.506,0.623,0.952,1.0,0.777,1.0,0.966,0.995,0.103
2007-05-16,0.509,0.622,0.955,1.0,0.764,1.0,0.97,0.997,0.088
2007-05-17,0.505,0.608,0.957,1.0,0.748,1.0,0.966,0.999,0.086
2007-05-18,0.505,0.619,0.954,1.0,0.732,1.0,0.964,0.999,0.09
2007-05-19,0.503,0.613,0.951,1.0,0.735,1.0,0.961,0.999,0.086
2007-05-20,0.495,0.61,0.96,1.0,0.728,1.0,0.954,0.997,0.093
2007-05-21,0.503,0.6,0.965,1.0,0.713,1.0,0.946,0.992,0.083
2007-05-22,0.49,0.601,0.965,1.0,0.678,1.0,0.953,0.995,0.084
2007-05-23,0.482,0.594,0.969,1.0,0.658,1.0,0.962,0.992,0.083
2007-05-24,0.471,0.594,0.965,1.0,0.619,1.0,0.952,0.994,0.076
2007-05-25,0.465,0.595,0.952,1.0,0.582,1.0,0.943,0.996,0.076
2007-05-26,0.463,0.599,0.935,1.0,0.553,1.0,0.926,0.993,0.084
2007-05-27,0.467,0.595,0.925,1.0,0.542,1.0,0.925,0.995,0.094
2007-05-28,0.484,0.595,0.928,0.998,0.534,1.0,0.914,0.989,0.081
2007-05-29,0.493,0.601,0.92,0.999,0.51,1.0,0.913,0.98,0.07
2007-05-30,0.503,0.599,0.909,1.0,0.478,1.0,0.908,0.975,0.064
2007-05-31,0.513,0.598,0.903,1.0,0.459,1.0,0.914,0.971,0.043
2007-06-01,0.515,0.594,0.889,1.0,0.445,1.0,0.91,0.975,0.05
2007-06-02,0.51,0.598,0.893,1.0,0.42,1.0,0.882,0.989,0.047
2007-06-03,0.516,0.588,0.895,1.0,0.392,1.0,0.855,0.983,0.037
2007-06-04,0.508,0.588,0.894,1.0,0.387,1.0,0.833,0.982,0.03
2007-06-05,0.513,0.583,0.89,1.0,0.346,1.0,0.817,0.977,0.034
2007-06-06,0.524,0.582,0.9,1.0,0.342,1.0,0.821,0.972,0.033
2007-06-07,0.53,0.574,0.896,1.0,0.347,1.0,0.809,0.968,0.033
2007-06-08,0.533,0.573,0.897,1.0,0.331,0.998,0.808,0.984,0.03
2007-06-09,0.533,0.575,0.902,1.0,0.334,0.997,0.811,0.979,0.029
2007-06-10,0.534,0.571,0.891,1.0,0.326,0.997,0.8,0.972,0.034
2007-06-11,0.535,0.574,0.894,1.0,0.32,0.995,0.802,0.931,0.025
2007-06-12,0.535,0.576,0.892,1.0,0.309,0.995,0.816,0.913,0.028
2007-06-13,0.537,0.573,0.891,1.0,0.292,0.993,0.825,0.824,0.029
2007-06-14,0.53,0.568,0.875,1.0,0.279,0.99,0.804,0.854,0.027
2007-06-15,0.528,0.564,0.858,1.0,0.256,0.991,0.799,0.838,0.024
2007-06-16,0.524,0.557,0.849,0.997,0.235,0.987,0.781,0.889,0.014
2007-06-17,0.515,0.552,0.842,0.995,0.227,0.991,0.783,0.871,0.022
2007-06-18,0.524,0.542,0.817,0.992,0.222,0.986,0.77,0.837,0.029
2007-06-19,0.528,0.534,0.825,0.986,0.219,0.988,0.747,0.737,0.014
2007-06-20,0.524,0.534,0.812,0.979,0.21,0.989,0.743,0.78,0.011
2007-06-21,0.533,0.536,0.81,0.97,0.21,0.988,0.726,0.734,0.011
2007-06-22,0.532,0.529,0.818,0.967,0.211,0.99,0.719,0.738,0.014
2007-06-23,0.529,0.514,0.811,0.976,0.21,0.992,0.716,0.707,0.01
2007-06-24,0.524,0.496,0.785,0.967,0.207,0.994,0.702,0.668,0.012
2007-06-25,0.52,0.483,0.818,0.964,0.206,0.99,0.66,0.675,0.01
2007-06-26,0.508,0.484,0.801,0.958,0.211,0.988,0.621,0.627,0.012
2007-06-27,0.488,0.478,0.788,0.946,0.207,0.98,0.625,0.623,0.012
2007-06-28,0.493,0.47,0.804,0.93,0.199,0.98,0.602,0.589,0.013
2007-06-29,0.485,0.448,0.817,0.918,0.192,0.979,0.572,0.568,0.009
2007-06-30,0.49,0.436,0.808,0.912,0.174,0.967,0.55,0.556,0.011
2007-07-01,0.496,0.424,0.809,0.905,0.169,0.946,0.539,0.533,0.003
2007-07-02,0.493,0.399,0.804,0.896,0.161,0.944,0.528,0.489,0.001
2007-07-03,0.496,0.388,0.806,0.887,0.153,0.942,0.537,0.241,0.002
2007-07-04,0.488,0.403,0.794,0.874,0.152,0.922,0.539,0.174,0.006
2007-07-05,0.464,0.396,0.796,0.876,0.153,0.917,0.53,0.271,0.005
2007-07-06,0.46,0.384,0.789,0.878,0.148,0.91,0.523,0.212,0.005
2007-07-07,0.478,0.386,0.752,0.884,0.136,0.91,0.498,0.198,0.006
2007-07-08,0.477,0.373,0.787,0.887,0.135,0.898,0.502,0.137,0.004
2007-07-09,0.468,0.362,0.746,0.863,0.138,0.893,0.48,0.092,0.003
2007-07-10,0.464,0.36,0.738,0.822,0.117,0.885,0.469,0.096,0.001
2007-07-11,0.465,0.349,0.684,0.829,0.102,0.882,0.44,0.059,0.002
2007-07-12,0.457,0.336,0.674,0.802,0.097,0.883,0.426,0.062,0.001
2007-07-13,0.459,0.344,0.622,0.794,0.093,0.873,0.424,0.058,0.001
2007-07-14,0.456,0.333,0.596,0.773,0.081,0.865,0.374,0.031,0.001
2007-07-15,0.45,0.334,0.564,0.751,0.076,0.868,0.365,0.029,0.003
2007-07-16,0.443,0.303,0.526,0.72,0.067,0.854,0.371,0.035,0.002
2007-07-17,0.438,0.293,0.507,0.721,0.062,0.856,0.379,0.027,0.002
2007-07-18,0.44,0.286,0.515,0.722,0.047,0.846,0.344,0.034,0.004
2007-07-19,0.434,0.279,0.488,0.721,0.043,0.809,0.325,0.031,0.002
2007-07-20,0.433,0.268,0.462,0.677,0.035,0.812,0.3,0.015,0.002
2007-07-21,0.421,0.253,0.446,0.682,0.039,0.835,0.289,0.021,0.005
2007-07-22,0.425,0.251,0.449,0.671,0.039,0.817,0.272,0.021,0.005
2007-07-23,0.414,0.255,0.44,0.641,0.039,0.824,0.271,0.009,0.009
2007-07-24,0.42,0.257,0.418,0.614,0.034,0.821,0.287,0.007,0.009
2007-07-25,0.41,0.249,0.369,0.585,0.025,0.823,0.242,0.021,0.007
2007-07-26,0.399,0.238,0.336,0.558,0.022,0.822,0.213,0.015,0.002
2007-07-27,0.397,0.236,0.34,0.526,0.016,0.814,0.111,0.011,0.002
2007-07-28,0.397,0.239,0.345,0.503,0.019,0.811,0.11,0.011,0.004
2007-07-29,0.399,0.248,0.347,0.494,0.013,0.809,0.142,0.023,0.002
2007-07-30,0.401,0.238,0.356,0.448,0.011,0.806,0.159,0.012,0.012
2007-07-31,0.397,0.233,0.365,0.424,0.013,0.811,0.134,0.012,0.005
2007-08-01,0.4,0.219,0.372,0.393,0.007,0.814,0.112,0.019,0.002
2007-08-02,0.381,0.212,0.373,0.369,0.004,0.814,0.092,0.046,0.002
2007-08-03,0.351,0.205,0.368,0.358,0.002,0.806,0.116,0.015,0.002
2007-08-04,0.336,0.203,0.37,0.304,0.002,0.795,0.105,0.006,0.003
2007-08-05,0.312,0.197,0.365,0.281,0.002,0.786,0.114,0.011,0.002
2007-08-06,0.303,0.198,0.353,0.272,0.002,0.785,0.083,0.011,0.001
2007-08-07,0.317,0.198,0.347,0.245,0.002,0.788,0.09,0.012,0.0
2007-08-08,0.314,0.187,0.342,0.193,0.002,0.79,0.088,0.011,0.001
2007-08-09,0.319,0.184,0.335,0.175,0.002,0.79,0.086,0.027,0.002
2007-08-10,0.323,0.186,0.339,0.161,0.002,0.783,0.105,0.007,0.001
2007-08-11,0.33,0.17,0.335,0.149,0.002,0.777,0.077,0.031,0.002
2007-08-12,0.336,0.169,0.3,0.145,0.002,0.759,0.105,0.009,0.002
2007-08-13,0.339,0.178,0.315,0.122,0.002,0.741,0.124,0.009,0.002
2007-08-14,0.341,0.175,0.316,0.108,0.002,0.728,0.086,0.005,0.001
2007-08-15,0.342,0.175,0.306,0.093,0.002,0.731,0.074,0.005,0.003
2007-08-16,0.349,0.179,0.309,0.072,0.002,0.731,0.071,0.004,0.004
2007-08-17,0.351,0.171,0.312,0.054,0.002,0.742,0.058,0.006,0.002
2007-08-18,0.351,0.175,0.306,0.045,0.002,0.741,0.059,0.005,0.002
2007-08-19,0.356,0.167,0.305,0.041,0.002,0.725,0.057,0.009,0.001
2007-08-20,0.357,0.158,0.29,0.034,0.002,0.711,0.057,0.006,0.004
2007-08-21,0.35,0.156,0.303,0.031,0.002,0.701,0.053,0.004,0.004
2007-08-22,0.345,0.157,0.302,0.029,0.002,0.684,0.049,0.006,0.004
2007-08-23,0.339,0.152,0.308,0.026,0.002,0.677,0.052,0.008,0.002
2007-08-24,0.335,0.156,0.312,0.019,0.002,0.676,0.071,0.004,0.001
2007-08-25,0.343,0.156,0.307,0.028,0.002,0.675,0.059,0.005,0.003
2007-08-26,0.35,0.149,0.318,0.023,0.002,0.666,0.03,0.005,0.002
2007-08-27,0.363,0.149,0.318,0.014,0.002,0.651,0.059,0.054,0.004
2007-08-28,0.365,0.137,0.309,0.013,0.002,0.637,0.074,0.002,0.007
2007-08-29,0.363,0.132,0.295,0.012,0.002,0.631,0.059,0.01,0.004
2007-08-30,0.372,0.136,0.295,0.007,0.001,0.623,0.035,0.005,0.004
2007-08-31,0.368,0.132,0.299,0.008,0.002,0.619,0.033,0.007,0.002
2007-09-01,0.365,0.127,0.304,0.007,0.001,0.631,0.038,0.003,0.001
2007-09-02,0.362,0.122,0.3,0.003,0.001,0.624,0.043,0.003,0.0
2007-09-03,0.362,0.118,0.297,0.002,0.001,0.615,0.044,0.002,0.0
2007-09-04,0.372,0.118,0.301,0.002,0.001,0.606,0.034,0.002,0.0
2007-09-05,0.366,0.116,0.292,0.002,0.001,0.595,0.037,0.003,0.0
2007-09-06,0.354,0.109,0.291,0.003,0.001,0.594,0.033,0.002,0.0
2007-09-07,0.366,0.118,0.29,0.002,0.001,0.586,0.033,0.002,0.0
2007-09-08,0.378,0.107,0.29,0.002,0.001,0.574,0.033,0.003,0.0
2007-09-09,0.376,0.101,0.283,0.001,0.001,0.558,0.033,0.002,0.0
2007-09-10,0.375,0.099,0.279,0.002,0.001,0.546,0.052,0.002,0.0
2007-09-11,0.369,0.096,0.276,0.002,0.001,0.546,0.061,0.001,0.0
2007-09-12,0.367,0.097,0.27,0.003,0.001,0.547,0.065,0.0,0.0
2007-09-13,0.387,0.097,0.265,0.003,0.001,0.538,0.04,0.002,0.0
2007-09-14,0.39,0.098,0.271,0.001,0.001,0.52,0.058,0.003,0.0
2007-09-15,0.389,0.095,0.265,0.002,0.001,0.506,0.064,0.002,0.0
2007-09-16,0.386,0.091,0.262,0.002,0.001,0.504,0.06,0.0,0.0
2007-09-17,0.388,0.086,0.261,0.001,0.001,0.507,0.056,0.0,0.0
2007-09-18,0.393,0.082,0.256,0.0,0.001,0.503,0.064,0.0,0.0
2007-09-19,0.389,0.076,0.264,0.001,0.001,0.501,0.076,0.0,0.0
2007-09-20,0.384,0.079,0.271,0.001,0.001,0.508,0.088,0.002,0.0
2007-09-21,0.382,0.075,0.275,0.002,0.001,0.505,0.104,0.001,0.0
2007-09-22,0.379,0.081,0.296,0.002,0.001,0.507,0.112,0.003,0.0
2007-09-23,0.385,0.088,0.289,0.002,0.001,0.495,0.113,0.0,0.0
2007-09-24,0.385,0.082,0.295,0.001,0.001,0.48,0.12,0.002,0.0
2007-09-25,0.391,0.089,0.281,0.001,0.001,0.485,0.126,0.002,0.0
2007-09-26,0.398,0.093,0.287,0.003,0.001,0.497,0.127,0.0,0.0
2007-09-27,0.401,0.106,0.304,0.002,0.0,0.51,0.125,0.002,0.0
2007-09-28,0.411,0.096,0.323,0.002,0.0,0.5,0.132,0.003,0.0
2007-09-29,0.409,0.102,0.328,0.001,0.001,0.497,0.135,0.002,0.0
2007-09-30,0.408,0.105,0.334,0.001,0.001,0.514,0.146,0.004,0.0
2008-03-01,0.499,0.645,1.0,1.0,0.999,1.0,1.0,1.0,0.651
2008-03-02,0.513,0.648,1.0,1.0,0.997,1.0,1.0,1.0,0.613
2008-03-03,0.51,0.653,1.0,1.0,0.995,1.0,1.0,1.0,0.607
2008-03-04,0.524,0.653,1.0,1.0,0.994,1.0,1.0,1.0,0.63
2008-03-05,0.522,0.652,1.0,1.0,0.991,1.0,1.0,1.0,0.648
2008-03-06,0.524,0.641,1.0,1.0,0.994,1.0,1.0,1.0,0.675
2008-03-07,0.528,0.63,1.0,1.0,0.997,1.0,1.0,1.0,0.689
2008-03-08,0.511,0.632,1.0,1.0,0.996,1.0,1.0,1.0,0.691
2008-03-09,0.486,0.648,1.0,1.0,0.998,1.0,1.0,1.0,0.69
2008-03-10,0.467,0.649,1.0,1.0,0.999,1.0,1.0,1.0,0.662
2008-03-11,0.45,0.645,1.0,1.0,0.999,1.0,1.0,1.0,0.67
2008-03-12,0.447,0.637,1.0,1.0,0.999,1.0,1.0,1.0,0.714
2008-03-13,0.451,0.638,1.0,1.0,0.998,1.0,1.0,1.0,0.704
2008-03-14,0.448,0.638,1.0,1.0,0.998,1.0,1.0,1.0,0.637
2008-03-15,0.465,0.646,1.0,1.0,0.995,1.0,1.0,1.0,0.646
2008-03-16,0.468,0.639,1.0,1.0,0.997,1.0,1.0,1.0,0.644
2008-03-17,0.476,0.642,1.0,1.0,0.998,1.0,1.0,1.0,0.624
2008-03-18,0.48,0.651,1.0,1.0,0.997,1.0,1.0,1.0,0.571
2008-03-19,0.48,0.651,1.0,1.0,0.997,1.0,1.0,1.0,0.571
2008-03-20,0.48,0.651,1.0,1.0,0.997,1.0,1.0,1.0,0.571
2008-03-21,0.486,0.669,1.0,1.0,1.0,1.0,1.0,1.0,0.572
2008-03-22,0.495,0.673,1.0,1.0,1.0,1.0,1.0,1.0,0.568
2008-03-23,0.5,0.68,1.0,1.0,1.0,1.0,1.0,1.0,0.553
2008-03-24,0.499,0.68,1.0,1.0,1.0,1.0,1.0,1.0,0.488
2008-03-25,0.499,0.68,1.0,1.0,1.0,1.0,1.0,1.0,0.488
2008-03-26,0.499,0.68,1.0,1.0,1.0,1.0,1.0,1.0,0.488
2008-03-27,0.501,0.671,1.0,1.0,1.0,1.0,1.0,1.0,0.488
2008-03-28,0.503,0.665,1.0,1.0,1.0,1.0,1.0,1.0,0.486
2008-03-29,0.506,0.656,1.0,1.0,0.998,1.0,1.0,1.0,0.491
2008-03-30,0.519,0.654,1.0,1.0,0.998,1.0,1.0,1.0,0.504
2008-03-31,0.517,0.66,1.0,1.0,0.996,1.0,1.0,1.0,0.504
2008-04-01,0.52,0.665,1.0,1.0,0.995,1.0,1.0,1.0,0.508
2008-04-02,0.521,0.672,1.0,1.0,0.991,1.0,1.0,1.0,0.498
2008-04-03,0.525,0.681,1.0,1.0,0.99,1.0,1.0,1.0,0.49
2008-04-04,0.524,0.686,1.0,1.0,0.992,1.0,1.0,1.0,0.475
2008-04-05,0.529,0.691,1.0,1.0,0.992,1.0,1.0,1.0,0.474
2008-04-06,0.531,0.686,1.0,1.0,0.99,1.0,1.0,1.0,0.472
2008-04-07,0.533,0.69,1.0,1.0,0.988,1.0,1.0,1.0,0.479
2008-04-08,0.539,0.694,1.0,1.0,0.987,1.0,1.0,1.0,0.474
2008-04-09,0.524,0.694,1.0,1.0,0.989,1.0,1.0,1.0,0.477
2008-04-10,0.51,0.706,1.0,1.0,0.991,1.0,0.998,1.0,0.477
2008-04-11,0.511,0.714,1.0,1.0,0.989,1.0,0.999,1.0,0.476
2008-04-12,0.5,0.712,1.0,1.0,0.983,1.0,0.999,1.0,0.468
2008-04-13,0.504,0.706,1.0,1.0,0.977,1.0,0.998,1.0,0.471
2008-04-14,0.52,0.706,1.0,1.0,0.973,1.0,0.998,1.0,0.457
2008-04-15,0.534,0.694,1.0,1.0,0.98,1.0,0.993,1.0,0.44
2008-04-16,0.537,0.663,1.0,1.0,0.981,1.0,1.0,1.0,0.44
2008-04-17,0.543,0.658,1.0,1.0,0.979,1.0,0.994,1.0,0.443
2008-04-18,0.546,0.651,1.0,1.0,0.969,1.0,0.993,1.0,0.44
2008-04-19,0.55,0.64,1.0,1.0,0.957,1.0,0.999,1.0,0.446
2008-04-20,0.551,0.64,1.0,1.0,0.952,1.0,0.998,1.0,0.431
2008-04-21,0.558,0.641,1.0,1.0,0.95,1.0,0.994,1.0,0.406
2008-04-22,0.56,0.642,1.0,1.0,0.947,1.0,0.989,1.0,0.433
2008-04-23,0.568,0.646,1.0,1.0,0.935,1.0,0.984,1.0,0.422
2008-04-24,0.556,0.643,1.0,1.0,0.932,1.0,0.98,1.0,0.412
2008-04-25,0.552,0.642,1.0,1.0,0.935,1.0,0.98,1.0,0.386
2008-04-26,0.549,0.648,1.0,1.0,0.939,1.0,0.98,1.0,0.387
2008-04-27,0.535,0.647,1.0,1.0,0.937,1.0,0.98,1.0,0.383
2008-04-28,0.528,0.64,1.0,1.0,0.937,1.0,0.98,1.0,0.367
2008-04-29,0.522,0.64,1.0,1.0,0.938,1.0,0.975,1.0,0.368
2008-04-30,0.525,0.635,1.0,1.0,0.936,1.0,0.971,1.0,0.362
2008-05-01,0.525,0.634,1.0,1.0,0.935,1.0,0.971,1.0,0.352
2008-05-02,0.52,0.638,1.0,1.0,0.94,1.0,0.971,1.0,0.349
2008-05-03,0.512,0.642,1.0,1.0,0.947,1.0,0.973,1.0,0.348
2008-05-04,0.508,0.647,1.0,1.0,0.951,1.0,0.972,0.989,0.342
2008-05-05,0.5,0.65,1.0,1.0,0.954,1.0,0.972,1.0,0.291
2008-05-06,0.506,0.652,1.0,1.0,0.959,1.0,0.972,1.0,0.276
2008-05-07,0.512,0.656,1.0,1.0,0.951,1.0,0.971,1.0,0.272
2008-05-08,0.518,0.651,1.0,1.0,0.93,1.0,0.967,1.0,0.246
2008-05-09,0.518,0.649,1.0,1.0,0.937,1.0,0.962,1.0,0.251
2008-05-10,0.527,0.639,1.0,1.0,0.919,1.0,0.961,1.0,0.246
2008-05-11,0.531,0.63,1.0,1.0,0.892,1.0,0.951,1.0,0.233
2008-05-12,0.527,0.627,1.0,1.0,0.886,1.0,0.95,1.0,0.229
2008-05-13,0.524,0.631,1.0,1.0,0.861,1.0,0.951,0.999,0.214
2008-05-14,0.526,0.635,1.0,1.0,0.837,0.991,0.945,1.0,0.218
2008-05-15,0.532,0.639,1.0,1.0,0.816,0.987,0.941,1.0,0.207
2008-05-16,0.536,0.644,1.0,1.0,0.82,0.983,0.929,0.996,0.202
2008-05-17,0.536,0.639,1.0,1.0,0.793,0.982,0.918,0.995,0.203
2008-05-18,0.529,0.635,1.0,1.0,0.769,0.982,0.905,0.994,0.161
2008-05-19,0.525,0.628,1.0,1.0,0.742,0.981,0.896,0.984,0.126
2008-05-20,0.514,0.632,1.0,1.0,0.738,0.98,0.908,0.982,0.098
2008-05-21,0.513,0.64,1.0,1.0,0.735,0.982,0.915,0.977,0.11
2008-05-22,0.516,0.643,1.0,1.0,0.697,0.982,0.93,0.983,0.101
2008-05-23,0.524,0.647,1.0,1.0,0.674,0.985,0.914,0.984,0.079
2008-05-24,0.529,0.648,1.0,1.0,0.625,0.986,0.898,0.983,0.069
2008-05-25,0.537,0.649,1.0,1.0,0.591,0.986,0.888,0.977,0.066
2008-05-26,0.55,0.645,1.0,1.0,0.572,0.983,0.87,0.961,0.067
2008-05-27,0.556,0.648,1.0,1.0,0.545,0.982,0.859,0.959,0.06
2008-05-28,0.551,0.645,1.0,1.0,0.492,0.981,0.856,0.963,0.057
2008-05-29,0.562,0.641,1.0,1.0,0.494,0.983,0.849,0.965,0.061
2008-05-30,0.567,0.633,1.0,1.0,0.489,0.983,0.829,0.965,0.052
2008-05-31,0.567,0.626,1.0,1.0,0.486,0.982,0.822,0.98,0.048
2008-06-01,0.569,0.619,1.0,1.0,0.465,0.98,0.822,0.974,0.04
2008-06-02,0.582,0.61,1.0,1.0,0.442,0.983,0.829,0.967,0.038
2008-06-03,0.578,0.608,1.0,1.0,0.435,0.984,0.834,0.949,0.033
2008-06-04,0.535,0.602,0.999,1.0,0.416,0.987,0.836,0.942,0.032
2008-06-05,0.531,0.594,0.998,1.0,0.421,0.98,0.843,0.908,0.014
2008-06-06,0.534,0.593,1.0,1.0,0.421,0.971,0.846,0.906,0.027
2008-06-07,0.512,0.591,1.0,1.0,0.405,0.966,0.827,0.85,0.027
2008-06-08,0.489,0.584,1.0,1.0,0.401,0.965,0.805,0.852,0.012
2008-06-09,0.493,0.576,1.0,1.0,0.398,0.964,0.795,0.836,0.014
2008-06-10,0.507,0.567,1.0,1.0,0.387,0.96,0.766,0.844,0.012
2008-06-11,0.526,0.57,1.0,1.0,0.387,0.958,0.777,0.83,0.013
2008-06-12,0.528,0.577,1.0,1.0,0.381,0.953,0.796,0.814,0.03
2008-06-13,0.528,0.569,1.0,1.0,0.373,0.945,0.741,0.787,0.014
2008-06-14,0.528,0.573,1.0,1.0,0.364,0.936,0.749,0.731,0.015
2008-06-15,0.511,0.572,1.0,1.0,0.354,0.929,0.738,0.693,0.014
2008-06-16,0.52,0.567,1.0,1.0,0.334,0.936,0.762,0.679,0.013
2008-06-17,0.523,0.556,1.0,1.0,0.326,0.922,0.763,0.653,0.013
2008-06-18,0.518,0.547,1.0,1.0,0.339,0.899,0.758,0.607,0.014
2008-06-19,0.518,0.554,1.0,1.0,0.335,0.89,0.757,0.582,0.016
2008-06-20,0.516,0.536,1.0,1.0,0.323,0.901,0.739,0.531,0.015
2008-06-21,0.514,0.544,1.0,1.0,0.333,0.898,0.738,0.539,0.013
2008-06-22,0.516,0.529,1.0,1.0,0.321,0.882,0.675,0.541,0.011
2008-06-23,0.503,0.521,1.0,1.0,0.319,0.878,0.663,0.546,0.007
2008-06-24,0.501,0.51,0.999,1.0,0.321,0.87,0.707,0.56,0.011
2008-06-25,0.49,0.497,0.998,1.0,0.305,0.853,0.714,0.55,0.012
2008-06-26,0.483,0.494,0.996,1.0,0.317,0.848,0.691,0.51,0.008
2008-06-27,0.462,0.491,0.997,1.0,0.306,0.847,0.653,0.51,0.011
2008-06-28,0.438,0.475,0.993,1.0,0.307,0.841,0.627,0.521,0.013
2008-06-29,0.431,0.484,0.997,1.0,0.297,0.839,0.603,0.484,0.013
2008-06-30,0.434,0.484,0.997,1.0,0.302,0.838,0.551,0.448,0.009
2008-07-01,0.426,0.484,0.997,1.0,0.302,0.817,0.533,0.423,0.005
2008-07-02,0.404,0.48,0.998,1.0,0.282,0.804,0.585,0.411,0.001
2008-07-03,0.391,0.476,0.998,1.0,0.279,0.791,0.567,0.407,0.001
2008-07-04,0.395,0.469,1.0,1.0,0.264,0.788,0.543,0.38,0.002
2008-07-05,0.404,0.463,0.998,1.0,0.265,0.772,0.534,0.363,0.002
2008-07-06,0.416,0.463,1.0,1.0,0.255,0.763,0.548,0.351,0.005
2008-07-07,0.406,0.459,1.0,0.992,0.212,0.751,0.496,0.323,0.002
2008-07-08,0.417,0.447,1.0,0.997,0.217,0.742,0.499,0.315,0.003
2008-07-09,0.428,0.445,1.0,1.0,0.222,0.726,0.491,0.317,0.009
2008-07-10,0.421,0.423,0.999,1.0,0.222,0.717,0.498,0.312,0.011
2008-07-11,0.414,0.401,0.998,1.0,0.225,0.716,0.467,0.295,0.012
2008-07-12,0.403,0.397,0.992,1.0,0.219,0.709,0.456,0.251,0.009
2008-07-13,0.417,0.384,0.982,0.998,0.213,0.703,0.43,0.214,0.003
2008-07-14,0.394,0.367,0.943,1.0,0.204,0.701,0.427,0.218,0.002
2008-07-15,0.374,0.343,0.899,0.982,0.18,0.688,0.388,0.197,0.002
2008-07-16,0.385,0.34,0.916,0.956,0.166,0.667,0.364,0.198,0.011
2008-07-17,0.389,0.328,0.923,0.949,0.182,0.671,0.354,0.196,0.007
2008-07-18,0.39,0.314,0.927,0.936,0.164,0.677,0.351,0.178,0.008
2008-07-19,0.389,0.302,0.927,0.958,0.147,0.691,0.276,0.159,0.003
2008-07-20,0.383,0.283,0.949,0.958,0.137,0.669,0.246,0.146,0.002
2008-07-21,0.338,0.279,0.95,0.965,0.135,0.631,0.22,0.141,0.002
2008-07-22,0.312,0.273,0.944,0.962,0.13,0.629,0.236,0.119,0.002
2008-07-23,0.336,0.257,0.917,0.959,0.143,0.627,0.165,0.095,0.002
2008-07-24,0.328,0.257,0.891,0.957,0.151,0.63,0.151,0.057,0.002
2008-07-25,0.326,0.262,0.887,0.92,0.122,0.637,0.138,0.032,0.001
2008-07-26,0.329,0.26,0.896,0.905,0.12,0.636,0.14,0.033,0.0
2008-07-27,0.33,0.262,0.883,0.894,0.11,0.598,0.128,0.059,0.001
2008-07-28,0.299,0.26,0.88,0.877,0.081,0.571,0.143,0.069,0.001
2008-07-29,0.3,0.251,0.887,0.878,0.088,0.536,0.12,0.049,0.001
2008-07-30,0.274,0.249,0.9,0.88,0.1,0.522,0.067,0.039,0.007
2008-07-31,0.249,0.254,0.905,0.881,0.112,0.516,0.061,0.038,0.003
2008-08-01,0.24,0.255,0.893,0.861,0.098,0.497,0.075,0.047,0.001
2008-08-02,0.257,0.259,0.885,0.853,0.095,0.491,0.064,0.035,0.002
2008-08-03,0.268,0.258,0.84,0.857,0.089,0.497,0.106,0.011,0.001
2008-08-04,0.254,0.25,0.776,0.812,0.089,0.485,0.106,0.01,0.001
2008-08-05,0.224,0.256,0.765,0.738,0.089,0.467,0.099,0.015,0.002
2008-08-06,0.251,0.25,0.798,0.646,0.069,0.476,0.1,0.008,0.002
2008-08-07,0.253,0.247,0.777,0.647,0.071,0.471,0.081,0.011,0.002
2008-08-08,0.252,0.246,0.739,0.678,0.075,0.48,0.072,0.005,0.002
2008-08-09,0.235,0.233,0.674,0.67,0.06,0.484,0.066,0.013,0.002
2008-08-10,0.239,0.211,0.706,0.651,0.051,0.482,0.054,0.011,0.001
2008-08-11,0.245,0.21,0.708,0.661,0.019,0.495,0.04,0.013,0.001
2008-08-12,0.256,0.184,0.7,0.634,0.018,0.479,0.033,0.011,0.002
2008-08-13,0.254,0.193,0.62,0.597,0.003,0.493,0.053,0.011,0.002
2008-08-14,0.251,0.187,0.628,0.563,0.005,0.505,0.043,0.007,0.002
2008-08-15,0.228,0.18,0.649,0.555,0.018,0.486,0.031,0.009,0.002
2008-08-16,0.229,0.17,0.64,0.544,0.045,0.48,0.029,0.006,0.004
2008-08-17,0.244,0.158,0.607,0.542,0.021,0.491,0.033,0.011,0.004
2008-08-18,0.23,0.158,0.605,0.506,0.015,0.489,0.034,0.007,0.004
2008-08-19,0.196,0.16,0.604,0.48,0.021,0.499,0.035,0.013,0.002
2008-08-20,0.199,0.157,0.559,0.458,0.035,0.492,0.039,0.006,0.002
2008-08-21,0.186,0.16,0.545,0.439,0.036,0.482,0.041,0.011,0.002
2008-08-22,0.204,0.164,0.574,0.412,0.038,0.484,0.042,0.012,0.002
2008-08-23,0.206,0.162,0.582,0.374,0.018,0.489,0.034,0.011,0.002
2008-08-24,0.179,0.162,0.574,0.308,0.002,0.474,0.03,0.011,0.002
2008-08-25,0.175,0.159,0.55,0.296,0.002,0.446,0.035,0.011,0.002
2008-08-26,0.162,0.159,0.543,0.265,0.002,0.439,0.043,0.006,0.004
2008-08-27,0.183,0.163,0.541,0.259,0.002,0.422,0.048,0.011,0.004
2008-08-28,0.191,0.17,0.53,0.251,0.002,0.42,0.054,0.01,0.004
2008-08-29,0.187,0.165,0.54,0.243,0.002,0.414,0.057,0.011,0.004
2008-08-30,0.194,0.158,0.538,0.235,0.002,0.412,0.052,0.007,0.002
2008-08-31,0.194,0.148,0.468,0.229,0.002,0.408,0.062,0.019,0.002
2008-09-01,0.192,0.144,0.46,0.225,0.001,0.406,0.059,0.008,0.0
2008-09-02,0.195,0.139,0.446,0.217,0.001,0.441,0.05,0.003,0.0
2008-09-03,0.196,0.115,0.449,0.207,0.001,0.474,0.049,0.002,0.0
2008-09-04,0.2,0.115,0.431,0.19,0.001,0.471,0.049,0.002,0.0
2008-09-05,0.199,0.105,0.414,0.182,0.001,0.484,0.051,0.002,0.0
2008-09-06,0.204,0.106,0.42,0.191,0.001,0.483,0.05,0.002,0.0
2008-09-07,0.212,0.104,0.414,0.204,0.001,0.439,0.047,0.002,0.0
2008-09-08,0.19,0.1,0.417,0.208,0.001,0.438,0.043,0.002,0.0
2008-09-09,0.212,0.106,0.422,0.212,0.001,0.447,0.048,0.002,0.0
2008-09-10,0.203,0.114,0.425,0.208,0.001,0.462,0.052,0.002,0.0
2008-09-11,0.213,0.112,0.394,0.205,0.001,0.45,0.054,0.003,0.0
2008-09-12,0.175,0.117,0.389,0.193,0.001,0.442,0.054,0.002,0.0
2008-09-13,0.173,0.106,0.406,0.175,0.001,0.442,0.053,0.002,0.0
2008-09-14,0.182,0.108,0.419,0.171,0.001,0.455,0.052,0.002,0.0
2008-09-15,0.147,0.114,0.418,0.161,0.001,0.443,0.051,0.002,0.0
2008-09-16,0.173,0.114,0.414,0.148,0.001,0.449,0.059,0.002,0.0
2008-09-17,0.173,0.114,0.425,0.145,0.001,0.446,0.052,0.002,0.0
2008-09-18,0.129,0.119,0.417,0.142,0.001,0.439,0.056,0.002,0.0
2008-09-19,0.119,0.113,0.437,0.137,0.001,0.444,0.092,0.002,0.0
2008-09-20,0.151,0.116,0.453,0.127,0.001,0.427,0.091,0.002,0.0
2008-09-21,0.137,0.117,0.456,0.128,0.001,0.418,0.091,0.002,0.0
2008-09-22,0.151,0.118,0.441,0.129,0.001,0.431,0.091,0.0,0.0
2008-09-23,0.156,0.104,0.454,0.144,0.001,0.479,0.101,0.002,0.0
2008-09-24,0.171,0.105,0.446,0.121,0.001,0.475,0.099,0.011,0.0
2008-09-25,0.175,0.107,0.427,0.126,0.001,0.469,0.096,0.004,0.0
2008-09-26,0.155,0.109,0.424,0.142,0.001,0.487,0.102,0.003,0.0
2008-09-27,0.162,0.107,0.419,0.142,0.001,0.501,0.118,0.002,0.0
2008-09-28,0.171,0.109,0.414,0.132,0.001,0.511,0.122,0.0,0.0
2008-09-29,0.177,0.115,0.444,0.13,0.001,0.504,0.137,0.002,0.0
2008-09-30,0.209,0.121,0.498,0.155,0.001,0.496,0.141,0.002,0.0
2009-03-01,0.596,0.714,1.0,1.0,0.878,1.0,1.0,1.0,0.755
2009-03-02,0.585,0.711,1.0,1.0,0.878,1.0,1.0,1.0,0.765
2009-03-03,0.58,0.701,1.0,1.0,0.876,1.0,1.0,1.0,0.78
2009-03-04,0.566,0.696,1.0,1.0,0.872,1.0,1.0,1.0,0.782
2009-03-05,0.563,0.686,1.0,1.0,0.88,1.0,1.0,1.0,0.796
2009-03-06,0.572,0.668,1.0,1.0,0.878,1.0,1.0,1.0,0.798
2009-03-07,0.567,0.664,1.0,1.0,0.875,1.0,1.0,1.0,0.736
2009-03-08,0.55,0.66,1.0,1.0,0.857,1.0,1.0,1.0,0.703
2009-03-09,0.548,0.657,1.0,1.0,0.844,1.0,1.0,1.0,0.674
2009-03-10,0.539,0.65,1.0,1.0,0.838,1.0,1.0,1.0,0.671
2009-03-11,0.539,0.652,1.0,1.0,0.845,1.0,1.0,1.0,0.682
2009-03-12,0.547,0.661,1.0,1.0,0.852,1.0,1.0,1.0,0.684
2009-03-13,0.546,0.674,1.0,1.0,0.855,1.0,1.0,1.0,0.689
2009-03-14,0.552,0.683,1.0,1.0,0.868,1.0,1.0,1.0,0.646
2009-03-15,0.551,0.692,1.0,1.0,0.892,1.0,1.0,1.0,0.604
2009-03-16,0.541,0.697,1.0,1.0,0.923,1.0,1.0,1.0,0.566
2009-03-17,0.551,0.697,1.0,1.0,0.937,1.0,1.0,1.0,0.562
2009-03-18,0.569,0.695,1.0,1.0,0.952,1.0,1.0,1.0,0.56
2009-03-19,0.566,0.697,1.0,1.0,0.956,1.0,1.0,1.0,0.516
2009-03-20,0.564,0.69,1.0,1.0,0.956,1.0,1.0,1.0,0.53
2009-03-21,0.554,0.702,1.0,1.0,0.966,1.0,1.0,1.0,0.513
2009-03-22,0.553,0.713,1.0,1.0,0.971,1.0,1.0,1.0,0.504
2009-03-23,0.56,0.727,1.0,1.0,0.974,1.0,1.0,1.0,0.479
2009-03-24,0.565,0.736,1.0,1.0,0.976,1.0,1.0,1.0,0.448
2009-03-25,0.567,0.738,1.0,1.0,0.981,1.0,1.0,1.0,0.438
2009-03-26,0.565,0.728,1.0,1.0,0.981,1.0,1.0,1.0,0.431
2009-03-27,0.571,0.726,1.0,1.0,0.978,1.0,1.0,1.0,0.422
2009-03-28,0.578,0.719,1.0,1.0,0.985,1.0,1.0,1.0,0.422
2009-03-29,0.584,0.711,1.0,1.0,0.99,1.0,1.0,1.0,0.414
2009-03-30,0.562,0.713,1.0,1.0,0.991,1.0,1.0,1.0,0.415
2009-03-31,0.541,0.711,1.0,1.0,0.993,1.0,1.0,1.0,0.434
2009-04-01,0.538,0.707,1.0,1.0,0.991,1.0,1.0,1.0,0.432
2009-04-02,0.529,0.719,1.0,1.0,0.985,1.0,1.0,1.0,0.427
2009-04-03,0.531,0.722,1.0,1.0,0.991,1.0,1.0,1.0,0.437
2009-04-04,0.524,0.722,1.0,1.0,0.988,1.0,1.0,1.0,0.433
2009-04-05,0.52,0.733,1.0,1.0,0.982,1.0,1.0,1.0,0.415
2009-04-06,0.523,0.739,1.0,1.0,0.976,1.0,1.0,1.0,0.393
2009-04-07,0.527,0.737,1.0,1.0,0.974,1.0,1.0,1.0,0.385
2009-04-08,0.522,0.731,1.0,1.0,0.967,1.0,1.0,1.0,0.393
2009-04-09,0.507,0.734,1.0,1.0,0.968,1.0,1.0,1.0,0.398
2009-04-10,0.503,0.735,1.0,1.0,0.977,1.0,1.0,1.0,0.402
2009-04-11,0.509,0.713,1.0,1.0,0.984,1.0,1.0,1.0,0.41
2009-04-12,0.512,0.703,1.0,1.0,0.987,1.0,1.0,1.0,0.403
2009-04-13,0.526,0.705,1.0,1.0,0.993,1.0,1.0,1.0,0.393
2009-04-14,0.533,0.709,1.0,1.0,0.993,1.0,1.0,1.0,0.374
2009-04-15,0.524,0.719,1.0,1.0,0.995,1.0,1.0,1.0,0.368
2009-04-16,0.526,0.727,1.0,1.0,0.991,1.0,1.0,1.0,0.331
2009-04-17,0.529,0.726,1.0,1.0,0.991,1.0,1.0,1.0,0.343
2009-04-18,0.528,0.73,1.0,1.0,0.99,1.0,1.0,1.0,0.345
2009-04-19,0.531,0.736,1.0,1.0,0.991,1.0,1.0,1.0,0.346
2009-04-20,0.52,0.744,1.0,1.0,0.989,1.0,0.992,1.0,0.36
2009-04-21,0.524,0.743,1.0,1.0,0.981,1.0,0.988,1.0,0.332
2009-04-22,0.518,0.731,1.0,1.0,0.972,1.0,0.991,1.0,0.328
2009-04-23,0.526,0.736,1.0,1.0,0.966,1.0,0.992,1.0,0.319
2009-04-24,0.518,0.735,1.0,1.0,0.953,1.0,0.99,1.0,0.314
2009-04-25,0.51,0.739,1.0,1.0,0.934,1.0,0.989,1.0,0.321
2009-04-26,0.51,0.736,1.0,1.0,0.925,1.0,0.983,1.0,0.331
2009-04-27,0.51,0.738,1.0,1.0,0.917,1.0,0.983,1.0,0.315
2009-04-28,0.504,0.739,1.0,1.0,0.909,1.0,0.982,1.0,0.313
2009-04-29,0.504,0.741,1.0,1.0,0.873,1.0,0.983,1.0,0.282
2009-04-30,0.501,0.742,1.0,1.0,0.874,1.0,0.976,1.0,0.274
2009-05-01,0.491,0.739,1.0,1.0,0.868,1.0,0.97,1.0,0.29
2009-05-02,0.488,0.738,1.0,1.0,0.867,1.0,0.975,1.0,0.278
2009-05-03,0.484,0.735,1.0,1.0,0.864,1.0,0.981,1.0,0.253
2009-05-04,0.486,0.733,1.0,1.0,0.864,1.0,0.98,1.0,0.251
2009-05-05,0.485,0.73,1.0,1.0,0.862,1.0,0.98,1.0,0.246
2009-05-06,0.48,0.723,1.0,1.0,0.863,1.0,0.98,1.0,0.242
2009-05-07,0.47,0.722,1.0,1.0,0.861,1.0,0.979,1.0,0.217
2009-05-08,0.461,0.722,1.0,1.0,0.857,1.0,0.975,1.0,0.21
2009-05-09,0.456,0.715,1.0,1.0,0.852,1.0,0.959,1.0,0.216
2009-05-10,0.446,0.708,1.0,1.0,0.846,1.0,0.97,1.0,0.226
2009-05-11,0.451,0.696,1.0,1.0,0.834,1.0,0.977,0.999,0.235
2009-05-12,0.455,0.69,1.0,1.0,0.83,1.0,0.972,0.999,0.233
2009-05-13,0.469,0.682,1.0,1.0,0.829,1.0,0.977,1.0,0.229
2009-05-14,0.471,0.677,1.0,1.0,0.83,1.0,0.975,1.0,0.219
2009-05-15,0.472,0.67,1.0,1.0,0.82,1.0,0.97,1.0,0.205
2009-05-16,0.491,0.67,1.0,1.0,0.801,1.0,0.962,1.0,0.196
2009-05-17,0.484,0.678,1.0,1.0,0.738,1.0,0.971,1.0,0.199
2009-05-18,0.482,0.685,1.0,1.0,0.717,1.0,0.947,1.0,0.171
2009-05-19,0.499,0.676,1.0,1.0,0.697,1.0,0.955,1.0,0.138
2009-05-20,0.501,0.678,1.0,1.0,0.672,1.0,0.926,1.0,0.138
2009-05-21,0.503,0.683,1.0,1.0,0.688,1.0,0.917,0.974,0.137
2009-05-22,0.507,0.673,1.0,1.0,0.66,1.0,0.891,0.965,0.15
2009-05-23,0.505,0.672,1.0,1.0,0.62,1.0,0.855,0.947,0.138
2009-05-24,0.498,0.671,1.0,1.0,0.6,1.0,0.821,0.953,0.132
2009-05-25,0.49,0.668,1.0,1.0,0.561,1.0,0.809,0.945,0.12
2009-05-26,0.482,0.661,1.0,1.0,0.56,1.0,0.792,0.937,0.116
2009-05-27,0.498,0.659,1.0,1.0,0.546,1.0,0.783,0.946,0.116
2009-05-28,0.502,0.657,1.0,1.0,0.523,1.0,0.779,0.943,0.116
2009-05-29,0.495,0.655,1.0,1.0,0.527,1.0,0.767,0.951,0.089
2009-05-30,0.491,0.631,1.0,1.0,0.518,1.0,0.765,0.944,0.084
2009-05-31,0.492,0.63,0.999,1.0,0.512,1.0,0.759,0.931,0.072
2009-06-01,0.501,0.623,0.996,1.0,0.44,1.0,0.749,0.932,0.049
2009-06-02,0.5,0.619,0.991,1.0,0.401,1.0,0.744,0.939,0.04
2009-06-03,0.499,0.621,0.987,1.0,0.366,1.0,0.741,0.942,0.039
2009-06-04,0.501,0.614,0.985,1.0,0.363,1.0,0.692,0.945,0.048
2009-06-05,0.486,0.614,0.979,1.0,0.365,1.0,0.678,0.947,0.044
2009-06-06,0.482,0.613,0.978,1.0,0.33,0.999,0.626,0.949,0.047
2009-06-07,0.479,0.609,0.974,1.0,0.332,0.997,0.618,0.945,0.042
2009-06-08,0.49,0.607,0.983,1.0,0.341,0.997,0.59,0.945,0.038
2009-06-09,0.476,0.601,0.984,1.0,0.346,0.998,0.61,0.933,0.034
2009-06-10,0.461,0.604,0.983,1.0,0.343,0.996,0.595,0.934,0.037
2009-06-11,0.488,0.603,0.979,1.0,0.336,0.995,0.588,0.936,0.032
2009-06-12,0.498,0.602,0.979,0.999,0.297,0.996,0.601,0.923,0.036
2009-06-13,0.494,0.6,0.98,0.999,0.281,0.997,0.572,0.925,0.036
2009-06-14,0.46,0.6,0.975,0.999,0.276,0.996,0.567,0.917,0.042
2009-06-15,0.474,0.583,0.974,0.998,0.302,0.995,0.546,0.915,0.037
2009-06-16,0.459,0.559,0.977,1.0,0.289,0.995,0.531,0.89,0.037
2009-06-17,0.456,0.556,0.977,1.0,0.29,0.994,0.509,0.866,0.036
2009-06-18,0.451,0.554,0.975,1.0,0.279,0.99,0.484,0.857,0.034
2009-06-19,0.441,0.539,0.979,1.0,0.28,0.993,0.454,0.875,0.032
2009-06-20,0.406,0.544,0.977,1.0,0.279,0.991,0.406,0.857,0.016
2009-06-21,0.416,0.527,0.97,1.0,0.272,0.987,0.413,0.842,0.015
2009-06-22,0.372,0.519,0.961,0.999,0.271,0.98,0.405,0.832,0.014
2009-06-23,0.369,0.511,0.946,1.0,0.263,0.963,0.399,0.791,0.012
2009-06-24,0.375,0.505,0.926,1.0,0.253,0.955,0.398,0.82,0.012
2009-06-25,0.367,0.507,0.928,0.999,0.245,0.946,0.39,0.82,0.011
2009-06-26,0.371,0.502,0.936,0.999,0.242,0.942,0.4,0.844,0.009
2009-06-27,0.373,0.493,0.927,0.991,0.243,0.938,0.38,0.811,0.011
2009-06-28,0.359,0.488,0.851,0.989,0.245,0.94,0.376,0.766,0.014
2009-06-29,0.382,0.483,0.818,0.989,0.243,0.942,0.383,0.725,0.014
2009-06-30,0.395,0.482,0.834,0.985,0.245,0.934,0.371,0.711,0.016
2009-07-01,0.339,0.477,0.841,0.977,0.223,0.939,0.324,0.645,0.012
2009-07-02,0.346,0.47,0.847,0.97,0.223,0.92,0.327,0.638,0.008
2009-07-03,0.338,0.475,0.831,0.955,0.223,0.924,0.307,0.598,0.007
2009-07-04,0.334,0.462,0.82,0.933,0.2,0.927,0.317,0.556,0.003
2009-07-05,0.331,0.461,0.815,0.941,0.184,0.922,0.311,0.541,0.001
2009-07-06,0.357,0.428,0.797,0.944,0.172,0.93,0.304,0.505,0.001
2009-07-07,0.357,0.397,0.8,0.941,0.139,0.928,0.311,0.543,0.002
2009-07-08,0.361,0.411,0.771,0.923,0.128,0.93,0.299,0.521,0.005
2009-07-09,0.359,0.373,0.771,0.92,0.127,0.926,0.293,0.485,0.007
2009-07-10,0.345,0.362,0.745,0.924,0.13,0.924,0.309,0.413,0.007
2009-07-11,0.349,0.368,0.709,0.913,0.135,0.918,0.283,0.487,0.005
2009-07-12,0.349,0.377,0.74,0.914,0.123,0.92,0.281,0.434,0.003
2009-07-13,0.348,0.363,0.751,0.903,0.103,0.903,0.246,0.395,0.006
2009-07-14,0.33,0.353,0.779,0.894,0.095,0.885,0.231,0.386,0.01
2009-07-15,0.332,0.317,0.76,0.906,0.095,0.884,0.251,0.367,0.011
2009-07-16,0.329,0.314,0.762,0.91,0.111,0.877,0.23,0.32,0.003
2009-07-17,0.298,0.305,0.657,0.905,0.104,0.867,0.227,0.333,0.003
2009-07-18,0.331,0.308,0.617,0.893,0.103,0.869,0.235,0.332,0.003
2009-07-19,0.329,0.282,0.638,0.89,0.094,0.864,0.21,0.309,0.005
2009-07-20,0.333,0.265,0.604,0.877,0.091,0.868,0.204,0.278,0.003
2009-07-21,0.319,0.248,0.599,0.868,0.078,0.86,0.206,0.169,0.011
2009-07-22,0.29,0.23,0.584,0.871,0.059,0.856,0.198,0.137,0.011
2009-07-23,0.263,0.238,0.537,0.879,0.058,0.868,0.182,0.124,0.003
2009-07-24,0.256,0.229,0.532,0.879,0.057,0.859,0.145,0.1,0.002
2009-07-25,0.243,0.221,0.512,0.86,0.058,0.858,0.118,0.086,0.002
2009-07-26,0.236,0.221,0.493,0.834,0.052,0.863,0.087,0.083,0.003
2009-07-27,0.238,0.221,0.483,0.799,0.039,0.845,0.055,0.077,0.002
2009-07-28,0.234,0.214,0.477,0.768,0.031,0.83,0.056,0.078,0.002
2009-07-29,0.237,0.204,0.461,0.778,0.021,0.818,0.059,0.079,0.002
2009-07-30,0.241,0.198,0.422,0.775,0.019,0.796,0.054,0.103,0.003
2009-07-31,0.247,0.204,0.414,0.755,0.01,0.799,0.057,0.11,0.003
2009-08-01,0.253,0.208,0.424,0.728,0.006,0.791,0.058,0.116,0.002
2009-08-02,0.24,0.22,0.417,0.723,0.002,0.801,0.056,0.084,0.002
2009-08-03,0.245,0.215,0.395,0.694,0.002,0.802,0.055,0.064,0.001
2009-08-04,0.247,0.216,0.386,0.69,0.002,0.794,0.059,0.078,0.0
2009-08-05,0.25,0.222,0.387,0.681,0.002,0.775,0.06,0.065,0.004
2009-08-06,0.251,0.224,0.384,0.666,0.002,0.79,0.064,0.08,0.004
2009-08-07,0.252,0.217,0.359,0.664,0.002,0.791,0.059,0.052,0.002
2009-08-08,0.255,0.215,0.351,0.662,0.002,0.785,0.059,0.059,0.002
2009-08-09,0.254,0.218,0.312,0.62,0.002,0.777,0.057,0.048,0.001
2009-08-10,0.247,0.219,0.333,0.607,0.002,0.78,0.055,0.033,0.002
2009-08-11,0.247,0.22,0.296,0.61,0.002,0.776,0.051,0.014,0.002
2009-08-12,0.251,0.221,0.291,0.594,0.002,0.768,0.055,0.026,0.002
2009-08-13,0.262,0.22,0.279,0.571,0.002,0.775,0.08,0.031,0.002
2009-08-14,0.252,0.222,0.296,0.503,0.002,0.738,0.06,0.015,0.002
2009-08-15,0.255,0.223,0.26,0.519,0.002,0.732,0.059,0.017,0.002
2009-08-16,0.249,0.22,0.255,0.51,0.002,0.724,0.055,0.007,0.002
2009-08-17,0.253,0.212,0.271,0.517,0.002,0.709,0.056,0.003,0.002
2009-08-18,0.257,0.19,0.257,0.48,0.002,0.708,0.056,0.003,0.002
2009-08-19,0.255,0.194,0.233,0.47,0.002,0.694,0.054,0.003,0.002
2009-08-20,0.264,0.184,0.224,0.469,0.002,0.676,0.077,0.002,0.002
2009-08-21,0.24,0.188,0.242,0.432,0.002,0.674,0.056,0.002,0.004
2009-08-22,0.219,0.179,0.251,0.418,0.002,0.658,0.048,0.002,0.004
2009-08-23,0.229,0.176,0.265,0.429,0.002,0.638,0.061,0.003,0.004
2009-08-24,0.237,0.169,0.257,0.424,0.002,0.633,0.04,0.003,0.003
2009-08-25,0.236,0.162,0.265,0.421,0.002,0.589,0.042,0.007,0.002
2009-08-26,0.234,0.169,0.261,0.415,0.002,0.588,0.047,0.001,0.002
2009-08-27,0.24,0.161,0.274,0.405,0.002,0.597,0.05,0.001,0.004
2009-08-28,0.238,0.162,0.255,0.398,0.002,0.593,0.049,0.0,0.005
2009-08-29,0.236,0.168,0.249,0.404,0.002,0.573,0.053,0.0,0.004
2009-08-30,0.238,0.176,0.243,0.377,0.002,0.57,0.056,0.005,0.004
2009-08-31,0.245,0.172,0.231,0.361,0.002,0.581,0.054,0.009,0.004
2009-09-01,0.241,0.156,0.233,0.351,0.001,0.592,0.051,0.012,0.0
2009-09-02,0.246,0.161,0.224,0.349,0.001,0.552,0.045,0.009,0.0
2009-09-03,0.247,0.156,0.233,0.359,0.001,0.535,0.058,0.0,0.0
2009-09-04,0.251,0.152,0.242,0.366,0.001,0.506,0.059,0.005,0.0
2009-09-05,0.258,0.144,0.266,0.374,0.001,0.516,0.069,0.008,0.0
2009-09-06,0.256,0.14,0.204,0.373,0.001,0.51,0.047,0.0,0.0
2009-09-07,0.253,0.139,0.201,0.369,0.001,0.511,0.091,0.002,0.0
2009-09-08,0.262,0.143,0.187,0.361,0.001,0.51,0.037,0.001,0.0
2009-09-09,0.261,0.145,0.216,0.352,0.001,0.529,0.04,0.012,0.0
2009-09-10,0.268,0.153,0.221,0.343,0.001,0.535,0.042,0.001,0.0
2009-09-11,0.269,0.141,0.216,0.336,0.001,0.522,0.042,0.0,0.0
2009-09-12,0.272,0.134,0.215,0.339,0.001,0.511,0.046,0.0,0.0
2009-09-13,0.277,0.136,0.201,0.338,0.001,0.512,0.055,0.004,0.0
2009-09-14,0.282,0.14,0.215,0.339,0.001,0.518,0.073,0.0,0.0
2009-09-15,0.289,0.14,0.229,0.331,0.001,0.53,0.07,0.009,0.0
2009-09-16,0.27,0.134,0.247,0.334,0.001,0.529,0.056,0.002,0.0
2009-09-17,0.281,0.131,0.244,0.349,0.001,0.528,0.046,0.0,0.0
2009-09-18,0.285,0.131,0.25,0.354,0.001,0.528,0.048,0.0,0.0
2009-09-19,0.276,0.128,0.262,0.349,0.001,0.554,0.076,0.001,0.0
2009-09-20,0.288,0.113,0.269,0.344,0.001,0.581,0.076,0.0,0.0
2009-09-21,0.281,0.102,0.258,0.361,0.001,0.611,0.076,0.0,0.0
2009-09-22,0.278,0.101,0.224,0.387,0.001,0.636,0.076,0.0,0.0
2009-09-23,0.279,0.097,0.208,0.376,0.001,0.643,0.096,0.0,0.0
2009-09-24,0.297,0.087,0.214,0.367,0.001,0.644,0.096,0.0,0.0
2009-09-25,0.295,0.077,0.227,0.376,0.001,0.657,0.098,0.012,0.0
2009-09-26,0.288,0.072,0.21,0.414,0.001,0.671,0.098,0.003,0.0
2009-09-27,0.289,0.067,0.198,0.433,0.001,0.692,0.101,0.0,0.0
2009-09-28,0.284,0.064,0.158,0.446,0.001,0.707,0.101,0.0,0.0
2009-09-29,0.288,0.063,0.144,0.453,0.001,0.722,0.104,0.0,0.0
2009-09-30,0.297,0.068,0.151,0.461,0.001,0.741,0.134,0.0,0.0
2010-03-01,0.516,0.74,1.0,1.0,0.989,1.0,0.976,1.0,0.666
2010-03-02,0.535,0.746,1.0,1.0,0.992,1.0,0.989,1.0,0.672
2010-03-03,0.535,0.752,1.0,1.0,0.991,1.0,0.991,1.0,0.694
2010-03-04,0.526,0.763,1.0,1.0,0.991,1.0,0.99,1.0,0.719
2010-03-05,0.531,0.772,1.0,1.0,0.995,1.0,0.992,1.0,0.746
2010-03-06,0.527,0.769,1.0,1.0,0.996,1.0,0.992,1.0,0.768
2010-03-07,0.543,0.751,1.0,1.0,0.995,1.0,0.991,1.0,0.775
2010-03-08,0.541,0.719,1.0,1.0,0.997,1.0,0.992,1.0,0.78
2010-03-09,0.537,0.711,1.0,1.0,0.997,1.0,0.991,1.0,0.803
2010-03-10,0.544,0.713,1.0,1.0,0.996,1.0,0.992,1.0,0.814
2010-03-11,0.552,0.713,1.0,1.0,0.996,1.0,0.986,1.0,0.809
2010-03-12,0.556,0.718,1.0,1.0,0.997,1.0,0.984,1.0,0.794
2010-03-13,0.56,0.723,1.0,1.0,0.998,1.0,0.993,1.0,0.748
2010-03-14,0.567,0.73,1.0,1.0,0.999,1.0,0.993,1.0,0.726
2010-03-15,0.571,0.743,1.0,1.0,0.998,1.0,0.987,1.0,0.729
2010-03-16,0.575,0.75,1.0,1.0,0.993,1.0,0.993,0.999,0.759
2010-03-17,0.578,0.756,1.0,1.0,0.988,1.0,0.993,0.999,0.772
2010-03-18,0.582,0.762,1.0,1.0,0.978,1.0,0.999,1.0,0.758
2010-03-19,0.582,0.761,1.0,1.0,0.975,1.0,1.0,1.0,0.779
2010-03-20,0.577,0.756,1.0,1.0,0.97,1.0,0.995,1.0,0.792
2010-03-21,0.582,0.751,1.0,1.0,0.96,1.0,0.994,1.0,0.791
2010-03-22,0.58,0.751,1.0,1.0,0.964,1.0,0.994,1.0,0.756
2010-03-23,0.577,0.753,1.0,1.0,0.969,1.0,0.999,1.0,0.743
2010-03-24,0.575,0.764,1.0,1.0,0.977,1.0,0.993,1.0,0.75
2010-03-25,0.569,0.773,1.0,1.0,0.98,1.0,0.993,1.0,0.752
2010-03-26,0.579,0.778,1.0,1.0,0.984,1.0,0.986,1.0,0.733
2010-03-27,0.586,0.781,1.0,1.0,0.988,1.0,0.984,1.0,0.721
2010-03-28,0.599,0.788,1.0,1.0,0.991,1.0,0.98,1.0,0.719
2010-03-29,0.594,0.792,1.0,1.0,0.991,1.0,0.98,1.0,0.738
2010-03-30,0.6,0.795,1.0,1.0,0.994,1.0,0.98,1.0,0.75
2010-03-31,0.59,0.793,1.0,1.0,0.991,1.0,0.982,1.0,0.779
2010-04-01,0.577,0.79,1.0,1.0,0.99,1.0,0.979,1.0,0.774
2010-04-02,0.572,0.793,1.0,1.0,0.99,1.0,0.981,1.0,0.746
2010-04-03,0.549,0.794,1.0,1.0,0.99,1.0,0.98,1.0,0.705
2010-04-04,0.525,0.781,1.0,1.0,0.993,1.0,0.982,1.0,0.726
2010-04-05,0.521,0.776,1.0,1.0,0.994,1.0,0.985,1.0,0.7
2010-04-06,0.508,0.769,1.0,1.0,0.991,1.0,0.985,1.0,0.719
2010-04-07,0.483,0.767,1.0,1.0,0.995,1.0,0.985,1.0,0.731
2010-04-08,0.484,0.767,1.0,1.0,0.994,1.0,0.986,1.0,0.723
2010-04-09,0.484,0.761,1.0,1.0,0.992,1.0,0.985,1.0,0.7
2010-04-10,0.486,0.753,1.0,1.0,0.982,1.0,0.984,1.0,0.731
2010-04-11,0.491,0.745,1.0,1.0,0.966,1.0,0.986,1.0,0.746
2010-04-12,0.491,0.732,1.0,1.0,0.956,1.0,0.986,1.0,0.756
2010-04-13,0.501,0.731,1.0,1.0,0.951,1.0,0.984,1.0,0.752
2010-04-14,0.514,0.741,1.0,1.0,0.953,1.0,0.986,1.0,0.734
2010-04-15,0.523,0.751,1.0,1.0,0.953,1.0,0.986,0.993,0.687
2010-04-16,0.531,0.754,1.0,1.0,0.944,1.0,0.985,1.0,0.681
2010-04-17,0.535,0.753,1.0,1.0,0.939,1.0,0.986,0.999,0.703
2010-04-18,0.541,0.748,1.0,1.0,0.941,1.0,0.986,1.0,0.687
2010-04-19,0.534,0.753,1.0,1.0,0.941,1.0,0.988,1.0,0.654
2010-04-20,0.539,0.763,1.0,1.0,0.946,1.0,0.987,1.0,0.637
2010-04-21,0.548,0.766,1.0,1.0,0.951,1.0,0.986,1.0,0.629
2010-04-22,0.56,0.771,1.0,1.0,0.957,1.0,0.984,1.0,0.627
2010-04-23,0.56,0.764,1.0,1.0,0.961,1.0,0.981,1.0,0.619
2010-04-24,0.552,0.774,1.0,1.0,0.962,1.0,0.98,1.0,0.603
2010-04-25,0.554,0.779,1.0,1.0,0.961,1.0,0.982,1.0,0.583
2010-04-26,0.563,0.764,1.0,1.0,0.964,1.0,0.979,1.0,0.568
2010-04-27,0.577,0.754,1.0,1.0,0.968,1.0,0.978,1.0,0.566
2010-04-28,0.564,0.727,1.0,1.0,0.973,1.0,0.98,0.999,0.562
2010-04-29,0.557,0.717,1.0,1.0,0.976,1.0,0.982,1.0,0.54
2010-04-30,0.558,0.71,1.0,1.0,0.978,1.0,0.982,1.0,0.519
2010-05-01,0.565,0.694,1.0,1.0,0.979,1.0,0.976,0.983,0.507
2010-05-02,0.568,0.688,1.0,1.0,0.972,1.0,0.98,0.983,0.496
2010-05-03,0.561,0.674,1.0,1.0,0.95,1.0,0.98,0.997,0.472
2010-05-04,0.547,0.665,1.0,1.0,0.933,1.0,0.98,0.99,0.47
2010-05-05,0.549,0.657,1.0,1.0,0.924,1.0,0.985,0.985,0.465
2010-05-06,0.552,0.654,1.0,1.0,0.92,1.0,0.98,0.973,0.445
2010-05-07,0.566,0.646,1.0,1.0,0.92,1.0,0.975,0.965,0.411
2010-05-08,0.567,0.642,1.0,1.0,0.909,1.0,0.973,0.963,0.359
2010-05-09,0.552,0.642,1.0,1.0,0.908,1.0,0.97,0.967,0.359
2010-05-10,0.548,0.597,1.0,1.0,0.897,1.0,0.972,0.979,0.342
2010-05-11,0.543,0.586,1.0,1.0,0.883,1.0,0.97,0.989,0.31
2010-05-12,0.533,0.598,1.0,1.0,0.866,1.0,0.968,0.988,0.299
2010-05-13,0.533,0.615,1.0,1.0,0.842,1.0,0.971,0.988,0.298
2010-05-14,0.514,0.614,1.0,1.0,0.824,1.0,0.973,0.984,0.299
2010-05-15,0.506,0.603,1.0,1.0,0.797,1.0,0.971,0.985,0.267
2010-05-16,0.488,0.603,1.0,1.0,0.788,1.0,0.966,0.989,0.2
2010-05-17,0.474,0.601,1.0,1.0,0.765,1.0,0.965,0.983,0.196
2010-05-18,0.461,0.593,0.999,1.0,0.76,1.0,0.967,0.985,0.176
2010-05-19,0.467,0.589,0.999,1.0,0.742,1.0,0.962,0.977,0.169
2010-05-20,0.452,0.58,0.992,1.0,0.715,1.0,0.961,0.955,0.136
2010-05-21,0.463,0.581,0.993,1.0,0.699,1.0,0.944,0.957,0.139
2010-05-22,0.478,0.576,0.993,1.0,0.694,0.999,0.935,0.953,0.144
2010-05-23,0.479,0.566,0.993,1.0,0.666,0.996,0.903,0.932,0.139
2010-05-24,0.469,0.567,0.986,1.0,0.656,0.997,0.899,0.931,0.14
2010-05-25,0.459,0.562,0.983,1.0,0.625,0.996,0.882,0.943,0.134
2010-05-26,0.459,0.56,0.979,1.0,0.601,0.999,0.861,0.923,0.13
2010-05-27,0.461,0.557,0.978,1.0,0.601,0.997,0.853,0.894,0.126
2010-05-28,0.463,0.554,0.979,1.0,0.584,0.996,0.848,0.949,0.127
2010-05-29,0.468,0.555,0.982,1.0,0.575,0.994,0.825,0.921,0.113
2010-05-30,0.464,0.548,0.979,1.0,0.532,0.998,0.818,0.912,0.093
2010-05-31,0.459,0.542,0.972,1.0,0.524,0.995,0.809,0.901,0.083
2010-06-01,0.463,0.542,0.966,1.0,0.495,0.99,0.806,0.919,0.087
2010-06-02,0.466,0.539,0.96,1.0,0.47,0.976,0.801,0.92,0.079
2010-06-03,0.473,0.537,0.952,1.0,0.461,0.982,0.798,0.911,0.077
2010-06-04,0.471,0.53,0.954,1.0,0.453,0.975,0.809,0.898,0.074
2010-06-05,0.477,0.531,0.95,0.999,0.417,0.973,0.812,0.873,0.067
2010-06-06,0.48,0.514,0.944,0.999,0.39,0.973,0.816,0.854,0.077
2010-06-07,0.49,0.51,0.941,0.999,0.397,0.968,0.815,0.842,0.066
2010-06-08,0.485,0.513,0.942,0.999,0.377,0.964,0.813,0.809,0.063
2010-06-09,0.481,0.507,0.938,0.999,0.371,0.955,0.81,0.776,0.067
2010-06-10,0.476,0.5,0.936,0.999,0.366,0.955,0.808,0.76,0.043
2010-06-11,0.473,0.492,0.944,0.999,0.367,0.952,0.801,0.743,0.043
2010-06-12,0.471,0.488,0.941,1.0,0.366,0.946,0.8,0.669,0.038
2010-06-13,0.477,0.482,0.936,1.0,0.362,0.941,0.786,0.667,0.03
2010-06-14,0.471,0.486,0.919,1.0,0.356,0.936,0.769,0.641,0.037
2010-06-15,0.476,0.491,0.908,1.0,0.338,0.937,0.762,0.611,0.029
2010-06-16,0.464,0.488,0.894,0.999,0.344,0.935,0.744,0.605,0.029
2010-06-17,0.48,0.485,0.887,0.999,0.332,0.925,0.737,0.603,0.015
2010-06-18,0.471,0.464,0.865,0.999,0.324,0.917,0.691,0.529,0.015
2010-06-19,0.448,0.462,0.845,1.0,0.322,0.909,0.683,0.536,0.026
2010-06-20,0.392,0.453,0.841,0.999,0.315,0.91,0.664,0.526,0.015
2010-06-21,0.429,0.449,0.85,1.0,0.304,0.898,0.653,0.502,0.015
2010-06-22,0.456,0.451,0.832,0.999,0.279,0.904,0.619,0.457,0.016
2010-06-23,0.46,0.438,0.834,0.998,0.264,0.91,0.609,0.442,0.029
2010-06-24,0.435,0.422,0.838,0.996,0.25,0.902,0.6,0.365,0.017
2010-06-25,0.438,0.425,0.826,0.993,0.231,0.881,0.591,0.311,0.017
2010-06-26,0.435,0.419,0.837,0.994,0.222,0.884,0.57,0.315,0.017
2010-06-27,0.418,0.415,0.82,0.992,0.226,0.87,0.552,0.22,0.015
2010-06-28,0.414,0.416,0.818,0.998,0.225,0.87,0.554,0.208,0.015
2010-06-29,0.412,0.399,0.822,0.997,0.218,0.866,0.53,0.09,0.007
2010-06-30,0.41,0.384,0.824,1.0,0.222,0.86,0.541,0.129,0.01
2010-07-01,0.391,0.384,0.792,0.997,0.208,0.858,0.533,0.067,0.004
2010-07-02,0.38,0.384,0.775,0.981,0.211,0.855,0.529,0.043,0.012
2010-07-03,0.363,0.402,0.8,0.995,0.209,0.858,0.529,0.05,0.006
2010-07-04,0.351,0.393,0.808,0.999,0.201,0.851,0.529,0.034,0.011
2010-07-05,0.353,0.375,0.761,0.99,0.208,0.848,0.52,0.039,0.008
2010-07-06,0.342,0.369,0.743,0.978,0.212,0.841,0.5,0.035,0.006
2010-07-07,0.346,0.351,0.773,0.985,0.193,0.836,0.484,0.019,0.002
2010-07-08,0.36,0.343,0.814,0.975,0.19,0.845,0.501,0.034,0.005
2010-07-09,0.355,0.325,0.828,0.984,0.173,0.839,0.487,0.03,0.005
2010-07-10,0.349,0.312,0.816,0.986,0.192,0.85,0.473,0.015,0.005
2010-07-11,0.35,0.307,0.812,0.983,0.192,0.842,0.457,0.025,0.005
2010-07-12,0.345,0.287,0.804,0.983,0.2,0.847,0.438,0.015,0.005
2010-07-13,0.346,0.263,0.77,0.983,0.201,0.849,0.389,0.015,0.004
2010-07-14,0.351,0.256,0.687,0.984,0.206,0.859,0.423,0.013,0.005
2010-07-15,0.347,0.247,0.641,0.964,0.21,0.862,0.411,0.013,0.003
2010-07-16,0.344,0.237,0.672,0.957,0.199,0.866,0.405,0.017,0.002
2010-07-17,0.344,0.234,0.627,0.979,0.197,0.858,0.353,0.016,0.002
2010-07-18,0.342,0.216,0.528,0.961,0.194,0.854,0.349,0.014,0.002
2010-07-19,0.339,0.213,0.484,0.903,0.198,0.853,0.345,0.019,0.001
2010-07-20,0.34,0.212,0.572,0.875,0.189,0.863,0.31,0.017,0.001
2010-07-21,0.332,0.196,0.614,0.898,0.175,0.865,0.335,0.014,0.001
2010-07-22,0.31,0.186,0.545,0.94,0.163,0.848,0.283,0.009,0.002
2010-07-23,0.323,0.183,0.542,0.847,0.163,0.844,0.243,0.011,0.003
2010-07-24,0.317,0.169,0.554,0.847,0.169,0.855,0.204,0.015,0.002
2010-07-25,0.306,0.172,0.533,0.875,0.158,0.856,0.22,0.012,0.002
2010-07-26,0.319,0.172,0.535,0.819,0.156,0.847,0.162,0.007,0.002
2010-07-27,0.305,0.155,0.531,0.801,0.15,0.818,0.137,0.013,0.001
2010-07-28,0.318,0.154,0.535,0.812,0.136,0.801,0.139,0.029,0.0
2010-07-29,0.282,0.169,0.515,0.794,0.132,0.788,0.148,0.012,0.011
2010-07-30,0.302,0.169,0.499,0.726,0.113,0.781,0.131,0.014,0.002
2010-07-31,0.308,0.162,0.485,0.714,0.093,0.751,0.128,0.013,0.003
2010-08-01,0.31,0.139,0.49,0.683,0.07,0.758,0.112,0.014,0.002
2010-08-02,0.319,0.146,0.46,0.709,0.026,0.706,0.117,0.014,0.004
2010-08-03,0.291,0.151,0.472,0.692,0.03,0.716,0.09,0.01,0.004
2010-08-04,0.27,0.137,0.452,0.678,0.053,0.746,0.103,0.013,0.002
2010-08-05,0.248,0.145,0.461,0.696,0.048,0.739,0.063,0.006,0.002
2010-08-06,0.221,0.141,0.461,0.709,0.035,0.726,0.064,0.005,0.004
2010-08-07,0.202,0.147,0.453,0.716,0.033,0.753,0.059,0.01,0.004
2010-08-08,0.207,0.127,0.455,0.72,0.038,0.766,0.046,0.01,0.004
2010-08-09,0.168,0.128,0.445,0.73,0.031,0.755,0.047,0.009,0.004
2010-08-10,0.203,0.123,0.426,0.72,0.028,0.752,0.066,0.01,0.002
2010-08-11,0.198,0.126,0.42,0.714,0.026,0.747,0.061,0.009,0.002
2010-08-12,0.19,0.115,0.413,0.695,0.019,0.748,0.06,0.01,0.002
2010-08-13,0.201,0.115,0.416,0.661,0.019,0.732,0.059,0.007,0.002
2010-08-14,0.194,0.124,0.427,0.626,0.011,0.725,0.059,0.005,0.002
2010-08-15,0.2,0.113,0.413,0.625,0.01,0.732,0.058,0.003,0.002
2010-08-16,0.185,0.117,0.414,0.625,0.004,0.702,0.044,0.003,0.002
2010-08-17,0.202,0.096,0.397,0.633,0.013,0.666,0.05,0.013,0.002
2010-08-18,0.195,0.098,0.385,0.63,0.021,0.672,0.05,0.004,0.004
2010-08-19,0.194,0.103,0.397,0.638,0.021,0.657,0.05,0.004,0.002
2010-08-20,0.196,0.103,0.399,0.634,0.014,0.666,0.052,0.006,0.001
2010-08-21,0.18,0.102,0.371,0.62,0.007,0.656,0.052,0.011,0.004
2010-08-22,0.191,0.102,0.373,0.594,0.003,0.635,0.055,0.007,0.004
2010-08-23,0.213,0.105,0.337,0.551,0.002,0.631,0.046,0.011,0.002
2010-08-24,0.222,0.104,0.293,0.514,0.002,0.642,0.052,0.009,0.004
2010-08-25,0.217,0.103,0.289,0.488,0.002,0.607,0.045,0.006,0.004
2010-08-26,0.2,0.103,0.276,0.478,0.002,0.622,0.068,0.007,0.004
2010-08-27,0.2,0.105,0.29,0.464,0.002,0.581,0.047,0.003,0.002
2010-08-28,0.195,0.107,0.292,0.453,0.002,0.554,0.052,0.002,0.002
2010-08-29,0.213,0.113,0.297,0.47,0.002,0.519,0.049,0.0,0.001
2010-08-30,0.219,0.118,0.241,0.455,0.002,0.518,0.066,0.0,0.003
2010-08-31,0.219,0.124,0.24,0.463,0.002,0.51,0.059,0.003,0.002
2010-09-01,0.219,0.127,0.257,0.44,0.001,0.526,0.046,0.002,0.0
2010-09-02,0.195,0.13,0.257,0.412,0.001,0.534,0.045,0.003,0.0
2010-09-03,0.205,0.132,0.23,0.384,0.001,0.514,0.045,0.003,0.0
2010-09-04,0.188,0.133,0.229,0.359,0.001,0.503,0.045,0.003,0.0
2010-09-05,0.167,0.142,0.234,0.387,0.001,0.481,0.043,0.002,0.0
2010-09-06,0.197,0.14,0.215,0.387,0.001,0.452,0.042,0.0,0.0
2010-09-07,0.204,0.141,0.211,0.37,0.001,0.424,0.046,0.003,0.0
2010-09-08,0.198,0.142,0.212,0.326,0.001,0.42,0.046,0.003,0.0
2010-09-09,0.204,0.137,0.219,0.362,0.001,0.414,0.043,0.002,0.0
2010-09-10,0.204,0.138,0.225,0.343,0.001,0.41,0.046,0.0,0.0
2010-09-11,0.191,0.143,0.229,0.326,0.001,0.423,0.067,0.002,0.0
2010-09-12,0.175,0.148,0.215,0.325,0.001,0.418,0.092,0.003,0.0
2010-09-13,0.185,0.147,0.2,0.323,0.001,0.443,0.069,0.002,0.0
2010-09-14,0.198,0.145,0.179,0.291,0.001,0.458,0.089,0.0,0.0
2010-09-15,0.186,0.142,0.154,0.274,0.001,0.454,0.091,0.003,0.0
2010-09-16,0.185,0.139,0.136,0.281,0.001,0.443,0.095,0.003,0.0
2010-09-17,0.195,0.137,0.134,0.269,0.001,0.431,0.098,0.003,0.0
2010-09-18,0.194,0.138,0.134,0.264,0.001,0.422,0.099,0.007,0.0
2010-09-19,0.194,0.139,0.158,0.268,0.001,0.398,0.099,0.002,0.0
2010-09-20,0.192,0.142,0.161,0.278,0.001,0.408,0.071,0.002,0.0
2010-09-21,0.204,0.138,0.15,0.279,0.001,0.421,0.102,0.0,0.0
2010-09-22,0.227,0.135,0.163,0.265,0.001,0.443,0.1,0.002,0.0
2010-09-23,0.251,0.131,0.184,0.263,0.001,0.473,0.102,0.003,0.0
2010-09-24,0.258,0.125,0.205,0.276,0.001,0.491,0.099,0.0,0.0
2010-09-25,0.254,0.118,0.215,0.317,0.001,0.509,0.099,0.002,0.0
2010-09-26,0.255,0.115,0.23,0.354,0.001,0.529,0.107,0.004,0.0
2010-09-27,0.254,0.125,0.243,0.385,0.001,0.567,0.125,0.003,0.0
2010-09-28,0.236,0.118,0.276,0.41,0.001,0.59,0.125,0.0,0.0
2010-09-29,0.271,0.109,0.313,0.408,0.001,0.614,0.136,0.004,0.0
2010-09-30,0.247,0.113,0.32,0.408,0.001,0.63,0.135,0.002,0.0
2011-03-01,0.482,0.672,1.0,1.0,0.843,1.0,0.947,1.0,0.68
2011-03-02,0.488,0.679,1.0,1.0,0.85,1.0,0.939,1.0,0.687
2011-03-03,0.5,0.691,1.0,1.0,0.84,1.0,0.938,1.0,0.692
2011-03-04,0.503,0.707,1.0,1.0,0.844,1.0,0.932,1.0,0.696
2011-03-05,0.517,0.73,1.0,1.0,0.857,1.0,0.936,1.0,0.675
2011-03-06,0.507,0.738,1.0,1.0,0.866,1.0,0.933,1.0,0.661
2011-03-07,0.512,0.739,1.0,1.0,0.875,1.0,0.946,1.0,0.653
2011-03-08,0.502,0.73,1.0,1.0,0.889,1.0,0.96,1.0,0.65
2011-03-09,0.509,0.715,1.0,1.0,0.894,1.0,0.969,1.0,0.646
2011-03-10,0.501,0.699,1.0,1.0,0.879,1.0,0.972,1.0,0.63
2011-03-11,0.473,0.691,1.0,1.0,0.878,1.0,0.975,1.0,0.619
2011-03-12,0.474,0.695,1.0,1.0,0.876,1.0,0.962,1.0,0.623
2011-03-13,0.49,0.706,1.0,1.0,0.884,1.0,0.974,1.0,0.637
2011-03-14,0.478,0.707,1.0,1.0,0.903,1.0,0.984,1.0,0.644
2011-03-15,0.465,0.712,1.0,1.0,0.912,1.0,0.99,1.0,0.637
2011-03-16,0.489,0.705,1.0,1.0,0.924,1.0,1.0,1.0,0.629
2011-03-17,0.498,0.682,1.0,1.0,0.92,1.0,1.0,1.0,0.631
2011-03-18,0.506,0.67,1.0,1.0,0.9,1.0,1.0,1.0,0.646
2011-03-19,0.507,0.664,1.0,1.0,0.88,1.0,1.0,1.0,0.658
2011-03-20,0.529,0.656,1.0,1.0,0.875,1.0,1.0,1.0,0.668
2011-03-21,0.534,0.646,1.0,1.0,0.871,1.0,1.0,1.0,0.677
2011-03-22,0.546,0.653,1.0,1.0,0.866,1.0,1.0,1.0,0.683
2011-03-23,0.566,0.672,1.0,1.0,0.872,1.0,1.0,1.0,0.687
2011-03-24,0.573,0.677,1.0,1.0,0.875,1.0,1.0,1.0,0.694
2011-03-25,0.571,0.688,1.0,1.0,0.873,1.0,1.0,1.0,0.7
2011-03-26,0.577,0.704,1.0,1.0,0.873,1.0,1.0,1.0,0.707
2011-03-27,0.571,0.708,1.0,1.0,0.87,1.0,1.0,1.0,0.7
2011-03-28,0.571,0.714,1.0,1.0,0.873,1.0,1.0,1.0,0.69
2011-03-29,0.582,0.721,1.0,1.0,0.871,1.0,1.0,1.0,0.684
2011-03-30,0.575,0.737,1.0,1.0,0.884,1.0,1.0,1.0,0.685
2011-03-31,0.56,0.748,1.0,1.0,0.885,1.0,1.0,1.0,0.694
2011-04-01,0.543,0.755,1.0,1.0,0.877,1.0,1.0,1.0,0.693
2011-04-02,0.539,0.756,1.0,1.0,0.878,1.0,1.0,1.0,0.674
2011-04-03,0.523,0.741,1.0,1.0,0.892,1.0,1.0,1.0,0.657
2011-04-04,0.535,0.732,1.0,1.0,0.899,1.0,1.0,1.0,0.67
2011-04-05,0.532,0.719,1.0,1.0,0.905,1.0,1.0,1.0,0.669
2011-04-06,0.535,0.713,1.0,1.0,0.913,1.0,1.0,1.0,0.656
2011-04-07,0.522,0.719,1.0,1.0,0.923,1.0,1.0,1.0,0.653
2011-04-08,0.523,0.721,1.0,1.0,0.907,1.0,1.0,1.0,0.633
2011-04-09,0.52,0.72,1.0,1.0,0.912,1.0,1.0,1.0,0.611
2011-04-10,0.528,0.724,1.0,1.0,0.918,1.0,1.0,1.0,0.594
2011-04-11,0.526,0.721,1.0,1.0,0.92,1.0,1.0,1.0,0.567
2011-04-12,0.52,0.718,1.0,1.0,0.924,1.0,1.0,1.0,0.555
2011-04-13,0.516,0.712,1.0,1.0,0.926,1.0,1.0,1.0,0.552
2011-04-14,0.503,0.711,1.0,1.0,0.912,1.0,1.0,1.0,0.551
2011-04-15,0.502,0.707,1.0,1.0,0.915,1.0,1.0,1.0,0.548
2011-04-16,0.499,0.698,1.0,1.0,0.926,1.0,1.0,1.0,0.513
2011-04-17,0.497,0.695,1.0,1.0,0.923,1.0,1.0,1.0,0.498
2011-04-18,0.514,0.696,1.0,1.0,0.917,1.0,1.0,1.0,0.475
2011-04-19,0.495,0.699,1.0,1.0,0.912,1.0,1.0,1.0,0.453
2011-04-20,0.492,0.696,1.0,1.0,0.911,1.0,1.0,1.0,0.443
2011-04-21,0.495,0.694,1.0,1.0,0.916,1.0,1.0,1.0,0.433
2011-04-22,0.492,0.694,1.0,1.0,0.91,1.0,1.0,1.0,0.434
2011-04-23,0.484,0.697,1.0,1.0,0.912,1.0,1.0,1.0,0.434
2011-04-24,0.493,0.684,1.0,1.0,0.915,1.0,1.0,1.0,0.415
2011-04-25,0.474,0.684,1.0,1.0,0.929,1.0,1.0,1.0,0.393
2011-04-26,0.483,0.688,1.0,1.0,0.916,1.0,1.0,1.0,0.373
2011-04-27,0.497,0.674,1.0,1.0,0.894,1.0,1.0,1.0,0.382
2011-04-28,0.503,0.664,1.0,1.0,0.881,1.0,1.0,1.0,0.367
2011-04-29,0.497,0.665,1.0,1.0,0.881,1.0,1.0,1.0,0.34
2011-04-30,0.493,0.662,1.0,1.0,0.864,1.0,1.0,1.0,0.332
2011-05-01,0.494,0.661,1.0,1.0,0.847,1.0,1.0,1.0,0.324
2011-05-02,0.495,0.656,1.0,1.0,0.837,1.0,1.0,1.0,0.314
2011-05-03,0.505,0.654,1.0,1.0,0.812,1.0,1.0,1.0,0.312
2011-05-04,0.517,0.648,1.0,1.0,0.799,1.0,0.99,1.0,0.31
2011-05-05,0.523,0.652,1.0,1.0,0.798,1.0,0.99,1.0,0.302
2011-05-06,0.516,0.657,1.0,1.0,0.78,1.0,0.983,1.0,0.295
2011-05-07,0.517,0.659,1.0,1.0,0.77,1.0,0.981,1.0,0.273
2011-05-08,0.532,0.649,1.0,1.0,0.763,1.0,0.981,1.0,0.252
2011-05-09,0.53,0.655,1.0,1.0,0.767,1.0,0.981,1.0,0.226
2011-05-10,0.507,0.656,1.0,1.0,0.754,1.0,0.981,1.0,0.196
2011-05-11,0.488,0.652,1.0,1.0,0.71,1.0,0.981,1.0,0.156
2011-05-12,0.474,0.657,1.0,1.0,0.686,1.0,0.977,0.997,0.151
2011-05-13,0.467,0.656,1.0,1.0,0.651,1.0,0.977,1.0,0.146
2011-05-14,0.48,0.656,1.0,1.0,0.632,1.0,0.975,0.983,0.13
2011-05-15,0.473,0.658,1.0,1.0,0.616,1.0,0.978,0.975,0.12
2011-05-16,0.455,0.659,1.0,1.0,0.608,1.0,0.979,0.965,0.104
2011-05-17,0.441,0.66,1.0,1.0,0.603,1.0,0.977,0.978,0.098
2011-05-18,0.441,0.661,1.0,1.0,0.58,1.0,0.973,0.987,0.086
2011-05-19,0.441,0.667,1.0,1.0,0.564,1.0,0.972,0.994,0.097
2011-05-20,0.44,0.664,1.0,1.0,0.547,1.0,0.957,0.989,0.078
2011-05-21,0.433,0.663,1.0,1.0,0.541,1.0,0.956,0.99,0.091
2011-05-22,0.438,0.663,1.0,1.0,0.512,0.999,0.928,0.978,0.08
2011-05-23,0.433,0.657,1.0,1.0,0.51,0.996,0.928,0.969,0.09
2011-05-24,0.438,0.653,0.997,1.0,0.457,0.992,0.923,0.943,0.082
2011-05-25,0.437,0.653,0.996,1.0,0.455,0.99,0.915,0.961,0.078
2011-05-26,0.446,0.632,0.998,1.0,0.439,0.989,0.9,0.934,0.069
2011-05-27,0.456,0.626,0.998,1.0,0.426,0.987,0.908,0.95,0.068
2011-05-28,0.456,0.623,0.994,1.0,0.413,0.984,0.904,0.955,0.064
2011-05-29,0.461,0.618,0.991,1.0,0.398,0.984,0.917,0.959,0.055
2011-05-30,0.464,0.608,0.99,1.0,0.386,0.985,0.922,0.948,0.05
2011-05-31,0.461,0.598,0.987,1.0,0.377,0.987,0.937,0.939,0.054
2011-06-01,0.465,0.576,0.983,1.0,0.361,0.992,0.956,0.923,0.052
2011-06-02,0.464,0.564,0.979,1.0,0.335,0.992,0.945,0.92,0.042
2011-06-03,0.474,0.566,0.976,1.0,0.337,0.997,0.957,0.899,0.04
2011-06-04,0.497,0.555,0.971,1.0,0.321,0.993,0.965,0.883,0.029
2011-06-05,0.497,0.542,0.97,1.0,0.31,0.991,0.963,0.878,0.036
2011-06-06,0.493,0.512,0.967,1.0,0.295,0.991,0.959,0.896,0.023
2011-06-07,0.499,0.507,0.962,1.0,0.294,0.991,0.959,0.862,0.031
2011-06-08,0.492,0.475,0.955,1.0,0.278,0.992,0.952,0.856,0.008
2011-06-09,0.494,0.493,0.943,0.999,0.263,0.994,0.944,0.837,0.007
2011-06-10,0.476,0.493,0.922,1.0,0.254,0.994,0.926,0.836,0.012
2011-06-11,0.461,0.486,0.891,0.999,0.248,0.998,0.943,0.817,0.01
2011-06-12,0.461,0.476,0.874,0.995,0.241,0.998,0.929,0.8,0.01
2011-06-13,0.467,0.475,0.869,0.993,0.241,1.0,0.941,0.774,0.026
2011-06-14,0.463,0.466,0.865,0.99,0.249,1.0,0.938,0.732,0.012
2011-06-15,0.46,0.452,0.858,0.991,0.237,0.997,0.909,0.682,0.013
2011-06-16,0.452,0.427,0.853,0.992,0.233,0.987,0.901,0.735,0.009
2011-06-17,0.442,0.418,0.847,0.995,0.228,0.987,0.887,0.74,0.008
2011-06-18,0.45,0.416,0.841,0.995,0.228,0.982,0.872,0.709,0.008
2011-06-19,0.452,0.41,0.831,0.992,0.225,0.989,0.879,0.678,0.014
2011-06-20,0.457,0.404,0.825,0.992,0.226,0.99,0.879,0.659,0.014
2011-06-21,0.456,0.394,0.819,0.992,0.225,0.988,0.876,0.637,0.012
2011-06-22,0.457,0.389,0.815,0.992,0.213,0.962,0.853,0.618,0.015
2011-06-23,0.452,0.378,0.787,0.991,0.199,0.956,0.791,0.595,0.01
2011-06-24,0.452,0.355,0.79,0.986,0.193,0.958,0.783,0.578,0.013
2011-06-25,0.453,0.35,0.795,0.985,0.198,0.961,0.795,0.597,0.01
2011-06-26,0.441,0.34,0.788,0.982,0.184,0.955,0.796,0.532,0.005
2011-06-27,0.442,0.349,0.8,0.986,0.173,0.942,0.798,0.44,0.006
2011-06-28,0.453,0.345,0.797,0.985,0.167,0.93,0.753,0.478,0.008
2011-06-29,0.448,0.342,0.793,0.986,0.171,0.908,0.761,0.505,0.008
2011-06-30,0.461,0.333,0.798,0.986,0.15,0.91,0.732,0.381,0.007
2011-07-01,0.467,0.317,0.77,0.979,0.142,0.912,0.703,0.254,0.002
2011-07-02,0.468,0.316,0.762,0.978,0.144,0.904,0.666,0.271,0.002
2011-07-03,0.457,0.296,0.756,0.978,0.139,0.888,0.632,0.271,0.005
2011-07-04,0.454,0.279,0.674,0.974,0.126,0.87,0.603,0.293,0.001
2011-07-05,0.466,0.271,0.689,0.974,0.132,0.867,0.565,0.299,0.003
2011-07-06,0.466,0.275,0.648,0.976,0.132,0.87,0.559,0.311,0.002
2011-07-07,0.474,0.262,0.634,0.964,0.115,0.87,0.466,0.29,0.003
2011-07-08,0.461,0.258,0.591,0.948,0.114,0.874,0.409,0.258,0.001
2011-07-09,0.45,0.244,0.553,0.938,0.111,0.866,0.346,0.203,0.002
2011-07-10,0.452,0.234,0.493,0.927,0.099,0.862,0.28,0.167,0.002
2011-07-11,0.459,0.221,0.498,0.921,0.088,0.857,0.267,0.139,0.002
2011-07-12,0.463,0.212,0.457,0.919,0.086,0.832,0.266,0.063,0.003
2011-07-13,0.463,0.216,0.393,0.903,0.065,0.829,0.263,0.008,0.006
2011-07-14,0.461,0.207,0.368,0.881,0.07,0.829,0.218,0.009,0.002
2011-07-15,0.462,0.197,0.393,0.871,0.067,0.824,0.206,0.008,0.003
2011-07-16,0.471,0.195,0.368,0.861,0.061,0.812,0.178,0.006,0.002
2011-07-17,0.47,0.189,0.318,0.846,0.058,0.808,0.17,0.007,0.002
2011-07-18,0.465,0.194,0.319,0.824,0.051,0.796,0.143,0.007,0.002
2011-07-19,0.46,0.205,0.333,0.822,0.042,0.788,0.131,0.011,0.003
2011-07-20,0.458,0.194,0.271,0.824,0.034,0.79,0.125,0.006,0.002
2011-07-21,0.429,0.187,0.271,0.801,0.039,0.783,0.111,0.007,0.0
2011-07-22,0.414,0.193,0.26,0.802,0.039,0.768,0.109,0.013,0.001
2011-07-23,0.416,0.197,0.267,0.788,0.03,0.77,0.125,0.017,0.0
2011-07-24,0.428,0.197,0.275,0.786,0.026,0.768,0.092,0.022,0.001
2011-07-25,0.425,0.189,0.271,0.751,0.025,0.768,0.084,0.012,0.001
2011-07-26,0.404,0.194,0.219,0.706,0.034,0.779,0.086,0.012,0.002
2011-07-27,0.39,0.185,0.215,0.709,0.021,0.779,0.077,0.015,0.003
2011-07-28,0.38,0.186,0.227,0.706,0.018,0.776,0.064,0.005,0.001
2011-07-29,0.387,0.187,0.232,0.719,0.018,0.764,0.069,0.012,0.002
2011-07-30,0.397,0.186,0.239,0.721,0.02,0.746,0.057,0.02,0.002
2011-07-31,0.404,0.18,0.235,0.69,0.015,0.745,0.052,0.015,0.002
2011-08-01,0.408,0.171,0.227,0.699,0.01,0.741,0.053,0.016,0.002
2011-08-02,0.412,0.161,0.221,0.705,0.007,0.736,0.065,0.01,0.002
2011-08-03,0.389,0.16,0.22,0.704,0.01,0.729,0.051,0.013,0.002
2011-08-04,0.39,0.161,0.189,0.724,0.005,0.741,0.05,0.006,0.002
2011-08-05,0.395,0.153,0.17,0.714,0.002,0.705,0.049,0.017,0.001
2011-08-06,0.39,0.155,0.162,0.674,0.002,0.704,0.051,0.009,0.0
2011-08-07,0.394,0.152,0.16,0.659,0.002,0.703,0.056,0.011,0.0
2011-08-08,0.397,0.129,0.136,0.628,0.002,0.669,0.06,0.012,0.001
2011-08-09,0.393,0.141,0.106,0.622,0.002,0.668,0.051,0.013,0.001
2011-08-10,0.395,0.121,0.093,0.618,0.002,0.692,0.056,0.01,0.002
2011-08-11,0.389,0.133,0.072,0.603,0.002,0.69,0.06,0.014,0.004
2011-08-12,0.383,0.121,0.062,0.597,0.002,0.714,0.039,0.005,0.004
2011-08-13,0.366,0.115,0.054,0.599,0.002,0.699,0.042,0.009,0.004
2011-08-14,0.378,0.098,0.038,0.597,0.002,0.679,0.031,0.008,0.004
2011-08-15,0.329,0.1,0.029,0.581,0.002,0.673,0.031,0.008,0.003
2011-08-16,0.306,0.108,0.031,0.576,0.002,0.685,0.035,0.007,0.004
2011-08-17,0.298,0.106,0.031,0.566,0.002,0.661,0.038,0.007,0.003
2011-08-18,0.296,0.102,0.026,0.545,0.002,0.648,0.025,0.007,0.004
2011-08-19,0.306,0.095,0.026,0.527,0.002,0.64,0.021,0.007,0.004
2011-08-20,0.296,0.095,0.033,0.514,0.002,0.64,0.023,0.011,0.004
2011-08-21,0.318,0.096,0.025,0.505,0.002,0.572,0.02,0.013,0.004
2011-08-22,0.325,0.095,0.026,0.491,0.002,0.529,0.018,0.009,0.004
2011-08-23,0.321,0.084,0.03,0.468,0.002,0.566,0.021,0.006,0.004
2011-08-24,0.313,0.091,0.032,0.461,0.002,0.546,0.029,0.009,0.002
2011-08-25,0.316,0.078,0.035,0.463,0.002,0.506,0.019,0.007,0.002
2011-08-26,0.315,0.073,0.031,0.455,0.002,0.501,0.016,0.007,0.004
2011-08-27,0.311,0.075,0.026,0.443,0.001,0.557,0.019,0.004,0.002
2011-08-28,0.308,0.065,0.012,0.431,0.002,0.564,0.015,0.005,0.002
2011-08-29,0.317,0.061,0.007,0.412,0.002,0.561,0.013,0.005,0.002
2011-08-30,0.305,0.065,0.011,0.41,0.002,0.535,0.02,0.007,0.004
2011-08-31,0.3,0.06,0.012,0.424,0.002,0.525,0.02,0.003,0.003
2011-09-01,0.319,0.056,0.012,0.413,0.001,0.48,0.013,0.002,0.0
2011-09-02,0.317,0.054,0.012,0.397,0.001,0.495,0.021,0.003,0.0
2011-09-03,0.304,0.057,0.012,0.398,0.001,0.464,0.02,0.003,0.0
2011-09-04,0.294,0.059,0.007,0.391,0.001,0.43,0.019,0.002,0.0
2011-09-05,0.299,0.06,0.006,0.394,0.001,0.423,0.02,0.002,0.0
2011-09-06,0.306,0.055,0.007,0.382,0.001,0.399,0.027,0.002,0.0
2011-09-07,0.304,0.057,0.012,0.376,0.001,0.398,0.025,0.002,0.0
2011-09-08,0.305,0.058,0.012,0.37,0.001,0.419,0.034,0.003,0.0
2011-09-09,0.296,0.059,0.007,0.354,0.001,0.41,0.029,0.002,0.0
2011-09-10,0.29,0.057,0.001,0.351,0.001,0.405,0.037,0.002,0.0
2011-09-11,0.306,0.048,0.01,0.363,0.001,0.401,0.038,0.002,0.0
2011-09-12,0.307,0.053,0.01,0.374,0.001,0.407,0.035,0.002,0.0
2011-09-13,0.302,0.06,0.011,0.378,0.001,0.429,0.034,0.002,0.0
2011-09-14,0.313,0.061,0.011,0.388,0.001,0.453,0.031,0.003,0.0
2011-09-15,0.326,0.051,0.021,0.381,0.001,0.464,0.029,0.002,0.0
2011-09-16,0.337,0.056,0.02,0.371,0.001,0.462,0.03,0.0,0.0
2011-09-17,0.353,0.052,0.014,0.375,0.001,0.45,0.028,0.002,0.0
2011-09-18,0.353,0.059,0.005,0.378,0.001,0.462,0.041,0.002,0.0
2011-09-19,0.31,0.059,0.003,0.374,0.001,0.475,0.042,0.002,0.0
2011-09-20,0.31,0.06,0.003,0.377,0.001,0.483,0.061,0.003,0.0
2011-09-21,0.281,0.055,0.003,0.374,0.001,0.481,0.068,0.002,0.0
2011-09-22,0.284,0.052,0.013,0.377,0.001,0.486,0.068,0.007,0.0
2011-09-23,0.299,0.048,0.036,0.382,0.001,0.491,0.067,0.004,0.0
2011-09-24,0.317,0.05,0.046,0.39,0.001,0.502,0.066,0.002,0.0
2011-09-25,0.32,0.052,0.045,0.397,0.001,0.52,0.069,0.002,0.0
2011-09-26,0.329,0.051,0.049,0.395,0.001,0.537,0.069,0.001,0.0
2011-09-27,0.322,0.052,0.045,0.403,0.001,0.55,0.069,0.011,0.0
2011-09-28,0.338,0.047,0.049,0.41,0.001,0.565,0.076,0.002,0.0
2011-09-29,0.348,0.045,0.06,0.401,0.001,0.567,0.076,0.002,0.0
2011-09-30,0.36,0.048,0.061,0.416,0.001,0.573,0.076,0.0,0.0
2012-03-01,0.52,0.59,1.0,1.0,0.998,1.0,1.0,1.0,0.745
2012-03-02,0.526,0.598,1.0,1.0,0.999,1.0,1.0,1.0,0.754
2012-03-03,0.496,0.605,1.0,1.0,0.999,1.0,1.0,1.0,0.752
2012-03-04,0.498,0.602,1.0,1.0,0.999,1.0,1.0,1.0,0.74
2012-03-05,0.512,0.595,1.0,1.0,0.998,1.0,1.0,1.0,0.74
2012-03-06,0.503,0.582,1.0,1.0,0.996,1.0,1.0,1.0,0.761
2012-03-07,0.477,0.577,1.0,1.0,0.993,1.0,1.0,1.0,0.766
2012-03-08,0.454,0.575,1.0,1.0,0.995,1.0,1.0,1.0,0.76
2012-03-09,0.457,0.57,1.0,1.0,0.995,1.0,1.0,1.0,0.784
2012-03-10,0.468,0.561,1.0,1.0,0.996,1.0,1.0,1.0,0.799
2012-03-11,0.485,0.532,1.0,1.0,0.998,1.0,1.0,1.0,0.81
2012-03-12,0.492,0.538,1.0,1.0,0.998,1.0,1.0,1.0,0.794
2012-03-13,0.486,0.53,1.0,1.0,0.999,1.0,1.0,1.0,0.811
2012-03-14,0.481,0.561,1.0,1.0,0.999,1.0,1.0,1.0,0.821
2012-03-15,0.484,0.581,1.0,1.0,0.999,1.0,1.0,1.0,0.827
2012-03-16,0.48,0.585,1.0,1.0,1.0,1.0,1.0,1.0,0.812
2012-03-17,0.501,0.585,1.0,1.0,1.0,1.0,1.0,1.0,0.805
2012-03-18,0.493,0.585,1.0,1.0,1.0,1.0,1.0,1.0,0.777
2012-03-19,0.504,0.599,1.0,1.0,1.0,1.0,1.0,1.0,0.755
2012-03-20,0.487,0.609,1.0,1.0,1.0,1.0,1.0,1.0,0.728
2012-03-21,0.478,0.613,1.0,1.0,1.0,1.0,1.0,0.999,0.719
2012-03-22,0.482,0.617,1.0,1.0,0.999,1.0,1.0,1.0,0.707
2012-03-23,0.492,0.62,1.0,1.0,0.994,1.0,1.0,1.0,0.71
2012-03-24,0.505,0.627,1.0,1.0,0.992,1.0,1.0,1.0,0.72
2012-03-25,0.499,0.631,1.0,1.0,0.988,1.0,1.0,1.0,0.73
2012-03-26,0.505,0.629,1.0,1.0,0.987,1.0,1.0,1.0,0.743
2012-03-27,0.502,0.623,1.0,1.0,0.993,1.0,1.0,1.0,0.748
2012-03-28,0.514,0.616,1.0,1.0,0.995,1.0,1.0,1.0,0.766
2012-03-29,0.52,0.621,1.0,1.0,0.998,1.0,1.0,1.0,0.76
2012-03-30,0.507,0.626,1.0,1.0,0.999,1.0,1.0,1.0,0.745
2012-03-31,0.512,0.631,1.0,1.0,1.0,1.0,1.0,1.0,0.72
2012-04-01,0.524,0.629,1.0,1.0,1.0,1.0,1.0,1.0,0.702
2012-04-02,0.53,0.634,1.0,1.0,1.0,1.0,0.99,1.0,0.697
2012-04-03,0.533,0.642,1.0,1.0,1.0,1.0,1.0,1.0,0.699
2012-04-04,0.529,0.647,1.0,1.0,1.0,1.0,1.0,1.0,0.688
2012-04-05,0.534,0.642,1.0,1.0,1.0,1.0,0.984,1.0,0.648
2012-04-06,0.537,0.649,1.0,1.0,1.0,1.0,0.998,1.0,0.622
2012-04-07,0.539,0.639,1.0,1.0,0.998,1.0,0.999,1.0,0.591
2012-04-08,0.536,0.637,1.0,1.0,0.997,1.0,1.0,1.0,0.599
2012-04-09,0.534,0.631,1.0,1.0,0.992,1.0,1.0,1.0,0.606
2012-04-10,0.529,0.629,1.0,1.0,0.992,1.0,1.0,1.0,0.601
2012-04-11,0.522,0.627,1.0,1.0,0.994,1.0,1.0,1.0,0.595
2012-04-12,0.519,0.627,1.0,1.0,0.993,1.0,1.0,1.0,0.577
2012-04-13,0.526,0.631,1.0,1.0,0.996,1.0,1.0,1.0,0.553
2012-04-14,0.541,0.639,1.0,1.0,0.997,1.0,1.0,1.0,0.536
2012-04-15,0.546,0.646,1.0,1.0,0.999,1.0,1.0,1.0,0.518
2012-04-16,0.554,0.657,1.0,1.0,0.999,1.0,1.0,1.0,0.495
2012-04-17,0.566,0.654,1.0,1.0,0.999,1.0,1.0,1.0,0.474
2012-04-18,0.557,0.648,1.0,1.0,0.998,1.0,1.0,1.0,0.465
2012-04-19,0.554,0.65,1.0,1.0,0.996,1.0,1.0,1.0,0.461
2012-04-20,0.548,0.654,1.0,1.0,0.996,1.0,1.0,1.0,0.463
2012-04-21,0.546,0.656,1.0,1.0,0.982,1.0,1.0,1.0,0.452
2012-04-22,0.551,0.66,1.0,1.0,0.987,1.0,1.0,1.0,0.424
2012-04-23,0.555,0.658,1.0,1.0,0.979,1.0,1.0,1.0,0.435
2012-04-24,0.562,0.659,1.0,1.0,0.976,1.0,1.0,1.0,0.421
2012-04-25,0.567,0.649,1.0,1.0,0.995,1.0,1.0,1.0,0.362
2012-04-26,0.558,0.63,1.0,1.0,0.982,1.0,1.0,1.0,0.365
2012-04-27,0.567,0.604,1.0,1.0,0.964,1.0,1.0,1.0,0.363
2012-04-28,0.571,0.583,1.0,1.0,0.959,1.0,1.0,1.0,0.391
2012-04-29,0.568,0.588,1.0,1.0,0.961,1.0,1.0,1.0,0.371
2012-04-30,0.573,0.577,1.0,1.0,0.954,1.0,0.991,1.0,0.342
2012-05-01,0.575,0.565,1.0,1.0,0.943,1.0,0.993,1.0,0.352
2012-05-02,0.577,0.556,1.0,1.0,0.938,1.0,0.999,1.0,0.347
2012-05-03,0.582,0.557,1.0,1.0,0.939,1.0,0.994,1.0,0.333
2012-05-04,0.576,0.549,1.0,1.0,0.949,1.0,0.995,1.0,0.287
2012-05-05,0.566,0.551,1.0,1.0,0.947,1.0,0.988,1.0,0.252
2012-05-06,0.563,0.553,1.0,1.0,0.941,1.0,0.984,1.0,0.263
2012-05-07,0.562,0.571,1.0,1.0,0.937,1.0,0.996,0.999,0.259
2012-05-08,0.566,0.564,1.0,1.0,0.935,1.0,0.992,0.999,0.274
2012-05-09,0.572,0.54,1.0,1.0,0.925,1.0,0.989,0.999,0.273
2012-05-10,0.582,0.544,1.0,1.0,0.927,1.0,0.986,0.999,0.278
2012-05-11,0.584,0.539,1.0,1.0,0.919,1.0,0.979,0.999,0.284
2012-05-12,0.578,0.528,1.0,1.0,0.92,1.0,0.972,1.0,0.28
2012-05-13,0.565,0.53,1.0,1.0,0.919,0.998,0.956,1.0,0.254
2012-05-14,0.561,0.514,1.0,1.0,0.899,0.993,0.966,1.0,0.247
2012-05-15,0.536,0.529,1.0,1.0,0.9,0.988,0.94,1.0,0.246
2012-05-16,0.528,0.53,1.0,1.0,0.886,0.987,0.92,0.999,0.219
2012-05-17,0.53,0.526,1.0,1.0,0.874,0.988,0.927,0.997,0.213
2012-05-18,0.526,0.529,1.0,1.0,0.87,0.989,0.921,0.997,0.212
2012-05-19,0.529,0.525,1.0,1.0,0.86,0.988,0.909,0.997,0.213
2012-05-20,0.526,0.523,1.0,1.0,0.853,0.984,0.896,0.987,0.201
2012-05-21,0.519,0.515,1.0,1.0,0.842,0.98,0.901,0.993,0.179
2012-05-22,0.524,0.521,1.0,1.0,0.838,0.977,0.889,0.986,0.14
2012-05-23,0.534,0.526,0.999,1.0,0.83,0.974,0.885,0.992,0.138
2012-05-24,0.541,0.529,0.993,1.0,0.826,0.975,0.866,0.985,0.113
2012-05-25,0.539,0.528,0.984,1.0,0.824,0.973,0.861,0.993,0.083
2012-05-26,0.548,0.532,0.972,1.0,0.816,0.972,0.838,0.987,0.089
2012-05-27,0.559,0.532,0.969,1.0,0.786,0.968,0.825,0.979,0.116
2012-05-28,0.563,0.532,0.963,1.0,0.772,0.968,0.81,0.979,0.099
2012-05-29,0.572,0.523,0.967,1.0,0.75,0.97,0.792,0.983,0.094
2012-05-30,0.57,0.515,0.952,1.0,0.747,0.967,0.805,0.987,0.09
2012-05-31,0.571,0.51,0.949,1.0,0.743,0.967,0.826,0.997,0.075
2012-06-01,0.569,0.479,0.967,1.0,0.727,0.964,0.822,0.988,0.067
2012-06-02,0.569,0.468,0.974,1.0,0.67,0.959,0.825,0.979,0.054
2012-06-03,0.564,0.462,0.975,1.0,0.623,0.958,0.812,0.973,0.062
2012-06-04,0.562,0.473,0.976,1.0,0.639,0.953,0.783,0.998,0.057
2012-06-05,0.55,0.451,0.974,1.0,0.621,0.954,0.784,0.975,0.048
2012-06-06,0.543,0.429,0.969,1.0,0.587,0.95,0.762,0.989,0.04
2012-06-07,0.533,0.399,0.95,0.999,0.577,0.943,0.737,0.984,0.033
2012-06-08,0.526,0.389,0.932,1.0,0.546,0.93,0.721,0.961,0.034
2012-06-09,0.529,0.38,0.94,0.999,0.474,0.933,0.719,0.946,0.033
2012-06-10,0.533,0.386,0.939,0.998,0.446,0.931,0.714,0.886,0.034
2012-06-11,0.534,0.373,0.921,0.997,0.426,0.928,0.703,0.806,0.037
2012-06-12,0.537,0.347,0.921,0.995,0.407,0.917,0.698,0.868,0.037
2012-06-13,0.539,0.342,0.911,0.993,0.386,0.918,0.686,0.85,0.033
2012-06-14,0.539,0.356,0.882,0.988,0.387,0.921,0.61,0.831,0.014
2012-06-15,0.54,0.316,0.927,0.994,0.386,0.927,0.65,0.721,0.016
2012-06-16,0.535,0.307,0.922,0.996,0.374,0.918,0.642,0.651,0.016
2012-06-17,0.552,0.317,0.917,0.997,0.374,0.917,0.637,0.685,0.015
2012-06-18,0.546,0.309,0.919,0.997,0.375,0.91,0.579,0.657,0.014
2012-06-19,0.562,0.297,0.919,0.997,0.364,0.91,0.493,0.698,0.019
2012-06-20,0.558,0.29,0.93,0.997,0.361,0.91,0.543,0.704,0.015
2012-06-21,0.567,0.275,0.932,0.998,0.349,0.911,0.561,0.673,0.016
2012-06-22,0.567,0.255,0.934,0.998,0.326,0.912,0.559,0.578,0.015
2012-06-23,0.579,0.238,0.925,0.995,0.311,0.911,0.514,0.597,0.011
2012-06-24,0.585,0.236,0.917,0.993,0.321,0.897,0.494,0.567,0.011
2012-06-25,0.579,0.241,0.927,0.971,0.321,0.856,0.456,0.566,0.012
2012-06-26,0.586,0.228,0.939,0.982,0.304,0.859,0.445,0.562,0.009
2012-06-27,0.578,0.229,0.934,0.981,0.305,0.851,0.401,0.546,0.009
2012-06-28,0.579,0.209,0.948,0.982,0.303,0.861,0.39,0.345,0.013
2012-06-29,0.565,0.198,0.918,0.982,0.298,0.858,0.389,0.304,0.007
2012-06-30,0.546,0.194,0.932,0.97,0.292,0.85,0.373,0.348,0.011
2012-07-01,0.522,0.189,0.913,0.975,0.294,0.841,0.34,0.351,0.004
2012-07-02,0.515,0.188,0.877,0.981,0.298,0.838,0.306,0.332,0.002
2012-07-03,0.522,0.191,0.887,0.979,0.288,0.833,0.286,0.283,0.004
2012-07-04,0.507,0.189,0.879,0.974,0.28,0.833,0.23,0.279,0.002
2012-07-05,0.501,0.193,0.834,0.972,0.284,0.823,0.23,0.131,0.005
2012-07-06,0.465,0.185,0.808,0.957,0.29,0.814,0.244,0.137,0.002
2012-07-07,0.486,0.179,0.8,0.955,0.276,0.81,0.236,0.181,0.002
2012-07-08,0.474,0.164,0.773,0.949,0.265,0.798,0.19,0.157,0.006
2012-07-09,0.494,0.172,0.657,0.951,0.261,0.785,0.093,0.113,0.007
2012-07-10,0.493,0.17,0.729,0.936,0.255,0.784,0.093,0.104,0.006
2012-07-11,0.469,0.167,0.68,0.947,0.25,0.779,0.114,0.055,0.006
2012-07-12,0.45,0.18,0.657,0.929,0.252,0.776,0.099,0.062,0.012
2012-07-13,0.434,0.168,0.655,0.925,0.248,0.773,0.099,0.035,0.009
2012-07-14,0.464,0.172,0.614,0.917,0.24,0.756,0.099,0.059,0.009
2012-07-15,0.463,0.164,0.55,0.882,0.236,0.759,0.127,0.067,0.003
2012-07-16,0.465,0.16,0.524,0.886,0.225,0.767,0.119,0.033,0.002
2012-07-17,0.448,0.162,0.44,0.877,0.226,0.756,0.117,0.03,0.002
2012-07-18,0.442,0.167,0.396,0.833,0.234,0.768,0.135,0.031,0.0
2012-07-19,0.44,0.156,0.413,0.798,0.243,0.775,0.096,0.043,0.0
2012-07-20,0.421,0.162,0.376,0.793,0.234,0.773,0.09,0.043,0.0
2012-07-21,0.402,0.154,0.392,0.775,0.235,0.773,0.101,0.021,0.0
2012-07-22,0.411,0.131,0.401,0.777,0.218,0.774,0.089,0.017,0.001
2012-07-23,0.397,0.132,0.356,0.784,0.215,0.771,0.09,0.013,0.002
2012-07-24,0.416,0.12,0.353,0.793,0.211,0.759,0.078,0.011,0.002
2012-07-25,0.419,0.104,0.304,0.783,0.2,0.75,0.087,0.013,0.002
2012-07-26,0.408,0.11,0.31,0.787,0.169,0.729,0.081,0.017,0.002
2012-07-27,0.412,0.106,0.32,0.781,0.164,0.676,0.091,0.015,0.005
2012-07-28,0.378,0.098,0.257,0.781,0.171,0.662,0.092,0.017,0.011
2012-07-29,0.33,0.105,0.27,0.775,0.163,0.646,0.081,0.017,0.01
2012-07-30,0.359,0.093,0.257,0.755,0.149,0.598,0.072,0.017,0.01
2012-07-31,0.331,0.091,0.267,0.752,0.163,0.595,0.085,0.017,0.011
2012-08-01,0.349,0.101,0.248,0.745,0.158,0.613,0.068,0.017,0.004
2012-08-02,0.357,0.104,0.229,0.722,0.149,0.584,0.072,0.017,0.004
2012-08-03,0.351,0.102,0.241,0.67,0.127,0.559,0.074,0.017,0.002
2012-08-04,0.342,0.093,0.245,0.637,0.133,0.588,0.071,0.015,0.003
2012-08-05,0.341,0.09,0.257,0.589,0.083,0.544,0.064,0.017,0.002
2012-08-06,0.338,0.075,0.266,0.55,0.094,0.488,0.063,0.015,0.002
2012-08-07,0.331,0.075,0.249,0.504,0.131,0.465,0.033,0.017,0.004
2012-08-08,0.305,0.086,0.27,0.42,0.125,0.425,0.029,0.015,0.002
2012-08-09,0.276,0.074,0.272,0.419,0.104,0.397,0.021,0.013,0.002
2012-08-10,0.302,0.074,0.252,0.393,0.126,0.389,0.019,0.017,0.002
2012-08-11,0.287,0.074,0.233,0.37,0.125,0.379,0.02,0.017,0.001
2012-08-12,0.276,0.073,0.244,0.338,0.129,0.354,0.018,0.012,0.002
2012-08-13,0.306,0.069,0.233,0.314,0.11,0.353,0.017,0.013,0.004
2012-08-14,0.304,0.071,0.225,0.247,0.072,0.365,0.032,0.017,0.002
2012-08-15,0.291,0.077,0.215,0.223,0.06,0.344,0.014,0.013,0.003
2012-08-16,0.304,0.082,0.19,0.225,0.048,0.337,0.027,0.011,0.002
2012-08-17,0.299,0.076,0.179,0.216,0.039,0.29,0.017,0.019,0.002
2012-08-18,0.308,0.079,0.181,0.214,0.04,0.271,0.012,0.014,0.002
2012-08-19,0.298,0.081,0.182,0.189,0.048,0.259,0.017,0.014,0.004
2012-08-20,0.301,0.078,0.161,0.179,0.035,0.257,0.013,0.015,0.002
2012-08-21,0.312,0.078,0.127,0.163,0.022,0.249,0.019,0.007,0.003
2012-08-22,0.317,0.075,0.113,0.145,0.017,0.247,0.019,0.015,0.004
2012-08-23,0.283,0.064,0.11,0.131,0.014,0.24,0.011,0.006,0.004
2012-08-24,0.287,0.06,0.106,0.098,0.008,0.228,0.008,0.003,0.002
2012-08-25,0.259,0.058,0.102,0.085,0.002,0.215,0.014,0.002,0.003
2012-08-26,0.266,0.061,0.101,0.092,0.007,0.207,0.02,0.002,0.004
2012-08-27,0.225,0.064,0.108,0.078,0.006,0.197,0.023,0.004,0.004
2012-08-28,0.238,0.061,0.102,0.076,0.006,0.202,0.022,0.002,0.002
2012-08-29,0.272,0.054,0.101,0.077,0.006,0.194,0.032,0.003,0.001
2012-08-30,0.262,0.044,0.106,0.077,0.006,0.196,0.033,0.003,0.002
2012-08-31,0.258,0.048,0.103,0.067,0.005,0.199,0.032,0.007,0.002
2012-09-01,0.259,0.039,0.101,0.066,0.005,0.195,0.013,0.003,0.0
2012-09-02,0.266,0.04,0.096,0.073,0.004,0.191,0.021,0.002,0.0
2012-09-03,0.289,0.041,0.085,0.061,0.004,0.189,0.024,0.002,0.0
2012-09-04,0.271,0.037,0.085,0.049,0.004,0.206,0.011,0.003,0.0
2012-09-05,0.266,0.034,0.087,0.047,0.004,0.203,0.008,0.002,0.0
2012-09-06,0.287,0.037,0.078,0.041,0.002,0.187,0.017,0.0,0.0
2012-09-07,0.283,0.037,0.09,0.034,0.001,0.192,0.046,0.002,0.0
2012-09-08,0.301,0.036,0.093,0.029,0.001,0.209,0.033,0.005,0.0
2012-09-09,0.321,0.03,0.068,0.027,0.001,0.215,0.041,0.003,0.0
2012-09-10,0.312,0.032,0.057,0.031,0.001,0.221,0.038,0.001,0.0
2012-09-11,0.308,0.027,0.047,0.034,0.001,0.227,0.016,0.0,0.0
2012-09-12,0.302,0.031,0.04,0.029,0.001,0.229,0.017,0.001,0.0
2012-09-13,0.298,0.029,0.037,0.034,0.001,0.232,0.019,0.0,0.0
2012-09-14,0.279,0.018,0.037,0.039,0.001,0.232,0.022,0.002,0.0
2012-09-15,0.296,0.014,0.039,0.043,0.001,0.235,0.021,0.001,0.0
2012-09-16,0.285,0.011,0.049,0.048,0.001,0.236,0.026,0.002,0.0
2012-09-17,0.271,0.009,0.075,0.059,0.001,0.246,0.043,0.002,0.0
2012-09-18,0.258,0.014,0.091,0.073,0.001,0.251,0.049,0.002,0.0
2012-09-19,0.281,0.012,0.097,0.08,0.001,0.256,0.052,0.0,0.0
2012-09-20,0.302,0.012,0.082,0.077,0.001,0.267,0.055,0.0,0.0
2012-09-21,0.284,0.017,0.079,0.083,0.001,0.272,0.056,0.0,0.0
2012-09-22,0.275,0.016,0.072,0.081,0.001,0.268,0.062,0.001,0.0
2012-09-23,0.313,0.01,0.065,0.085,0.001,0.268,0.059,0.002,0.0
2012-09-24,0.34,0.009,0.065,0.081,0.001,0.265,0.06,0.002,0.0
2012-09-25,0.344,0.009,0.071,0.078,0.001,0.263,0.064,0.002,0.0
2012-09-26,0.355,0.009,0.078,0.085,0.001,0.268,0.064,0.002,0.0
2012-09-27,0.366,0.018,0.08,0.093,0.001,0.278,0.063,0.0,0.0
2012-09-28,0.371,0.022,0.081,0.1,0.001,0.291,0.059,0.003,0.0
2012-09-29,0.362,0.025,0.087,0.116,0.001,0.304,0.059,0.002,0.0
2012-09-30,0.367,0.027,0.093,0.124,0.001,0.31,0.059,0.001,0.0
2013-03-01,0.565,0.671,1.0,1.0,0.992,1.0,1.0,1.0,0.695
2013-03-02,0.563,0.663,1.0,1.0,0.99,1.0,1.0,1.0,0.704
2013-03-03,0.571,0.677,1.0,1.0,0.989,1.0,1.0,1.0,0.665
2013-03-04,0.558,0.689,1.0,1.0,0.986,1.0,1.0,1.0,0.673
2013-03-05,0.553,0.691,1.0,1.0,0.98,1.0,1.0,1.0,0.692
2013-03-06,0.542,0.7,1.0,1.0,0.976,1.0,1.0,1.0,0.711
2013-03-07,0.541,0.704,1.0,1.0,0.979,1.0,1.0,1.0,0.709
2013-03-08,0.547,0.708,1.0,1.0,0.986,1.0,1.0,1.0,0.689
2013-03-09,0.56,0.712,1.0,1.0,0.984,1.0,1.0,1.0,0.678
2013-03-10,0.575,0.719,1.0,1.0,0.977,1.0,1.0,1.0,0.691
2013-03-11,0.577,0.727,1.0,1.0,0.975,1.0,1.0,1.0,0.706
2013-03-12,0.571,0.726,1.0,1.0,0.968,1.0,1.0,1.0,0.706
2013-03-13,0.576,0.728,1.0,1.0,0.965,1.0,1.0,1.0,0.702
2013-03-14,0.58,0.723,1.0,1.0,0.971,1.0,1.0,1.0,0.695
2013-03-15,0.601,0.716,1.0,1.0,0.976,1.0,1.0,1.0,0.69
2013-03-16,0.597,0.716,1.0,1.0,0.977,1.0,1.0,1.0,0.703
2013-03-17,0.579,0.719,1.0,1.0,0.971,1.0,1.0,1.0,0.721
2013-03-18,0.577,0.719,1.0,1.0,0.969,1.0,1.0,1.0,0.711
2013-03-19,0.565,0.718,1.0,1.0,0.973,1.0,1.0,1.0,0.689
2013-03-20,0.525,0.721,1.0,1.0,0.972,1.0,1.0,1.0,0.654
2013-03-21,0.503,0.729,1.0,1.0,0.968,1.0,0.993,1.0,0.636
2013-03-22,0.505,0.734,1.0,1.0,0.972,1.0,0.989,1.0,0.631
2013-03-23,0.512,0.741,1.0,1.0,0.98,1.0,0.997,1.0,0.608
2013-03-24,0.522,0.744,1.0,1.0,0.987,1.0,0.994,1.0,0.595
2013-03-25,0.529,0.745,1.0,1.0,0.991,1.0,0.994,1.0,0.584
2013-03-26,0.539,0.746,1.0,1.0,0.993,1.0,0.994,1.0,0.584
2013-03-27,0.552,0.738,1.0,1.0,0.991,1.0,1.0,1.0,0.576
2013-03-28,0.567,0.731,1.0,1.0,0.989,1.0,1.0,1.0,0.573
2013-03-29,0.565,0.73,1.0,1.0,0.99,1.0,0.997,1.0,0.577
2013-03-30,0.563,0.725,1.0,1.0,0.994,1.0,0.994,1.0,0.591
2013-03-31,0.569,0.723,1.0,1.0,0.988,1.0,0.994,1.0,0.614
2013-04-01,0.579,0.716,1.0,1.0,0.98,1.0,0.994,1.0,0.626
2013-04-02,0.596,0.708,1.0,1.0,0.97,1.0,0.994,1.0,0.626
2013-04-03,0.604,0.711,1.0,1.0,0.972,1.0,0.989,1.0,0.601
2013-04-04,0.605,0.708,1.0,1.0,0.973,1.0,0.987,1.0,0.575
2013-04-05,0.604,0.713,1.0,1.0,0.976,1.0,0.986,1.0,0.554
2013-04-06,0.599,0.721,1.0,1.0,0.979,1.0,0.985,1.0,0.549
2013-04-07,0.602,0.728,1.0,1.0,0.985,1.0,0.988,1.0,0.545
2013-04-08,0.611,0.733,1.0,1.0,0.988,1.0,0.983,1.0,0.523
2013-04-09,0.613,0.738,1.0,1.0,0.991,1.0,0.987,1.0,0.493
2013-04-10,0.609,0.741,1.0,1.0,0.99,1.0,0.983,1.0,0.477
2013-04-11,0.613,0.732,1.0,1.0,0.992,1.0,0.984,1.0,0.453
2013-04-12,0.611,0.726,1.0,1.0,0.992,1.0,0.983,1.0,0.452
2013-04-13,0.609,0.722,1.0,1.0,0.988,1.0,0.983,1.0,0.44
2013-04-14,0.603,0.716,1.0,1.0,0.985,1.0,0.981,1.0,0.425
2013-04-15,0.601,0.715,1.0,1.0,0.988,1.0,0.982,1.0,0.403
2013-04-16,0.592,0.717,1.0,1.0,0.991,1.0,0.982,1.0,0.394
2013-04-17,0.575,0.708,1.0,1.0,0.991,1.0,0.984,1.0,0.363
2013-04-18,0.577,0.704,1.0,1.0,0.988,1.0,0.984,1.0,0.326
2013-04-19,0.588,0.708,1.0,1.0,0.971,1.0,0.984,1.0,0.313
2013-04-20,0.583,0.717,1.0,1.0,0.974,1.0,0.986,1.0,0.28
2013-04-21,0.562,0.72,1.0,1.0,0.974,1.0,0.988,1.0,0.299
2013-04-22,0.549,0.703,1.0,1.0,0.975,1.0,0.989,1.0,0.296
2013-04-23,0.546,0.693,1.0,1.0,0.966,1.0,0.99,1.0,0.285
2013-04-24,0.546,0.682,1.0,1.0,0.943,1.0,0.987,1.0,0.277
2013-04-25,0.552,0.669,1.0,1.0,0.921,1.0,0.984,1.0,0.274
2013-04-26,0.56,0.662,1.0,1.0,0.929,1.0,0.986,1.0,0.259
2013-04-27,0.567,0.659,1.0,1.0,0.938,1.0,0.985,1.0,0.238
2013-04-28,0.564,0.656,1.0,1.0,0.928,1.0,0.984,1.0,0.236
2013-04-29,0.561,0.637,1.0,1.0,0.924,1.0,0.984,1.0,0.23
2013-04-30,0.569,0.638,1.0,1.0,0.924,1.0,0.983,1.0,0.247
2013-05-01,0.573,0.624,1.0,1.0,0.909,1.0,0.982,1.0,0.249
2013-05-02,0.571,0.623,1.0,1.0,0.915,1.0,0.981,1.0,0.237
2013-05-03,0.566,0.625,1.0,1.0,0.928,1.0,0.986,1.0,0.229
2013-05-04,0.558,0.62,1.0,1.0,0.93,1.0,0.987,1.0,0.226
2013-05-05,0.543,0.623,1.0,1.0,0.889,1.0,0.985,1.0,0.224
2013-05-06,0.531,0.622,1.0,1.0,0.871,1.0,0.982,1.0,0.232
2013-05-07,0.529,0.62,0.999,1.0,0.869,1.0,0.973,1.0,0.243
2013-05-08,0.54,0.614,1.0,1.0,0.857,1.0,0.973,1.0,0.254
2013-05-09,0.545,0.613,0.998,1.0,0.859,1.0,0.975,1.0,0.253
2013-05-10,0.543,0.61,0.995,1.0,0.846,1.0,0.977,1.0,0.236
2013-05-11,0.541,0.611,0.997,1.0,0.839,1.0,0.977,1.0,0.22
2013-05-12,0.524,0.614,0.983,1.0,0.823,1.0,0.979,1.0,0.226
2013-05-13,0.512,0.617,0.974,1.0,0.821,1.0,0.98,1.0,0.222
2013-05-14,0.505,0.619,0.972,1.0,0.806,1.0,0.974,1.0,0.227
2013-05-15,0.507,0.616,0.963,1.0,0.799,1.0,0.979,0.999,0.228
2013-05-16,0.501,0.616,0.965,1.0,0.805,1.0,0.972,1.0,0.215
2013-05-17,0.501,0.614,0.966,1.0,0.792,1.0,0.973,1.0,0.208
2013-05-18,0.499,0.607,0.965,1.0,0.782,1.0,0.973,1.0,0.193
2013-05-19,0.505,0.594,0.98,1.0,0.757,1.0,0.97,0.997,0.196
2013-05-20,0.505,0.597,0.996,1.0,0.732,1.0,0.969,0.999,0.196
2013-05-21,0.51,0.6,0.996,1.0,0.702,1.0,0.971,1.0,0.191
2013-05-22,0.511,0.594,0.988,1.0,0.709,1.0,0.967,0.999,0.175
2013-05-23,0.486,0.591,0.981,1.0,0.695,1.0,0.968,1.0,0.181
2013-05-24,0.488,0.594,0.972,1.0,0.677,1.0,0.965,0.995,0.166
2013-05-25,0.482,0.59,0.978,1.0,0.666,1.0,0.966,0.995,0.175
2013-05-26,0.48,0.589,0.981,1.0,0.648,1.0,0.941,0.999,0.151
2013-05-27,0.476,0.59,0.979,1.0,0.624,1.0,0.936,0.992,0.139
2013-05-28,0.465,0.59,0.975,1.0,0.643,1.0,0.944,0.999,0.126
2013-05-29,0.457,0.588,0.971,1.0,0.631,1.0,0.92,1.0,0.124
2013-05-30,0.465,0.582,0.973,1.0,0.622,1.0,0.932,0.999,0.109
2013-05-31,0.457,0.577,0.969,1.0,0.587,1.0,0.925,0.998,0.119
2013-06-01,0.452,0.574,0.965,1.0,0.583,1.0,0.922,0.996,0.114
2013-06-02,0.448,0.562,0.964,1.0,0.552,1.0,0.916,0.986,0.099
2013-06-03,0.462,0.554,0.955,1.0,0.532,1.0,0.921,0.987,0.118
2013-06-04,0.459,0.55,0.946,1.0,0.514,1.0,0.936,0.976,0.114
2013-06-05,0.489,0.546,0.947,1.0,0.499,1.0,0.919,0.975,0.102
2013-06-06,0.502,0.542,0.953,1.0,0.47,1.0,0.907,0.971,0.08
2013-06-07,0.505,0.54,0.953,1.0,0.444,1.0,0.909,0.976,0.074
2013-06-08,0.514,0.534,0.95,1.0,0.415,1.0,0.895,0.957,0.08
2013-06-09,0.518,0.524,0.945,1.0,0.395,1.0,0.901,0.964,0.08
2013-06-10,0.511,0.522,0.949,1.0,0.396,1.0,0.883,0.959,0.076
2013-06-11,0.507,0.514,0.936,1.0,0.388,1.0,0.866,0.943,0.079
2013-06-12,0.494,0.517,0.936,1.0,0.381,1.0,0.862,0.927,0.068
2013-06-13,0.5,0.515,0.923,1.0,0.39,1.0,0.802,0.909,0.06
2013-06-14,0.508,0.515,0.907,1.0,0.376,1.0,0.79,0.885,0.055
2013-06-15,0.511,0.51,0.912,1.0,0.339,1.0,0.79,0.888,0.065
2013-06-16,0.52,0.509,0.901,1.0,0.339,1.0,0.791,0.876,0.055
2013-06-17,0.505,0.502,0.909,0.997,0.328,1.0,0.768,0.862,0.052
2013-06-18,0.494,0.492,0.892,1.0,0.328,1.0,0.752,0.846,0.048
2013-06-19,0.495,0.486,0.888,1.0,0.315,1.0,0.756,0.805,0.054
2013-06-20,0.493,0.48,0.879,1.0,0.318,1.0,0.746,0.812,0.055
2013-06-21,0.488,0.46,0.855,1.0,0.32,1.0,0.742,0.769,0.056
2013-06-22,0.482,0.45,0.858,1.0,0.312,1.0,0.713,0.723,0.053
2013-06-23,0.488,0.442,0.863,1.0,0.313,1.0,0.712,0.697,0.054
2013-06-24,0.488,0.426,0.861,1.0,0.308,1.0,0.691,0.687,0.051
2013-06-25,0.464,0.432,0.837,1.0,0.306,1.0,0.644,0.665,0.065
2013-06-26,0.48,0.414,0.813,1.0,0.3,1.0,0.621,0.622,0.06
2013-06-27,0.455,0.417,0.799,1.0,0.292,0.993,0.591,0.611,0.05
2013-06-28,0.417,0.411,0.814,1.0,0.289,0.99,0.507,0.591,0.044
2013-06-29,0.341,0.403,0.8,1.0,0.277,0.993,0.498,0.551,0.033
2013-06-30,0.34,0.384,0.777,1.0,0.251,0.997,0.441,0.486,0.034
2013-07-01,0.372,0.365,0.792,1.0,0.25,0.988,0.432,0.329,0.031
2013-07-02,0.326,0.355,0.8,1.0,0.242,0.975,0.416,0.343,0.032
2013-07-03,0.291,0.364,0.766,0.997,0.245,0.977,0.381,0.275,0.023
2013-07-04,0.299,0.349,0.733,0.994,0.25,0.973,0.363,0.18,0.014
2013-07-05,0.279,0.338,0.711,0.989,0.24,0.975,0.338,0.194,0.007
2013-07-06,0.241,0.325,0.73,0.987,0.233,0.995,0.324,0.191,0.034
2013-07-07,0.241,0.326,0.705,0.98,0.231,0.992,0.309,0.204,0.013
2013-07-08,0.315,0.315,0.691,0.976,0.235,0.97,0.316,0.156,0.008
2013-07-09,0.317,0.303,0.647,0.974,0.229,0.961,0.327,0.068,0.01
2013-07-10,0.303,0.287,0.672,0.969,0.215,0.968,0.298,0.112,0.006
2013-07-11,0.299,0.28,0.662,0.981,0.214,0.967,0.27,0.096,0.006
2013-07-12,0.278,0.265,0.656,0.969,0.197,0.962,0.219,0.025,0.005
2013-07-13,0.233,0.243,0.634,0.944,0.173,0.963,0.212,0.043,0.003
2013-07-14,0.24,0.236,0.648,0.932,0.166,0.968,0.213,0.045,0.005
2013-07-15,0.263,0.231,0.598,0.926,0.132,0.967,0.202,0.058,0.003
2013-07-16,0.255,0.19,0.601,0.915,0.129,0.951,0.204,0.052,0.005
2013-07-17,0.273,0.194,0.6,0.914,0.128,0.936,0.198,0.026,0.002
2013-07-18,0.257,0.181,0.587,0.928,0.131,0.93,0.163,0.007,0.002
2013-07-19,0.23,0.186,0.576,0.911,0.133,0.924,0.151,0.007,0.002
2013-07-20,0.228,0.179,0.561,0.891,0.125,0.924,0.148,0.008,0.001
2013-07-21,0.203,0.154,0.546,0.864,0.094,0.927,0.144,0.005,0.003
2013-07-22,0.205,0.142,0.542,0.868,0.066,0.896,0.138,0.011,0.002
2013-07-23,0.202,0.136,0.527,0.89,0.092,0.872,0.137,0.013,0.001
2013-07-24,0.211,0.145,0.484,0.895,0.108,0.901,0.143,0.005,0.001
2013-07-25,0.212,0.144,0.474,0.876,0.102,0.913,0.13,0.008,0.001
2013-07-26,0.217,0.14,0.498,0.855,0.095,0.905,0.135,0.009,0.002
2013-07-27,0.215,0.138,0.477,0.839,0.075,0.94,0.12,0.008,0.002
2013-07-28,0.2,0.131,0.473,0.847,0.057,0.874,0.112,0.009,0.0
2013-07-29,0.215,0.13,0.463,0.821,0.088,0.893,0.104,0.008,0.001
2013-07-30,0.21,0.122,0.461,0.822,0.081,0.894,0.104,0.003,0.001
2013-07-31,0.212,0.115,0.45,0.825,0.067,0.879,0.097,0.005,0.001
2013-08-01,0.207,0.111,0.462,0.814,0.061,0.876,0.107,0.005,0.001
2013-08-02,0.213,0.099,0.457,0.801,0.06,0.841,0.106,0.005,0.001
2013-08-03,0.182,0.095,0.443,0.806,0.067,0.805,0.106,0.002,0.001
2013-08-04,0.207,0.099,0.429,0.801,0.059,0.791,0.079,0.003,0.0
2013-08-05,0.198,0.099,0.414,0.805,0.063,0.797,0.076,0.004,0.0
2013-08-06,0.17,0.107,0.416,0.766,0.066,0.807,0.112,0.005,0.001
2013-08-07,0.142,0.106,0.409,0.73,0.054,0.77,0.086,0.01,0.001
2013-08-08,0.176,0.101,0.421,0.713,0.046,0.75,0.084,0.031,0.001
2013-08-09,0.169,0.107,0.408,0.712,0.051,0.745,0.085,0.007,0.001
2013-08-10,0.162,0.106,0.403,0.709,0.052,0.732,0.085,0.007,0.002
2013-08-11,0.166,0.107,0.384,0.691,0.038,0.754,0.065,0.002,0.002
2013-08-12,0.166,0.099,0.378,0.667,0.025,0.75,0.06,0.007,0.002
2013-08-13,0.168,0.099,0.391,0.642,0.033,0.714,0.07,0.003,0.0
2013-08-14,0.164,0.097,0.396,0.639,0.018,0.737,0.064,0.005,0.0
2013-08-15,0.162,0.092,0.389,0.63,0.017,0.726,0.063,0.011,0.001
2013-08-16,0.168,0.085,0.38,0.612,0.014,0.72,0.067,0.002,0.003
2013-08-17,0.154,0.088,0.384,0.612,0.013,0.738,0.064,0.002,0.003
2013-08-18,0.149,0.079,0.375,0.604,0.018,0.738,0.067,0.003,0.003
2013-08-19,0.154,0.074,0.377,0.579,0.01,0.727,0.064,0.005,0.004
2013-08-20,0.162,0.065,0.366,0.583,0.018,0.741,0.07,0.013,0.004
2013-08-21,0.168,0.068,0.366,0.576,0.016,0.737,0.074,0.002,0.002
2013-08-22,0.175,0.067,0.361,0.578,0.012,0.746,0.069,0.008,0.004
2013-08-23,0.171,0.066,0.361,0.574,0.006,0.747,0.066,0.005,0.004
2013-08-24,0.179,0.072,0.353,0.574,0.002,0.746,0.072,0.002,0.004
2013-08-25,0.143,0.069,0.325,0.578,0.002,0.747,0.078,0.002,0.002
2013-08-26,0.147,0.064,0.296,0.583,0.006,0.752,0.075,0.002,0.004
2013-08-27,0.141,0.055,0.258,0.56,0.002,0.758,0.074,0.0,0.004
2013-08-28,0.153,0.049,0.245,0.547,0.001,0.759,0.074,0.002,0.004
2013-08-29,0.162,0.044,0.211,0.544,0.002,0.748,0.075,0.0,0.004
2013-08-30,0.163,0.051,0.189,0.528,0.002,0.746,0.069,0.0,0.004
2013-08-31,0.168,0.05,0.174,0.517,0.002,0.75,0.064,0.001,0.004
2013-09-01,0.162,0.046,0.164,0.5,0.001,0.757,0.076,0.004,0.0
2013-09-02,0.16,0.047,0.148,0.488,0.001,0.767,0.076,0.003,0.0
2013-09-03,0.148,0.046,0.137,0.483,0.001,0.77,0.076,0.0,0.0
2013-09-04,0.151,0.042,0.133,0.48,0.001,0.764,0.075,0.001,0.0
2013-09-05,0.166,0.047,0.132,0.48,0.001,0.766,0.075,0.003,0.0
2013-09-06,0.166,0.046,0.13,0.48,0.001,0.774,0.076,0.0,0.0
2013-09-07,0.165,0.047,0.125,0.483,0.001,0.774,0.076,0.0,0.0
2013-09-08,0.166,0.044,0.111,0.469,0.001,0.767,0.076,0.0,0.0
2013-09-09,0.173,0.043,0.097,0.463,0.001,0.763,0.076,0.0,0.0
2013-09-10,0.176,0.046,0.088,0.456,0.001,0.757,0.076,0.002,0.0
2013-09-11,0.165,0.044,0.078,0.456,0.001,0.751,0.075,0.002,0.0
2013-09-12,0.178,0.041,0.063,0.455,0.001,0.751,0.075,0.002,0.0
2013-09-13,0.168,0.043,0.054,0.458,0.001,0.751,0.076,0.003,0.0
2013-09-14,0.184,0.038,0.044,0.462,0.001,0.748,0.097,0.007,0.0
2013-09-15,0.189,0.037,0.04,0.463,0.001,0.759,0.097,0.002,0.0
2013-09-16,0.191,0.034,0.042,0.46,0.001,0.764,0.105,0.002,0.0
2013-09-17,0.185,0.03,0.029,0.47,0.001,0.772,0.103,0.002,0.0
2013-09-18,0.188,0.03,0.02,0.478,0.002,0.779,0.105,0.002,0.0
2013-09-19,0.178,0.036,0.017,0.477,0.002,0.78,0.107,0.0,0.0
2013-09-20,0.176,0.04,0.035,0.491,0.003,0.785,0.109,0.0,0.0
2013-09-21,0.16,0.031,0.05,0.518,0.003,0.782,0.109,0.0,0.0
2013-09-22,0.151,0.028,0.056,0.525,0.003,0.78,0.109,0.011,0.0
2013-09-23,0.178,0.026,0.064,0.547,0.004,0.786,0.109,0.011,0.0
2013-09-24,0.174,0.026,0.086,0.571,0.004,0.783,0.109,0.006,0.0
2013-09-25,0.173,0.028,0.097,0.591,0.002,0.782,0.127,0.014,0.0
2013-09-26,0.177,0.031,0.108,0.61,0.002,0.777,0.123,0.004,0.0
2013-09-27,0.166,0.033,0.129,0.637,0.002,0.781,0.132,0.002,0.0
2013-09-28,0.147,0.036,0.144,0.667,0.001,0.777,0.135,0.003,0.0
2013-09-29,0.149,0.036,0.163,0.688,0.001,0.783,0.14,0.002,0.0
2013-09-30,0.165,0.041,0.197,0.701,0.001,0.794,0.143,0.002,0.0
2014-03-01,0.524,0.598,1.0,1.0,0.859,1.0,1.0,1.0,0.64
2014-03-02,0.525,0.604,1.0,1.0,0.858,1.0,1.0,1.0,0.617
2014-03-03,0.526,0.609,1.0,1.0,0.878,1.0,1.0,1.0,0.608
2014-03-04,0.53,0.599,1.0,1.0,0.9,1.0,1.0,1.0,0.607
2014-03-05,0.524,0.596,1.0,1.0,0.917,1.0,0.999,1.0,0.621
2014-03-06,0.516,0.592,1.0,1.0,0.93,1.0,1.0,1.0,0.619
2014-03-07,0.514,0.578,1.0,1.0,0.937,1.0,1.0,1.0,0.565
2014-03-08,0.509,0.542,1.0,1.0,0.939,1.0,1.0,1.0,0.531
2014-03-09,0.512,0.544,1.0,1.0,0.947,1.0,1.0,1.0,0.527
2014-03-10,0.525,0.554,1.0,1.0,0.956,1.0,1.0,1.0,0.522
2014-03-11,0.531,0.574,1.0,1.0,0.957,1.0,1.0,1.0,0.529
2014-03-12,0.531,0.586,1.0,1.0,0.96,1.0,1.0,1.0,0.544
2014-03-13,0.537,0.599,1.0,1.0,0.965,1.0,1.0,1.0,0.549
2014-03-14,0.535,0.614,1.0,1.0,0.967,1.0,1.0,1.0,0.537
2014-03-15,0.529,0.63,1.0,1.0,0.97,1.0,1.0,1.0,0.542
2014-03-16,0.514,0.644,1.0,1.0,0.967,1.0,1.0,1.0,0.565
2014-03-17,0.507,0.639,1.0,1.0,0.969,1.0,1.0,1.0,0.588
2014-03-18,0.495,0.65,1.0,1.0,0.971,1.0,1.0,1.0,0.609
2014-03-19,0.493,0.649,1.0,1.0,0.973,1.0,1.0,1.0,0.623
2014-03-20,0.491,0.654,1.0,1.0,0.957,1.0,1.0,1.0,0.627
2014-03-21,0.5,0.659,1.0,1.0,0.953,1.0,1.0,1.0,0.613
2014-03-22,0.5,0.67,1.0,1.0,0.956,1.0,1.0,1.0,0.561
2014-03-23,0.507,0.676,1.0,1.0,0.955,1.0,1.0,1.0,0.552
2014-03-24,0.51,0.673,1.0,1.0,0.951,1.0,1.0,1.0,0.545
2014-03-25,0.502,0.684,1.0,1.0,0.945,1.0,1.0,1.0,0.53
2014-03-26,0.487,0.674,1.0,1.0,0.938,1.0,1.0,1.0,0.529
2014-03-27,0.481,0.667,1.0,1.0,0.933,1.0,1.0,1.0,0.527
2014-03-28,0.499,0.656,1.0,1.0,0.92,1.0,1.0,1.0,0.509
2014-03-29,0.513,0.652,1.0,1.0,0.908,1.0,1.0,1.0,0.515
2014-03-30,0.523,0.65,1.0,1.0,0.906,1.0,1.0,1.0,0.525
2014-03-31,0.53,0.664,1.0,1.0,0.905,1.0,1.0,1.0,0.515
2014-04-01,0.543,0.671,1.0,1.0,0.905,1.0,1.0,1.0,0.508
2014-04-02,0.534,0.681,1.0,1.0,0.898,1.0,1.0,1.0,0.501
2014-04-03,0.529,0.688,1.0,1.0,0.896,1.0,1.0,1.0,0.496
2014-04-04,0.543,0.696,1.0,1.0,0.907,1.0,1.0,1.0,0.484
2014-04-05,0.543,0.701,1.0,1.0,0.921,1.0,1.0,1.0,0.474
2014-04-06,0.537,0.697,1.0,1.0,0.928,1.0,1.0,1.0,0.452
2014-04-07,0.528,0.704,1.0,1.0,0.943,1.0,1.0,1.0,0.438
2014-04-08,0.507,0.709,1.0,1.0,0.939,1.0,1.0,1.0,0.438
2014-04-09,0.505,0.709,1.0,1.0,0.926,1.0,1.0,1.0,0.425
2014-04-10,0.52,0.703,1.0,1.0,0.914,1.0,1.0,1.0,0.417
2014-04-11,0.518,0.689,1.0,1.0,0.902,1.0,0.999,1.0,0.404
2014-04-12,0.52,0.687,1.0,1.0,0.88,1.0,0.998,1.0,0.387
2014-04-13,0.528,0.69,1.0,1.0,0.846,1.0,0.994,1.0,0.385
2014-04-14,0.529,0.693,1.0,1.0,0.832,1.0,0.998,1.0,0.379
2014-04-15,0.531,0.703,1.0,1.0,0.812,1.0,0.993,1.0,0.354
2014-04-16,0.541,0.706,1.0,1.0,0.801,1.0,0.995,1.0,0.329
2014-04-17,0.524,0.679,1.0,1.0,0.796,1.0,0.988,1.0,0.34
2014-04-18,0.524,0.655,1.0,1.0,0.792,1.0,0.978,1.0,0.326
2014-04-19,0.514,0.663,1.0,1.0,0.792,1.0,0.994,1.0,0.296
2014-04-20,0.516,0.66,1.0,1.0,0.79,1.0,0.995,1.0,0.287
2014-04-21,0.519,0.65,1.0,1.0,0.785,1.0,0.993,1.0,0.266
2014-04-22,0.531,0.658,1.0,1.0,0.771,1.0,0.993,1.0,0.252
2014-04-23,0.539,0.662,1.0,1.0,0.757,1.0,0.989,1.0,0.244
2014-04-24,0.531,0.667,1.0,1.0,0.752,1.0,0.993,1.0,0.236
2014-04-25,0.529,0.677,1.0,1.0,0.744,1.0,0.989,1.0,0.238
2014-04-26,0.535,0.682,1.0,1.0,0.739,1.0,0.988,1.0,0.211
2014-04-27,0.543,0.688,1.0,1.0,0.742,1.0,0.989,1.0,0.211
2014-04-28,0.552,0.685,1.0,1.0,0.735,1.0,0.987,1.0,0.217
2014-04-29,0.537,0.688,1.0,1.0,0.73,1.0,0.986,1.0,0.21
2014-04-30,0.543,0.69,1.0,1.0,0.663,1.0,0.989,1.0,0.168
2014-05-01,0.55,0.691,1.0,1.0,0.64,1.0,0.989,1.0,0.179
2014-05-02,0.539,0.685,1.0,1.0,0.645,1.0,0.989,1.0,0.17
2014-05-03,0.54,0.684,1.0,1.0,0.642,1.0,0.984,1.0,0.156
2014-05-04,0.53,0.686,1.0,1.0,0.636,1.0,0.982,1.0,0.131
2014-05-05,0.526,0.687,1.0,1.0,0.645,1.0,0.975,1.0,0.127
2014-05-06,0.51,0.688,1.0,1.0,0.643,1.0,0.973,1.0,0.121
2014-05-07,0.512,0.691,1.0,1.0,0.608,1.0,0.974,1.0,0.119
2014-05-08,0.51,0.679,1.0,1.0,0.615,1.0,0.975,1.0,0.113
2014-05-09,0.516,0.664,1.0,1.0,0.585,1.0,0.975,1.0,0.109
2014-05-10,0.522,0.661,1.0,1.0,0.563,1.0,0.975,0.998,0.106
2014-05-11,0.523,0.657,1.0,1.0,0.554,1.0,0.971,1.0,0.087
2014-05-12,0.526,0.649,1.0,1.0,0.536,1.0,0.962,1.0,0.078
2014-05-13,0.525,0.65,1.0,1.0,0.527,1.0,0.945,1.0,0.073
2014-05-14,0.532,0.648,1.0,1.0,0.508,1.0,0.949,1.0,0.076
2014-05-15,0.53,0.644,1.0,1.0,0.498,1.0,0.945,1.0,0.094
2014-05-16,0.536,0.637,1.0,1.0,0.49,1.0,0.94,1.0,0.094
2014-05-17,0.546,0.635,1.0,1.0,0.493,1.0,0.946,1.0,0.079
2014-05-18,0.552,0.627,1.0,0.993,0.49,1.0,0.939,1.0,0.081
2014-05-19,0.549,0.623,1.0,0.997,0.484,1.0,0.939,1.0,0.07
2014-05-20,0.55,0.62,0.999,0.995,0.47,1.0,0.928,1.0,0.063
2014-05-21,0.56,0.62,1.0,0.991,0.48,1.0,0.941,1.0,0.057
2014-05-22,0.55,0.622,1.0,0.991,0.451,1.0,0.933,1.0,0.057
2014-05-23,0.55,0.614,1.0,0.988,0.47,1.0,0.901,1.0,0.058
2014-05-24,0.541,0.596,0.996,0.988,0.47,1.0,0.893,1.0,0.062
2014-05-25,0.522,0.597,0.993,0.98,0.45,1.0,0.862,1.0,0.062
2014-05-26,0.526,0.599,0.982,0.979,0.45,1.0,0.868,1.0,0.027
2014-05-27,0.523,0.606,0.973,0.982,0.424,1.0,0.846,1.0,0.017
2014-05-28,0.514,0.602,0.961,0.981,0.405,1.0,0.859,1.0,0.016
2014-05-29,0.526,0.592,0.954,0.979,0.42,1.0,0.853,0.999,0.013
2014-05-30,0.527,0.59,0.944,0.976,0.433,1.0,0.836,1.0,0.016
2014-05-31,0.528,0.59,0.934,0.974,0.422,1.0,0.822,0.994,0.012
2014-06-01,0.528,0.581,0.937,0.971,0.401,1.0,0.841,0.997,0.008
2014-06-02,0.523,0.586,0.932,0.965,0.391,1.0,0.845,1.0,0.011
2014-06-03,0.52,0.581,0.921,0.965,0.381,1.0,0.82,0.967,0.026
2014-06-04,0.501,0.583,0.915,0.964,0.39,1.0,0.812,0.975,0.023
2014-06-05,0.5,0.577,0.902,0.962,0.375,1.0,0.805,0.995,0.008
2014-06-06,0.505,0.563,0.883,0.96,0.375,1.0,0.761,0.991,0.008
2014-06-07,0.503,0.566,0.87,0.959,0.377,1.0,0.766,0.965,0.007
2014-06-08,0.52,0.563,0.873,0.958,0.375,1.0,0.757,0.989,0.013
2014-06-09,0.512,0.558,0.864,0.958,0.372,1.0,0.753,0.968,0.008
2014-06-10,0.507,0.551,0.851,0.956,0.358,1.0,0.735,0.971,0.008
2014-06-11,0.515,0.553,0.852,0.954,0.345,1.0,0.743,0.88,0.009
2014-06-12,0.516,0.544,0.877,0.955,0.345,1.0,0.742,0.843,0.012
2014-06-13,0.51,0.545,0.867,0.956,0.339,1.0,0.727,0.828,0.011
2014-06-14,0.52,0.544,0.869,0.954,0.336,1.0,0.698,0.86,0.006
2014-06-15,0.519,0.544,0.856,0.951,0.325,1.0,0.653,0.855,0.006
2014-06-16,0.507,0.532,0.859,0.956,0.311,1.0,0.667,0.803,0.007
2014-06-17,0.495,0.523,0.856,0.958,0.302,1.0,0.666,0.816,0.013
2014-06-18,0.476,0.532,0.832,0.96,0.302,0.995,0.648,0.778,0.008
2014-06-19,0.465,0.527,0.83,0.959,0.296,0.965,0.638,0.721,0.008
2014-06-20,0.45,0.524,0.82,0.96,0.284,0.976,0.597,0.709,0.006
2014-06-21,0.442,0.519,0.809,0.96,0.277,0.975,0.594,0.679,0.008
2014-06-22,0.418,0.525,0.799,0.959,0.278,0.932,0.561,0.687,0.008
2014-06-23,0.416,0.505,0.778,0.961,0.27,0.931,0.573,0.645,0.005
2014-06-24,0.409,0.502,0.79,0.959,0.27,0.926,0.521,0.611,0.005
2014-06-25,0.38,0.516,0.792,0.958,0.262,0.936,0.517,0.587,0.011
2014-06-26,0.397,0.515,0.788,0.961,0.254,0.922,0.473,0.572,0.015
2014-06-27,0.4,0.508,0.777,0.962,0.247,0.926,0.443,0.47,0.011
2014-06-28,0.396,0.483,0.761,0.956,0.228,0.922,0.412,0.408,0.015
2014-06-29,0.388,0.479,0.757,0.958,0.226,0.911,0.38,0.141,0.012
2014-06-30,0.38,0.467,0.748,0.96,0.234,0.908,0.382,0.271,0.011
2014-07-01,0.391,0.454,0.733,0.962,0.219,0.899,0.349,0.259,0.003
2014-07-02,0.37,0.446,0.723,0.96,0.207,0.884,0.329,0.304,0.002
2014-07-03,0.37,0.428,0.712,0.963,0.204,0.869,0.33,0.305,0.002
2014-07-04,0.374,0.421,0.701,0.964,0.2,0.875,0.269,0.29,0.002
2014-07-05,0.367,0.434,0.646,0.964,0.2,0.881,0.268,0.255,0.002
2014-07-06,0.355,0.431,0.622,0.963,0.2,0.885,0.214,0.238,0.009
2014-07-07,0.35,0.421,0.603,0.961,0.199,0.885,0.206,0.237,0.001
2014-07-08,0.325,0.422,0.585,0.953,0.19,0.876,0.225,0.206,0.002
2014-07-09,0.365,0.406,0.545,0.947,0.178,0.867,0.191,0.208,0.003
2014-07-10,0.353,0.405,0.408,0.926,0.173,0.867,0.177,0.186,0.003
2014-07-11,0.372,0.39,0.465,0.915,0.168,0.855,0.151,0.08,0.003
2014-07-12,0.38,0.377,0.469,0.936,0.159,0.838,0.201,0.134,0.003
2014-07-13,0.366,0.377,0.449,0.935,0.151,0.837,0.179,0.096,0.003
2014-07-14,0.338,0.362,0.4,0.933,0.166,0.839,0.164,0.091,0.002
2014-07-15,0.312,0.351,0.41,0.917,0.146,0.842,0.162,0.083,0.003
2014-07-16,0.304,0.352,0.336,0.932,0.13,0.851,0.115,0.055,0.002
2014-07-17,0.351,0.345,0.283,0.926,0.132,0.829,0.139,0.02,0.002
2014-07-18,0.332,0.343,0.314,0.921,0.138,0.826,0.117,0.035,0.003
2014-07-19,0.336,0.316,0.295,0.924,0.147,0.829,0.128,0.037,0.001
2014-07-20,0.338,0.319,0.295,0.913,0.135,0.828,0.115,0.029,0.001
2014-07-21,0.336,0.305,0.268,0.919,0.134,0.823,0.14,0.014,0.011
2014-07-22,0.264,0.304,0.26,0.927,0.132,0.831,0.107,0.026,0.0
2014-07-23,0.329,0.3,0.267,0.924,0.129,0.835,0.096,0.027,0.002
2014-07-24,0.317,0.288,0.259,0.918,0.13,0.827,0.092,0.021,0.003
2014-07-25,0.309,0.285,0.262,0.913,0.126,0.826,0.081,0.015,0.003
2014-07-26,0.288,0.262,0.257,0.886,0.126,0.829,0.082,0.019,0.006
2014-07-27,0.291,0.27,0.192,0.874,0.121,0.836,0.077,0.014,0.003
2014-07-28,0.291,0.275,0.211,0.846,0.113,0.832,0.077,0.017,0.0
2014-07-29,0.281,0.268,0.169,0.781,0.109,0.827,0.078,0.01,0.002
2014-07-30,0.289,0.273,0.154,0.757,0.095,0.841,0.081,0.011,0.001
2014-07-31,0.276,0.266,0.163,0.765,0.084,0.822,0.082,0.017,0.002
2014-08-01,0.272,0.257,0.177,0.747,0.075,0.804,0.071,0.015,0.003
2014-08-02,0.267,0.24,0.167,0.731,0.085,0.801,0.053,0.013,0.002
2014-08-03,0.274,0.252,0.125,0.698,0.084,0.799,0.059,0.019,0.002
2014-08-04,0.266,0.246,0.14,0.674,0.087,0.814,0.044,0.01,0.002
2014-08-05,0.256,0.244,0.147,0.672,0.082,0.824,0.046,0.011,0.003
2014-08-06,0.213,0.242,0.137,0.672,0.074,0.813,0.047,0.015,0.004
2014-08-07,0.167,0.238,0.125,0.692,0.069,0.812,0.047,0.012,0.004
2014-08-08,0.181,0.23,0.133,0.7,0.066,0.807,0.05,0.021,0.004
2014-08-09,0.211,0.231,0.122,0.679,0.057,0.8,0.057,0.009,0.002
2014-08-10,0.164,0.232,0.097,0.66,0.051,0.802,0.041,0.005,0.002
2014-08-11,0.183,0.232,0.057,0.644,0.05,0.803,0.042,0.011,0.004
2014-08-12,0.153,0.237,0.055,0.628,0.042,0.796,0.046,0.005,0.004
2014-08-13,0.216,0.219,0.033,0.611,0.035,0.79,0.048,0.002,0.004
2014-08-14,0.234,0.228,0.023,0.599,0.027,0.79,0.044,0.007,0.002
2014-08-15,0.237,0.22,0.013,0.582,0.017,0.786,0.04,0.003,0.002
2014-08-16,0.23,0.229,0.002,0.565,0.01,0.777,0.055,0.003,0.002
2014-08-17,0.243,0.237,0.003,0.545,0.002,0.764,0.054,0.005,0.003
2014-08-18,0.265,0.238,0.006,0.51,0.002,0.744,0.048,0.004,0.003
2014-08-19,0.244,0.238,0.003,0.502,0.002,0.744,0.046,0.003,0.002
2014-08-20,0.232,0.236,0.006,0.496,0.002,0.733,0.06,0.002,0.001
2014-08-21,0.221,0.237,0.002,0.479,0.002,0.726,0.038,0.008,0.001
2014-08-22,0.219,0.233,0.002,0.461,0.002,0.721,0.042,0.002,0.004
2014-08-23,0.198,0.218,0.003,0.457,0.002,0.715,0.027,0.002,0.003
2014-08-24,0.162,0.219,0.002,0.452,0.002,0.702,0.035,0.003,0.004
2014-08-25,0.158,0.227,0.002,0.438,0.002,0.713,0.038,0.025,0.004
2014-08-26,0.168,0.224,0.002,0.426,0.002,0.718,0.031,0.004,0.004
2014-08-27,0.143,0.226,0.002,0.432,0.002,0.698,0.032,0.003,0.004
2014-08-28,0.154,0.221,0.002,0.447,0.002,0.668,0.027,0.013,0.002
2014-08-29,0.17,0.22,0.002,0.464,0.002,0.681,0.031,0.001,0.002
2014-08-30,0.168,0.213,0.002,0.466,0.002,0.68,0.028,0.002,0.002
2014-08-31,0.178,0.216,0.002,0.47,0.002,0.657,0.033,0.0,0.002
2014-09-01,0.181,0.218,0.002,0.469,0.001,0.623,0.032,0.001,0.0
2014-09-02,0.169,0.215,0.002,0.477,0.001,0.613,0.032,0.003,0.0
2014-09-03,0.168,0.213,0.006,0.486,0.001,0.613,0.032,0.003,0.0
2014-09-04,0.171,0.202,0.002,0.486,0.001,0.61,0.038,0.002,0.0
2014-09-05,0.167,0.202,0.002,0.463,0.001,0.619,0.042,0.003,0.0
2014-09-06,0.173,0.198,0.003,0.456,0.001,0.62,0.046,0.005,0.0
2014-09-07,0.176,0.193,0.003,0.433,0.001,0.607,0.046,0.004,0.0
2014-09-08,0.179,0.19,0.003,0.442,0.001,0.593,0.047,0.002,0.0
2014-09-09,0.181,0.19,0.003,0.435,0.001,0.598,0.047,0.005,0.0
2014-09-10,0.187,0.184,0.006,0.426,0.001,0.617,0.04,0.003,0.0
2014-09-11,0.181,0.188,0.0,0.424,0.001,0.627,0.042,0.002,0.0
2014-09-12,0.183,0.197,0.001,0.401,0.001,0.615,0.04,0.002,0.0
2014-09-13,0.177,0.19,0.001,0.391,0.001,0.631,0.042,0.002,0.0
2014-09-14,0.2,0.18,0.002,0.405,0.001,0.628,0.036,0.0,0.0
2014-09-15,0.183,0.181,0.001,0.395,0.001,0.614,0.046,0.002,0.0
2014-09-16,0.172,0.176,0.001,0.389,0.001,0.605,0.052,0.0,0.0
2014-09-17,0.196,0.174,0.001,0.39,0.001,0.62,0.061,0.0,0.0
2014-09-18,0.199,0.178,0.0,0.384,0.001,0.643,0.059,0.0,0.0
2014-09-19,0.218,0.183,0.001,0.369,0.001,0.648,0.055,0.003,0.0
2014-09-20,0.238,0.182,0.001,0.38,0.001,0.672,0.049,0.0,0.0
2014-09-21,0.26,0.178,0.001,0.382,0.001,0.688,0.058,0.002,0.0
2014-09-22,0.219,0.163,0.001,0.381,0.001,0.688,0.072,0.002,0.0
2014-09-23,0.183,0.166,0.001,0.392,0.001,0.688,0.067,0.004,0.0
2014-09-24,0.189,0.164,0.001,0.409,0.001,0.695,0.06,0.002,0.0
2014-09-25,0.178,0.163,0.001,0.418,0.001,0.705,0.06,0.002,0.0
2014-09-26,0.2,0.162,0.0,0.407,0.001,0.72,0.076,0.002,0.0
2014-09-27,0.212,0.163,0.005,0.389,0.001,0.727,0.076,0.001,0.0
2014-09-28,0.243,0.167,0.005,0.378,0.001,0.718,0.076,0.002,0.0
2014-09-29,0.268,0.177,0.002,0.385,0.001,0.7,0.099,0.0,0.0
2014-09-30,0.309,0.185,0.001,0.39,0.001,0.693,0.103,0.0,0.0
2015-03-01,0.504,0.692,1.0,1.0,0.791,1.0,1.0,1.0,0.528
2015-03-02,0.484,0.685,1.0,1.0,0.746,1.0,1.0,1.0,0.515
2015-03-03,0.484,0.665,1.0,1.0,0.748,1.0,1.0,1.0,0.525
2015-03-04,0.48,0.667,1.0,1.0,0.763,1.0,1.0,1.0,0.514
2015-03-05,0.482,0.657,1.0,1.0,0.764,1.0,1.0,1.0,0.53
2015-03-06,0.472,0.645,1.0,1.0,0.769,1.0,1.0,1.0,0.547
2015-03-07,0.484,0.637,1.0,1.0,0.758,1.0,1.0,1.0,0.524
2015-03-08,0.497,0.631,1.0,1.0,0.772,1.0,1.0,1.0,0.517
2015-03-09,0.497,0.616,1.0,1.0,0.803,1.0,1.0,1.0,0.498
2015-03-10,0.501,0.619,1.0,1.0,0.841,1.0,1.0,1.0,0.476
2015-03-11,0.501,0.631,1.0,1.0,0.856,1.0,1.0,1.0,0.474
2015-03-12,0.502,0.64,1.0,1.0,0.872,1.0,1.0,1.0,0.468
2015-03-13,0.49,0.636,1.0,1.0,0.874,1.0,1.0,1.0,0.468
2015-03-14,0.48,0.64,1.0,1.0,0.87,1.0,1.0,1.0,0.479
2015-03-15,0.5,0.631,1.0,1.0,0.881,1.0,1.0,1.0,0.479
2015-03-16,0.5,0.626,1.0,1.0,0.895,1.0,1.0,1.0,0.473
2015-03-17,0.502,0.615,1.0,1.0,0.904,1.0,1.0,1.0,0.46
2015-03-18,0.515,0.625,1.0,1.0,0.911,1.0,1.0,1.0,0.471
2015-03-19,0.525,0.645,1.0,1.0,0.921,1.0,1.0,1.0,0.48
2015-03-20,0.522,0.661,1.0,1.0,0.925,1.0,1.0,1.0,0.483
2015-03-21,0.526,0.677,1.0,1.0,0.929,1.0,1.0,1.0,0.484
2015-03-22,0.529,0.685,1.0,1.0,0.936,1.0,1.0,1.0,0.479
2015-03-23,0.521,0.696,1.0,1.0,0.938,1.0,1.0,1.0,0.473
2015-03-24,0.515,0.704,1.0,1.0,0.948,1.0,1.0,1.0,0.468
2015-03-25,0.517,0.71,1.0,1.0,0.945,1.0,1.0,1.0,0.461
2015-03-26,0.514,0.713,1.0,1.0,0.949,1.0,1.0,1.0,0.466
2015-03-27,0.516,0.687,1.0,1.0,0.949,1.0,1.0,1.0,0.461
2015-03-28,0.522,0.675,1.0,1.0,0.93,1.0,1.0,1.0,0.467
2015-03-29,0.512,0.669,1.0,1.0,0.928,1.0,1.0,1.0,0.479
2015-03-30,0.51,0.665,1.0,1.0,0.935,1.0,1.0,1.0,0.481
2015-03-31,0.493,0.659,1.0,1.0,0.939,1.0,1.0,1.0,0.478
2015-04-01,0.48,0.66,1.0,1.0,0.951,1.0,1.0,1.0,0.477
2015-04-02,0.482,0.657,1.0,1.0,0.945,1.0,1.0,1.0,0.481
2015-04-03,0.483,0.656,1.0,1.0,0.937,1.0,1.0,1.0,0.489
2015-04-04,0.479,0.658,1.0,1.0,0.911,1.0,1.0,1.0,0.496
2015-04-05,0.478,0.655,1.0,1.0,0.881,1.0,1.0,1.0,0.506
2015-04-06,0.464,0.657,1.0,1.0,0.877,1.0,1.0,1.0,0.506
2015-04-07,0.469,0.646,1.0,1.0,0.867,1.0,1.0,1.0,0.499
2015-04-08,0.479,0.64,1.0,1.0,0.879,1.0,1.0,1.0,0.501
2015-04-09,0.487,0.625,1.0,1.0,0.887,1.0,1.0,1.0,0.506
2015-04-10,0.484,0.617,1.0,1.0,0.901,1.0,1.0,1.0,0.523
2015-04-11,0.499,0.624,1.0,1.0,0.91,1.0,1.0,1.0,0.527
2015-04-12,0.488,0.612,1.0,1.0,0.923,1.0,1.0,1.0,0.529
2015-04-13,0.475,0.605,1.0,1.0,0.929,1.0,1.0,1.0,0.527
2015-04-14,0.482,0.599,1.0,1.0,0.935,1.0,1.0,1.0,0.509
2015-04-15,0.473,0.6,1.0,1.0,0.943,1.0,1.0,1.0,0.486
2015-04-16,0.481,0.599,1.0,1.0,0.944,1.0,0.999,1.0,0.486
2015-04-17,0.493,0.591,1.0,1.0,0.946,1.0,1.0,1.0,0.479
2015-04-18,0.507,0.582,1.0,1.0,0.954,1.0,1.0,1.0,0.469
2015-04-19,0.522,0.585,1.0,1.0,0.965,1.0,1.0,1.0,0.47
2015-04-20,0.519,0.592,1.0,1.0,0.951,1.0,1.0,1.0,0.456
2015-04-21,0.539,0.598,1.0,1.0,0.95,1.0,1.0,1.0,0.453
2015-04-22,0.528,0.604,1.0,1.0,0.954,1.0,1.0,1.0,0.424
2015-04-23,0.516,0.604,1.0,1.0,0.922,1.0,1.0,1.0,0.403
2015-04-24,0.506,0.607,1.0,1.0,0.865,1.0,0.999,1.0,0.371
2015-04-25,0.496,0.609,1.0,1.0,0.847,1.0,0.993,1.0,0.325
2015-04-26,0.491,0.616,1.0,1.0,0.826,1.0,0.994,1.0,0.307
2015-04-27,0.475,0.628,1.0,1.0,0.804,1.0,0.993,1.0,0.298
2015-04-28,0.469,0.634,1.0,1.0,0.767,1.0,0.99,1.0,0.295
2015-04-29,0.468,0.628,1.0,1.0,0.752,1.0,0.99,1.0,0.278
2015-04-30,0.476,0.629,1.0,1.0,0.738,1.0,0.99,1.0,0.259
2015-05-01,0.479,0.629,1.0,1.0,0.727,1.0,0.993,1.0,0.255
2015-05-02,0.48,0.626,1.0,1.0,0.716,1.0,0.999,1.0,0.254
2015-05-03,0.485,0.618,1.0,1.0,0.714,1.0,0.999,1.0,0.247
2015-05-04,0.493,0.617,1.0,1.0,0.708,1.0,0.993,1.0,0.247
2015-05-05,0.493,0.62,1.0,1.0,0.681,1.0,0.989,1.0,0.23
2015-05-06,0.486,0.616,1.0,1.0,0.673,1.0,0.989,1.0,0.22
2015-05-07,0.486,0.612,1.0,1.0,0.667,1.0,0.99,1.0,0.2
2015-05-08,0.487,0.602,1.0,1.0,0.654,1.0,0.989,0.998,0.193
2015-05-09,0.487,0.602,1.0,1.0,0.642,1.0,0.989,1.0,0.195
2015-05-10,0.49,0.602,1.0,1.0,0.62,1.0,0.988,1.0,0.175
2015-05-11,0.491,0.598,1.0,1.0,0.613,0.999,0.988,0.995,0.179
2015-05-12,0.494,0.594,1.0,1.0,0.587,0.999,0.988,0.987,0.175
2015-05-13,0.496,0.594,1.0,1.0,0.561,0.999,0.99,0.975,0.181
2015-05-14,0.497,0.594,1.0,1.0,0.526,0.999,0.989,0.958,0.171
2015-05-15,0.492,0.596,1.0,1.0,0.495,0.999,0.987,0.959,0.179
2015-05-16,0.492,0.594,1.0,1.0,0.484,0.996,0.989,0.949,0.165
2015-05-17,0.483,0.598,1.0,1.0,0.461,0.993,0.987,0.931,0.138
2015-05-18,0.476,0.601,1.0,1.0,0.441,0.993,0.987,0.918,0.146
2015-05-19,0.481,0.598,1.0,1.0,0.428,0.983,0.962,0.905,0.136
2015-05-20,0.478,0.596,1.0,1.0,0.426,0.979,0.934,0.899,0.113
2015-05-21,0.478,0.593,1.0,1.0,0.421,0.98,0.924,0.89,0.109
2015-05-22,0.474,0.581,1.0,1.0,0.416,0.973,0.933,0.884,0.114
2015-05-23,0.471,0.568,1.0,1.0,0.395,0.977,0.928,0.868,0.084
2015-05-24,0.469,0.557,1.0,1.0,0.383,0.976,0.927,0.852,0.08
2015-05-25,0.467,0.544,1.0,1.0,0.386,0.973,0.93,0.848,0.08
2015-05-26,0.463,0.543,1.0,1.0,0.383,0.963,0.902,0.828,0.08
2015-05-27,0.451,0.544,1.0,1.0,0.376,0.961,0.928,0.814,0.081
2015-05-28,0.446,0.545,1.0,1.0,0.357,0.957,0.907,0.805,0.073
2015-05-29,0.442,0.536,1.0,1.0,0.351,0.956,0.904,0.797,0.057
2015-05-30,0.44,0.531,1.0,1.0,0.348,0.959,0.875,0.815,0.056
2015-05-31,0.446,0.529,0.999,1.0,0.343,0.958,0.891,0.815,0.056
2015-06-01,0.444,0.509,0.998,1.0,0.318,0.963,0.873,0.809,0.05
2015-06-02,0.437,0.505,0.999,1.0,0.294,0.964,0.883,0.819,0.053
2015-06-03,0.44,0.498,0.999,1.0,0.29,0.962,0.875,0.822,0.053
2015-06-04,0.446,0.476,0.998,1.0,0.291,0.966,0.838,0.786,0.047
2015-06-05,0.454,0.484,0.998,1.0,0.284,0.963,0.85,0.788,0.053
2015-06-06,0.452,0.495,0.972,1.0,0.28,0.955,0.831,0.772,0.057
2015-06-07,0.469,0.495,0.99,1.0,0.281,0.952,0.853,0.756,0.048
2015-06-08,0.477,0.494,0.99,1.0,0.281,0.952,0.822,0.751,0.041
2015-06-09,0.482,0.484,0.987,1.0,0.274,0.948,0.822,0.766,0.037
2015-06-10,0.48,0.451,0.986,1.0,0.271,0.949,0.826,0.779,0.035
2015-06-11,0.477,0.449,0.988,1.0,0.281,0.944,0.807,0.789,0.038
2015-06-12,0.482,0.44,0.984,1.0,0.271,0.943,0.787,0.8,0.029
2015-06-13,0.474,0.428,0.983,1.0,0.264,0.942,0.79,0.78,0.027
2015-06-14,0.47,0.425,0.986,1.0,0.256,0.939,0.795,0.759,0.014
2015-06-15,0.465,0.403,0.988,1.0,0.247,0.938,0.779,0.734,0.027
2015-06-16,0.464,0.387,0.989,1.0,0.241,0.932,0.768,0.742,0.014
2015-06-17,0.452,0.377,0.988,1.0,0.239,0.934,0.765,0.719,0.035
2015-06-18,0.463,0.385,0.983,1.0,0.23,0.945,0.74,0.726,0.039
2015-06-19,0.462,0.386,0.988,1.0,0.226,0.945,0.728,0.697,0.036
2015-06-20,0.467,0.374,0.987,1.0,0.228,0.948,0.717,0.685,0.016
2015-06-21,0.463,0.372,0.975,1.0,0.222,0.948,0.729,0.685,0.016
2015-06-22,0.456,0.375,0.993,1.0,0.214,0.945,0.703,0.648,0.033
2015-06-23,0.47,0.373,0.993,1.0,0.21,0.947,0.679,0.663,0.02
2015-06-24,0.486,0.366,0.993,1.0,0.199,0.95,0.638,0.643,0.028
2015-06-25,0.488,0.355,0.996,1.0,0.201,0.94,0.671,0.64,0.025
2015-06-26,0.484,0.355,0.99,1.0,0.2,0.938,0.683,0.595,0.022
2015-06-27,0.484,0.342,0.974,1.0,0.195,0.936,0.682,0.604,0.014
2015-06-28,0.474,0.335,0.977,1.0,0.189,0.935,0.673,0.572,0.015
2015-06-29,0.459,0.323,0.969,0.998,0.166,0.936,0.617,0.571,0.017
2015-06-30,0.465,0.317,0.97,0.998,0.175,0.943,0.604,0.567,0.017
2015-07-01,0.451,0.33,0.953,1.0,0.168,0.934,0.55,0.582,0.008
2015-07-02,0.484,0.321,0.939,0.998,0.165,0.934,0.53,0.558,0.011
2015-07-03,0.482,0.322,0.927,0.977,0.169,0.937,0.535,0.516,0.012
2015-07-04,0.467,0.319,0.913,0.962,0.136,0.936,0.522,0.537,0.009
2015-07-05,0.461,0.313,0.895,0.962,0.122,0.947,0.553,0.505,0.008
2015-07-06,0.438,0.284,0.891,0.959,0.112,0.944,0.565,0.5,0.011
2015-07-07,0.448,0.276,0.887,0.932,0.062,0.942,0.527,0.487,0.012
2015-07-08,0.434,0.271,0.87,0.934,0.091,0.938,0.49,0.493,0.007
2015-07-09,0.407,0.27,0.86,0.97,0.089,0.937,0.46,0.489,0.001
2015-07-10,0.382,0.257,0.827,0.957,0.073,0.938,0.449,0.392,0.001
2015-07-11,0.37,0.269,0.815,0.923,0.07,0.937,0.424,0.434,0.002
2015-07-12,0.358,0.258,0.772,0.904,0.064,0.932,0.418,0.42,0.003
2015-07-13,0.359,0.257,0.714,0.851,0.048,0.92,0.416,0.407,0.005
2015-07-14,0.379,0.259,0.766,0.817,0.036,0.915,0.41,0.391,0.005
2015-07-15,0.377,0.244,0.76,0.8,0.035,0.922,0.388,0.402,0.003
2015-07-16,0.38,0.227,0.762,0.8,0.039,0.921,0.322,0.316,0.003
2015-07-17,0.38,0.228,0.722,0.792,0.035,0.901,0.361,0.274,0.002
2015-07-18,0.366,0.224,0.682,0.78,0.029,0.882,0.367,0.232,0.003
2015-07-19,0.347,0.236,0.649,0.78,0.033,0.889,0.373,0.152,0.003
2015-07-20,0.34,0.231,0.624,0.745,0.026,0.893,0.346,0.142,0.001
2015-07-21,0.338,0.22,0.605,0.72,0.023,0.902,0.323,0.143,0.002
2015-07-22,0.337,0.21,0.578,0.698,0.024,0.898,0.321,0.136,0.003
2015-07-23,0.334,0.191,0.542,0.682,0.02,0.892,0.299,0.127,0.003
2015-07-24,0.328,0.183,0.519,0.669,0.022,0.883,0.281,0.132,0.002
2015-07-25,0.353,0.178,0.51,0.646,0.024,0.881,0.266,0.09,0.002
2015-07-26,0.351,0.182,0.493,0.636,0.025,0.881,0.257,0.129,0.002
2015-07-27,0.345,0.182,0.476,0.623,0.026,0.884,0.256,0.118,0.001
2015-07-28,0.35,0.166,0.451,0.609,0.023,0.891,0.265,0.053,0.001
2015-07-29,0.337,0.162,0.432,0.607,0.026,0.892,0.231,0.026,0.002
2015-07-30,0.285,0.16,0.427,0.588,0.027,0.897,0.193,0.029,0.003
2015-07-31,0.301,0.16,0.434,0.558,0.017,0.894,0.206,0.039,0.003
2015-08-01,0.306,0.149,0.407,0.557,0.017,0.86,0.184,0.047,0.002
2015-08-02,0.292,0.149,0.395,0.54,0.016,0.874,0.185,0.062,0.001
2015-08-03,0.307,0.14,0.394,0.528,0.013,0.809,0.192,0.045,0.001
2015-08-04,0.305,0.132,0.394,0.529,0.012,0.803,0.195,0.037,0.002
2015-08-05,0.304,0.122,0.389,0.523,0.015,0.854,0.184,0.033,0.003
2015-08-06,0.308,0.113,0.386,0.495,0.017,0.835,0.146,0.052,0.002
2015-08-07,0.308,0.108,0.369,0.496,0.006,0.817,0.178,0.045,0.002
2015-08-08,0.266,0.099,0.337,0.495,0.005,0.799,0.141,0.043,0.001
2015-08-09,0.275,0.101,0.333,0.487,0.006,0.769,0.142,0.02,0.004
2015-08-10,0.251,0.103,0.338,0.481,0.008,0.73,0.14,0.025,0.001
2015-08-11,0.208,0.102,0.337,0.469,0.009,0.702,0.148,0.025,0.001
2015-08-12,0.212,0.098,0.338,0.456,0.012,0.687,0.15,0.047,0.002
2015-08-13,0.217,0.089,0.342,0.452,0.009,0.712,0.14,0.022,0.002
2015-08-14,0.222,0.087,0.34,0.449,0.005,0.669,0.137,0.021,0.001
2015-08-15,0.201,0.099,0.331,0.43,0.008,0.611,0.119,0.02,0.002
2015-08-16,0.173,0.099,0.321,0.434,0.01,0.622,0.129,0.02,0.002
2015-08-17,0.169,0.099,0.309,0.431,0.015,0.643,0.119,0.019,0.002
2015-08-18,0.16,0.091,0.286,0.432,0.012,0.64,0.112,0.02,0.002
2015-08-19,0.205,0.093,0.252,0.429,0.011,0.629,0.098,0.019,0.002
2015-08-20,0.231,0.084,0.233,0.419,0.014,0.622,0.123,0.019,0.002
2015-08-21,0.196,0.087,0.21,0.409,0.012,0.618,0.126,0.022,0.002
2015-08-22,0.191,0.088,0.191,0.398,0.012,0.605,0.105,0.019,0.002
2015-08-23,0.173,0.091,0.165,0.393,0.009,0.605,0.13,0.021,0.002
2015-08-24,0.177,0.081,0.144,0.38,0.008,0.605,0.129,0.023,0.004
2015-08-25,0.172,0.07,0.122,0.375,0.007,0.579,0.093,0.021,0.002
2015-08-26,0.181,0.06,0.092,0.358,0.002,0.488,0.094,0.019,0.002
2015-08-27,0.193,0.058,0.068,0.349,0.004,0.458,0.089,0.02,0.002
2015-08-28,0.205,0.06,0.068,0.347,0.005,0.465,0.09,0.023,0.002
2015-08-29,0.213,0.063,0.059,0.339,0.004,0.481,0.092,0.022,0.003
2015-08-30,0.209,0.067,0.03,0.326,0.003,0.467,0.075,0.023,0.003
2015-08-31,0.2,0.066,0.04,0.315,0.003,0.427,0.07,0.022,0.004
2015-09-01,0.198,0.063,0.044,0.304,0.002,0.396,0.06,0.025,0.0
2015-09-02,0.194,0.07,0.052,0.298,0.001,0.387,0.065,0.024,0.0
2015-09-03,0.211,0.066,0.064,0.301,0.001,0.41,0.067,0.021,0.0
2015-09-04,0.228,0.069,0.066,0.303,0.001,0.432,0.091,0.026,0.0
2015-09-05,0.218,0.07,0.045,0.305,0.002,0.433,0.087,0.029,0.0
2015-09-06,0.218,0.07,0.05,0.257,0.002,0.42,0.095,0.032,0.0
2015-09-07,0.218,0.067,0.037,0.262,0.002,0.404,0.094,0.027,0.0
2015-09-08,0.24,0.067,0.024,0.265,0.003,0.424,0.098,0.031,0.0
2015-09-09,0.231,0.071,0.024,0.275,0.002,0.414,0.099,0.036,0.0
2015-09-10,0.238,0.069,0.018,0.295,0.002,0.426,0.093,0.033,0.0
2015-09-11,0.237,0.072,0.012,0.277,0.002,0.442,0.1,0.037,0.0
2015-09-12,0.216,0.073,0.012,0.264,0.002,0.45,0.1,0.041,0.0
2015-09-13,0.226,0.076,0.011,0.246,0.001,0.456,0.108,0.009,0.0
2015-09-14,0.232,0.075,0.01,0.243,0.001,0.474,0.069,0.013,0.0
2015-09-15,0.268,0.075,0.012,0.264,0.002,0.481,0.093,0.006,0.0
2015-09-16,0.248,0.079,0.017,0.272,0.002,0.484,0.099,0.005,0.0
2015-09-17,0.289,0.076,0.015,0.259,0.002,0.478,0.103,0.005,0.0
2015-09-18,0.266,0.082,0.015,0.304,0.002,0.499,0.12,0.005,0.0
2015-09-19,0.303,0.083,0.019,0.3,0.003,0.518,0.104,0.003,0.0
2015-09-20,0.272,0.081,0.03,0.29,0.003,0.53,0.105,0.002,0.0
2015-09-21,0.244,0.082,0.054,0.267,0.003,0.542,0.105,0.001,0.0
2015-09-22,0.251,0.081,0.078,0.263,0.002,0.557,0.117,0.009,0.0
2015-09-23,0.249,0.083,0.108,0.284,0.001,0.563,0.125,0.003,0.0
2015-09-24,0.251,0.087,0.113,0.313,0.001,0.553,0.129,0.002,0.0
2015-09-25,0.245,0.086,0.133,0.324,0.001,0.51,0.131,0.002,0.0
2015-09-26,0.262,0.095,0.148,0.337,0.001,0.49,0.124,0.005,0.0
2015-09-27,0.24,0.106,0.177,0.344,0.001,0.5,0.116,0.005,0.0
2015-09-28,0.243,0.103,0.2,0.348,0.001,0.511,0.127,0.002,0.0
2015-09-29,0.244,0.101,0.215,0.362,0.001,0.514,0.133,0.003,0.0
2015-09-30,0.291,0.088,0.229,0.381,0.001,0.532,0.136,0.0,0.0
2016-03-01,0.44,0.575,1.0,1.0,0.823,1.0,0.992,1.0,0.813
2016-03-02,0.444,0.563,1.0,1.0,0.813,1.0,0.986,1.0,0.794
2016-03-03,0.449,0.536,1.0,1.0,0.805,1.0,0.993,1.0,0.791
2016-03-04,0.45,0.528,1.0,1.0,0.806,1.0,0.989,1.0,0.792
2016-03-05,0.454,0.513,1.0,1.0,0.817,1.0,0.988,1.0,0.785
2016-03-06,0.446,0.52,1.0,1.0,0.851,1.0,0.988,1.0,0.794
2016-03-07,0.446,0.542,1.0,1.0,0.857,1.0,0.99,1.0,0.786
2016-03-08,0.451,0.537,1.0,1.0,0.86,1.0,0.988,1.0,0.775
2016-03-09,0.444,0.527,1.0,1.0,0.86,1.0,0.986,1.0,0.782
2016-03-10,0.438,0.523,1.0,1.0,0.864,1.0,0.985,1.0,0.802
2016-03-11,0.435,0.532,1.0,1.0,0.861,1.0,0.986,1.0,0.821
2016-03-12,0.44,0.512,1.0,1.0,0.861,1.0,0.989,1.0,0.827
2016-03-13,0.443,0.518,1.0,1.0,0.868,1.0,0.99,1.0,0.823
2016-03-14,0.448,0.512,1.0,1.0,0.872,1.0,0.988,1.0,0.802
2016-03-15,0.467,0.526,1.0,1.0,0.885,1.0,0.988,1.0,0.778
2016-03-16,0.466,0.544,1.0,1.0,0.885,1.0,0.986,1.0,0.762
2016-03-17,0.477,0.563,1.0,1.0,0.882,1.0,0.985,1.0,0.764
2016-03-18,0.476,0.576,1.0,1.0,0.878,1.0,0.985,1.0,0.753
2016-03-19,0.474,0.579,1.0,1.0,0.88,1.0,0.983,1.0,0.757
2016-03-20,0.471,0.591,1.0,1.0,0.885,1.0,0.984,1.0,0.727
2016-03-21,0.478,0.602,1.0,1.0,0.891,1.0,0.986,1.0,0.702
2016-03-22,0.474,0.622,1.0,1.0,0.905,1.0,0.985,1.0,0.681
2016-03-23,0.476,0.63,1.0,1.0,0.908,1.0,0.986,1.0,0.661
2016-03-24,0.476,0.638,1.0,1.0,0.903,1.0,0.984,1.0,0.637
2016-03-25,0.478,0.638,1.0,1.0,0.885,1.0,0.982,1.0,0.633
2016-03-26,0.47,0.622,1.0,1.0,0.89,1.0,0.978,1.0,0.652
2016-03-27,0.46,0.606,1.0,1.0,0.899,1.0,0.983,1.0,0.661
2016-03-28,0.468,0.577,1.0,1.0,0.917,1.0,0.984,1.0,0.648
2016-03-29,0.481,0.553,1.0,1.0,0.916,1.0,0.985,1.0,0.641
2016-03-30,0.478,0.545,1.0,1.0,0.921,1.0,0.984,1.0,0.644
2016-03-31,0.48,0.543,1.0,1.0,0.931,1.0,0.985,1.0,0.63
2016-04-01,0.474,0.554,1.0,1.0,0.926,1.0,0.986,1.0,0.624
2016-04-02,0.476,0.57,1.0,1.0,0.923,1.0,0.986,1.0,0.609
2016-04-03,0.482,0.571,1.0,1.0,0.913,1.0,0.988,1.0,0.597
2016-04-04,0.485,0.569,1.0,1.0,0.918,1.0,0.989,1.0,0.584
2016-04-05,0.487,0.575,1.0,1.0,0.921,1.0,0.988,1.0,0.593
2016-04-06,0.485,0.572,1.0,1.0,0.915,1.0,0.986,1.0,0.589
2016-04-07,0.486,0.571,1.0,1.0,0.911,1.0,0.981,1.0,0.585
2016-04-08,0.484,0.569,1.0,1.0,0.907,1.0,0.982,1.0,0.571
2016-04-09,0.497,0.571,1.0,1.0,0.906,1.0,0.984,1.0,0.544
2016-04-10,0.499,0.58,1.0,1.0,0.901,1.0,0.979,1.0,0.545
2016-04-11,0.499,0.593,1.0,1.0,0.894,1.0,0.959,1.0,0.546
2016-04-12,0.498,0.604,1.0,1.0,0.888,1.0,0.98,1.0,0.556
2016-04-13,0.503,0.611,1.0,1.0,0.876,1.0,0.988,1.0,0.55
2016-04-14,0.511,0.613,1.0,1.0,0.862,1.0,0.981,1.0,0.537
2016-04-15,0.501,0.609,1.0,1.0,0.864,1.0,0.984,1.0,0.515
2016-04-16,0.498,0.608,1.0,1.0,0.869,1.0,0.986,1.0,0.505
2016-04-17,0.491,0.612,1.0,1.0,0.867,1.0,0.984,1.0,0.479
2016-04-18,0.478,0.606,1.0,1.0,0.835,1.0,0.985,1.0,0.475
2016-04-19,0.488,0.598,1.0,1.0,0.818,1.0,0.985,1.0,0.486
2016-04-20,0.487,0.591,1.0,1.0,0.794,1.0,0.984,1.0,0.481
2016-04-21,0.488,0.592,1.0,1.0,0.766,1.0,0.982,1.0,0.479
2016-04-22,0.498,0.592,1.0,1.0,0.737,1.0,0.98,1.0,0.465
2016-04-23,0.498,0.585,1.0,1.0,0.717,1.0,0.98,1.0,0.464
2016-04-24,0.506,0.58,1.0,1.0,0.705,1.0,0.972,1.0,0.444
2016-04-25,0.504,0.582,1.0,1.0,0.693,1.0,0.981,1.0,0.433
2016-04-26,0.503,0.581,1.0,1.0,0.682,0.999,0.981,1.0,0.43
2016-04-27,0.492,0.575,1.0,1.0,0.67,0.994,0.975,1.0,0.412
2016-04-28,0.497,0.572,1.0,1.0,0.665,0.978,0.979,1.0,0.397
2016-04-29,0.482,0.572,1.0,1.0,0.649,0.962,0.98,1.0,0.383
2016-04-30,0.469,0.574,1.0,1.0,0.618,0.962,0.971,1.0,0.365
2016-05-01,0.467,0.571,1.0,1.0,0.599,0.957,0.962,1.0,0.346
2016-05-02,0.455,0.57,1.0,1.0,0.592,0.961,0.948,1.0,0.342
2016-05-03,0.446,0.565,1.0,1.0,0.583,0.956,0.949,1.0,0.335
2016-05-04,0.438,0.569,1.0,1.0,0.569,0.945,0.946,1.0,0.322
2016-05-05,0.429,0.568,1.0,1.0,0.553,0.945,0.945,1.0,0.312
2016-05-06,0.429,0.564,1.0,1.0,0.54,0.962,0.933,0.997,0.294
2016-05-07,0.427,0.557,1.0,1.0,0.528,0.959,0.915,0.991,0.277
2016-05-08,0.429,0.548,1.0,1.0,0.505,0.959,0.909,0.975,0.248
2016-05-09,0.439,0.544,1.0,1.0,0.495,0.953,0.91,0.967,0.234
2016-05-10,0.449,0.542,1.0,1.0,0.496,0.944,0.895,0.993,0.218
2016-05-11,0.459,0.538,1.0,1.0,0.484,0.943,0.893,0.987,0.183
2016-05-12,0.465,0.529,1.0,1.0,0.48,0.92,0.885,0.968,0.136
2016-05-13,0.456,0.515,1.0,1.0,0.488,0.909,0.896,0.967,0.134
2016-05-14,0.458,0.497,1.0,1.0,0.488,0.912,0.892,0.957,0.131
2016-05-15,0.467,0.491,1.0,1.0,0.49,0.914,0.886,0.936,0.109
2016-05-16,0.467,0.487,1.0,1.0,0.488,0.923,0.878,0.942,0.097
2016-05-17,0.471,0.477,1.0,1.0,0.481,0.926,0.878,0.952,0.095
2016-05-18,0.459,0.47,1.0,1.0,0.464,0.919,0.87,0.953,0.103
2016-05-19,0.461,0.474,1.0,1.0,0.446,0.921,0.858,0.953,0.088
2016-05-20,0.461,0.474,1.0,1.0,0.432,0.908,0.848,0.935,0.076
2016-05-21,0.464,0.468,1.0,1.0,0.431,0.908,0.823,0.907,0.089
2016-05-22,0.476,0.472,1.0,1.0,0.421,0.902,0.84,0.888,0.086
2016-05-23,0.463,0.461,1.0,1.0,0.402,0.886,0.834,0.89,0.087
2016-05-24,0.463,0.451,1.0,1.0,0.396,0.881,0.827,0.875,0.079
2016-05-25,0.463,0.444,1.0,1.0,0.395,0.877,0.808,0.846,0.064
2016-05-26,0.462,0.446,1.0,1.0,0.381,0.877,0.792,0.86,0.07
2016-05-27,0.476,0.432,1.0,1.0,0.382,0.879,0.776,0.864,0.067
2016-05-28,0.476,0.43,1.0,1.0,0.384,0.873,0.788,0.87,0.066
2016-05-29,0.461,0.426,1.0,1.0,0.378,0.879,0.763,0.86,0.069
2016-05-30,0.455,0.419,1.0,1.0,0.365,0.876,0.766,0.844,0.06
2016-05-31,0.469,0.422,0.997,1.0,0.339,0.878,0.758,0.856,0.055
2016-06-01,0.465,0.418,0.998,1.0,0.328,0.879,0.757,0.868,0.05
2016-06-02,0.483,0.425,0.993,1.0,0.326,0.883,0.746,0.885,0.047
2016-06-03,0.486,0.429,0.993,1.0,0.318,0.878,0.746,0.884,0.042
2016-06-04,0.465,0.43,0.988,0.999,0.324,0.883,0.717,0.893,0.045
2016-06-05,0.478,0.426,0.991,0.999,0.322,0.882,0.711,0.91,0.048
2016-06-06,0.467,0.43,0.998,1.0,0.321,0.877,0.682,0.9,0.041
2016-06-07,0.477,0.425,0.999,1.0,0.321,0.88,0.675,0.885,0.035
2016-06-08,0.476,0.425,0.994,1.0,0.321,0.889,0.676,0.877,0.028
2016-06-09,0.476,0.418,0.989,1.0,0.328,0.892,0.671,0.882,0.027
2016-06-10,0.459,0.413,0.995,0.999,0.332,0.879,0.64,0.864,0.033
2016-06-11,0.446,0.411,0.998,1.0,0.33,0.903,0.613,0.833,0.034
2016-06-12,0.461,0.402,1.0,1.0,0.326,0.887,0.607,0.861,0.016
2016-06-13,0.459,0.393,1.0,1.0,0.32,0.89,0.578,0.847,0.021
2016-06-14,0.438,0.383,1.0,1.0,0.332,0.888,0.562,0.831,0.014
2016-06-15,0.427,0.387,1.0,1.0,0.312,0.889,0.558,0.82,0.014
2016-06-16,0.446,0.362,1.0,1.0,0.323,0.875,0.542,0.802,0.037
2016-06-17,0.454,0.34,1.0,1.0,0.32,0.893,0.514,0.776,0.018
2016-06-18,0.456,0.333,1.0,1.0,0.312,0.901,0.511,0.732,0.022
2016-06-19,0.419,0.313,1.0,1.0,0.298,0.862,0.514,0.735,0.015
2016-06-20,0.378,0.268,0.999,1.0,0.297,0.855,0.495,0.703,0.015
2016-06-21,0.371,0.302,0.998,1.0,0.294,0.866,0.489,0.681,0.011
2016-06-22,0.381,0.28,0.99,0.999,0.283,0.878,0.472,0.682,0.011
2016-06-23,0.372,0.276,0.998,0.999,0.271,0.887,0.453,0.672,0.013
2016-06-24,0.349,0.258,1.0,0.999,0.281,0.884,0.428,0.644,0.01
2016-06-25,0.339,0.227,1.0,0.999,0.278,0.879,0.423,0.656,0.013
2016-06-26,0.341,0.224,1.0,1.0,0.276,0.876,0.424,0.627,0.015
2016-06-27,0.333,0.23,1.0,1.0,0.281,0.871,0.415,0.595,0.012
2016-06-28,0.334,0.215,1.0,0.998,0.261,0.885,0.399,0.591,0.012
2016-06-29,0.315,0.211,0.999,0.999,0.268,0.872,0.387,0.583,0.011
2016-06-30,0.302,0.213,0.992,0.994,0.255,0.879,0.37,0.556,0.008
2016-07-01,0.29,0.197,0.989,0.99,0.257,0.88,0.367,0.537,0.002
2016-07-02,0.304,0.181,0.99,0.992,0.255,0.878,0.354,0.516,0.005
2016-07-03,0.308,0.177,0.995,0.987,0.247,0.866,0.344,0.477,0.004
2016-07-04,0.313,0.172,0.994,0.986,0.251,0.857,0.34,0.426,0.002
2016-07-05,0.314,0.157,0.993,0.972,0.242,0.846,0.319,0.434,0.002
2016-07-06,0.317,0.166,0.998,0.969,0.248,0.849,0.285,0.449,0.003
2016-07-07,0.308,0.169,0.994,0.97,0.239,0.853,0.286,0.424,0.002
2016-07-08,0.282,0.174,0.983,0.959,0.23,0.821,0.274,0.437,0.007
2016-07-09,0.287,0.166,0.977,0.947,0.211,0.833,0.257,0.391,0.007
2016-07-10,0.287,0.164,0.981,0.954,0.222,0.828,0.262,0.319,0.002
2016-07-11,0.286,0.161,0.976,0.945,0.169,0.817,0.283,0.254,0.001
2016-07-12,0.271,0.156,0.981,0.908,0.185,0.803,0.271,0.112,0.001
2016-07-13,0.263,0.146,0.965,0.915,0.132,0.82,0.27,0.115,0.005
2016-07-14,0.266,0.149,0.962,0.922,0.095,0.772,0.245,0.167,0.001
2016-07-15,0.267,0.136,0.956,0.922,0.129,0.742,0.251,0.125,0.002
2016-07-16,0.261,0.126,0.965,0.915,0.158,0.817,0.225,0.082,0.001
2016-07-17,0.256,0.128,0.955,0.9,0.145,0.808,0.219,0.087,0.002
2016-07-18,0.259,0.123,0.946,0.88,0.166,0.803,0.196,0.101,0.001
2016-07-19,0.249,0.125,0.945,0.861,0.162,0.79,0.218,0.049,0.002
2016-07-20,0.268,0.111,0.934,0.837,0.136,0.809,0.224,0.043,0.002
2016-07-21,0.264,0.105,0.928,0.802,0.136,0.809,0.206,0.045,0.003
2016-07-22,0.262,0.115,0.913,0.791,0.134,0.806,0.191,0.067,0.003
2016-07-23,0.264,0.12,0.916,0.753,0.124,0.799,0.187,0.054,0.0
2016-07-24,0.261,0.12,0.896,0.727,0.109,0.802,0.189,0.039,0.002
2016-07-25,0.264,0.12,0.899,0.728,0.111,0.771,0.187,0.025,0.001
2016-07-26,0.262,0.126,0.871,0.712,0.113,0.767,0.178,0.019,0.005
2016-07-27,0.247,0.123,0.887,0.709,0.099,0.723,0.17,0.011,0.003
2016-07-28,0.247,0.119,0.889,0.703,0.086,0.655,0.177,0.035,0.001
2016-07-29,0.245,0.122,0.877,0.718,0.084,0.648,0.164,0.035,0.002
2016-07-30,0.248,0.119,0.729,0.703,0.102,0.648,0.153,0.016,0.002
2016-07-31,0.247,0.128,0.811,0.685,0.095,0.627,0.151,0.014,0.002
2016-08-01,0.246,0.121,0.781,0.687,0.081,0.569,0.151,0.015,0.001
2016-08-02,0.23,0.111,0.692,0.681,0.093,0.566,0.077,0.012,0.001
2016-08-03,0.228,0.115,0.633,0.667,0.102,0.564,0.081,0.009,0.003
2016-08-04,0.23,0.117,0.686,0.636,0.103,0.567,0.078,0.007,0.002
2016-08-05,0.23,0.126,0.69,0.597,0.091,0.573,0.067,0.009,0.002
2016-08-06,0.176,0.125,0.649,0.581,0.078,0.558,0.065,0.009,0.002
2016-08-07,0.194,0.125,0.677,0.554,0.073,0.525,0.063,0.004,0.002
2016-08-08,0.202,0.12,0.693,0.543,0.069,0.5,0.072,0.004,0.002
2016-08-09,0.188,0.115,0.685,0.543,0.071,0.495,0.066,0.01,0.002
2016-08-10,0.211,0.112,0.639,0.535,0.063,0.501,0.067,0.003,0.004
2016-08-11,0.208,0.119,0.583,0.509,0.046,0.508,0.064,0.002,0.002
2016-08-12,0.182,0.122,0.601,0.477,0.05,0.496,0.05,0.002,0.002
2016-08-13,0.182,0.121,0.612,0.478,0.059,0.493,0.061,0.005,0.002
2016-08-14,0.198,0.121,0.513,0.48,0.046,0.473,0.058,0.009,0.001
2016-08-15,0.197,0.121,0.614,0.444,0.045,0.475,0.066,0.009,0.001
2016-08-16,0.174,0.121,0.596,0.442,0.05,0.467,0.06,0.009,0.0
2016-08-17,0.153,0.123,0.558,0.424,0.047,0.454,0.051,0.009,0.001
2016-08-18,0.167,0.098,0.587,0.411,0.034,0.428,0.031,0.005,0.004
2016-08-19,0.185,0.101,0.581,0.385,0.045,0.423,0.039,0.004,0.003
2016-08-20,0.163,0.104,0.561,0.375,0.045,0.409,0.042,0.002,0.004
2016-08-21,0.171,0.099,0.584,0.359,0.051,0.389,0.043,0.005,0.004
2016-08-22,0.162,0.116,0.563,0.359,0.047,0.378,0.051,0.003,0.004
2016-08-23,0.168,0.117,0.478,0.349,0.052,0.389,0.056,0.003,0.003
2016-08-24,0.154,0.11,0.486,0.335,0.045,0.369,0.04,0.002,0.003
2016-08-25,0.166,0.103,0.493,0.298,0.035,0.347,0.034,0.001,0.004
2016-08-26,0.161,0.109,0.493,0.278,0.016,0.326,0.037,0.002,0.004
2016-08-27,0.164,0.108,0.489,0.215,0.002,0.277,0.054,0.0,0.002
2016-08-28,0.16,0.12,0.486,0.254,0.009,0.288,0.047,0.002,0.002
2016-08-29,0.154,0.109,0.465,0.242,0.008,0.268,0.029,0.0,0.004
2016-08-30,0.16,0.109,0.415,0.242,0.008,0.265,0.032,0.002,0.0
2016-08-31,0.173,0.108,0.41,0.257,0.012,0.257,0.034,0.002,0.001
2016-09-01,0.174,0.097,0.379,0.255,0.017,0.237,0.034,0.0,0.0
2016-09-02,0.178,0.092,0.365,0.245,0.024,0.229,0.033,0.0,0.0
2016-09-03,0.183,0.087,0.371,0.247,0.028,0.234,0.033,0.0,0.0
2016-09-04,0.179,0.092,0.379,0.246,0.017,0.223,0.035,0.002,0.0
2016-09-05,0.177,0.089,0.36,0.232,0.012,0.225,0.034,0.0,0.0
2016-09-06,0.181,0.091,0.356,0.225,0.012,0.226,0.034,0.0,0.0
2016-09-07,0.192,0.085,0.353,0.22,0.013,0.236,0.04,0.002,0.0
2016-09-08,0.19,0.088,0.347,0.214,0.015,0.238,0.048,0.002,0.0
2016-09-09,0.198,0.083,0.352,0.189,0.01,0.226,0.044,0.002,0.0
2016-09-10,0.187,0.087,0.347,0.174,0.007,0.242,0.066,0.002,0.0
2016-09-11,0.177,0.083,0.337,0.184,0.006,0.274,0.059,0.002,0.0
2016-09-12,0.193,0.083,0.333,0.176,0.006,0.297,0.053,0.003,0.0
2016-09-13,0.179,0.083,0.33,0.182,0.004,0.315,0.059,0.002,0.0
2016-09-14,0.196,0.077,0.322,0.191,0.007,0.323,0.059,0.0,0.0
2016-09-15,0.207,0.077,0.318,0.166,0.007,0.336,0.056,0.0,0.0
2016-09-16,0.204,0.081,0.324,0.179,0.005,0.318,0.056,0.0,0.0
2016-09-17,0.195,0.077,0.326,0.186,0.013,0.322,0.061,0.0,0.0
2016-09-18,0.191,0.066,0.335,0.194,0.011,0.353,0.068,0.002,0.0
2016-09-19,0.197,0.06,0.345,0.222,0.005,0.373,0.069,0.002,0.0
2016-09-20,0.203,0.067,0.336,0.24,0.01,0.379,0.067,0.001,0.0
2016-09-21,0.201,0.07,0.345,0.244,0.008,0.404,0.059,0.002,0.0
2016-09-22,0.221,0.067,0.343,0.271,0.004,0.398,0.062,0.0,0.0
2016-09-23,0.24,0.075,0.359,0.302,0.007,0.429,0.072,0.0,0.0
2016-09-24,0.239,0.076,0.37,0.331,0.007,0.432,0.075,0.0,0.0
2016-09-25,0.226,0.085,0.373,0.354,0.004,0.419,0.075,0.0,0.0
2016-09-26,0.233,0.087,0.371,0.399,0.004,0.424,0.07,0.002,0.0
2016-09-27,0.216,0.078,0.378,0.434,0.005,0.445,0.07,0.0,0.0
2016-09-28,0.23,0.082,0.376,0.403,0.002,0.468,0.075,0.003,0.0
2016-09-29,0.232,0.085,0.367,0.406,0.001,0.478,0.076,0.0,0.0
2016-09-30,0.249,0.084,0.355,0.415,0.001,0.469,0.093,0.002,0.0
2017-03-01,0.49,0.624,1.0,1.0,0.844,1.0,1.0,1.0,0.587
2017-03-02,0.505,0.619,1.0,1.0,0.842,1.0,1.0,1.0,0.562
2017-03-03,0.515,0.629,1.0,1.0,0.833,1.0,1.0,1.0,0.548
2017-03-04,0.518,0.64,1.0,1.0,0.846,1.0,1.0,1.0,0.509
2017-03-05,0.535,0.642,1.0,1.0,0.843,1.0,1.0,1.0,0.491
2017-03-06,0.536,0.65,1.0,1.0,0.852,1.0,1.0,1.0,0.486
2017-03-07,0.541,0.649,1.0,1.0,0.852,1.0,1.0,1.0,0.463
2017-03-08,0.529,0.65,1.0,1.0,0.845,1.0,1.0,1.0,0.456
2017-03-09,0.529,0.653,1.0,1.0,0.83,1.0,1.0,1.0,0.45
2017-03-10,0.531,0.657,1.0,1.0,0.819,1.0,1.0,1.0,0.465
2017-03-11,0.537,0.657,1.0,1.0,0.815,1.0,1.0,1.0,0.486
2017-03-12,0.531,0.663,1.0,1.0,0.828,1.0,1.0,1.0,0.473
2017-03-13,0.533,0.657,1.0,1.0,0.827,1.0,1.0,1.0,0.455
2017-03-14,0.541,0.649,1.0,1.0,0.821,1.0,1.0,1.0,0.453
2017-03-15,0.541,0.64,1.0,1.0,0.828,1.0,1.0,1.0,0.452
2017-03-16,0.543,0.639,1.0,1.0,0.825,1.0,1.0,1.0,0.432
2017-03-17,0.539,0.637,1.0,1.0,0.824,1.0,1.0,1.0,0.419
2017-03-18,0.549,0.641,1.0,1.0,0.825,1.0,1.0,1.0,0.422
2017-03-19,0.558,0.636,1.0,1.0,0.828,1.0,1.0,1.0,0.421
2017-03-20,0.567,0.63,1.0,1.0,0.837,1.0,1.0,1.0,0.421
2017-03-21,0.565,0.629,1.0,1.0,0.839,1.0,1.0,1.0,0.415
2017-03-22,0.57,0.62,1.0,1.0,0.84,1.0,1.0,1.0,0.407
2017-03-23,0.57,0.614,1.0,1.0,0.846,1.0,1.0,1.0,0.402
2017-03-24,0.573,0.611,1.0,1.0,0.847,1.0,1.0,1.0,0.392
2017-03-25,0.568,0.624,1.0,1.0,0.855,1.0,1.0,1.0,0.394
2017-03-26,0.562,0.633,1.0,1.0,0.858,1.0,1.0,1.0,0.419
2017-03-27,0.568,0.629,1.0,1.0,0.866,1.0,1.0,1.0,0.417
2017-03-28,0.589,0.632,1.0,1.0,0.869,1.0,1.0,1.0,0.413
2017-03-29,0.603,0.634,1.0,1.0,0.875,1.0,1.0,1.0,0.421
2017-03-30,0.603,0.647,1.0,1.0,0.887,1.0,1.0,1.0,0.422
2017-03-31,0.607,0.656,1.0,1.0,0.897,1.0,1.0,1.0,0.411
2017-04-01,0.601,0.671,1.0,1.0,0.894,1.0,1.0,1.0,0.407
2017-04-02,0.6,0.679,1.0,1.0,0.881,1.0,1.0,1.0,0.413
2017-04-03,0.601,0.677,1.0,1.0,0.879,1.0,1.0,1.0,0.418
2017-04-04,0.595,0.672,1.0,1.0,0.884,1.0,1.0,1.0,0.415
2017-04-05,0.571,0.666,1.0,1.0,0.881,1.0,1.0,1.0,0.397
2017-04-06,0.576,0.663,1.0,1.0,0.873,1.0,1.0,1.0,0.381
2017-04-07,0.588,0.664,1.0,1.0,0.874,1.0,1.0,1.0,0.379
2017-04-08,0.588,0.662,1.0,1.0,0.844,1.0,1.0,1.0,0.385
2017-04-09,0.592,0.662,1.0,1.0,0.842,1.0,1.0,1.0,0.404
2017-04-10,0.594,0.646,1.0,1.0,0.834,1.0,1.0,1.0,0.409
2017-04-11,0.597,0.645,1.0,1.0,0.839,1.0,1.0,1.0,0.392
2017-04-12,0.591,0.638,1.0,1.0,0.798,1.0,1.0,1.0,0.372
2017-04-13,0.594,0.642,1.0,1.0,0.777,1.0,1.0,1.0,0.351
2017-04-14,0.584,0.652,1.0,1.0,0.763,1.0,1.0,1.0,0.306
2017-04-15,0.575,0.66,1.0,1.0,0.758,1.0,1.0,1.0,0.303
2017-04-16,0.577,0.672,1.0,1.0,0.742,1.0,1.0,1.0,0.299
2017-04-17,0.582,0.668,1.0,1.0,0.737,1.0,1.0,1.0,0.294
2017-04-18,0.592,0.661,1.0,1.0,0.726,1.0,1.0,1.0,0.3
2017-04-19,0.584,0.664,1.0,1.0,0.739,1.0,1.0,1.0,0.279
2017-04-20,0.58,0.658,1.0,1.0,0.742,1.0,1.0,1.0,0.242
2017-04-21,0.571,0.655,1.0,1.0,0.738,1.0,1.0,1.0,0.211
2017-04-22,0.567,0.647,1.0,1.0,0.727,1.0,1.0,1.0,0.185
2017-04-23,0.574,0.653,1.0,1.0,0.697,1.0,1.0,1.0,0.177
2017-04-24,0.58,0.658,1.0,1.0,0.675,1.0,1.0,1.0,0.177
2017-04-25,0.586,0.665,1.0,1.0,0.667,1.0,1.0,1.0,0.183
2017-04-26,0.583,0.664,1.0,1.0,0.661,1.0,1.0,1.0,0.183
2017-04-27,0.588,0.67,1.0,1.0,0.652,1.0,1.0,0.993,0.185
2017-04-28,0.581,0.658,1.0,1.0,0.629,1.0,1.0,1.0,0.17
2017-04-29,0.583,0.652,1.0,1.0,0.618,1.0,1.0,1.0,0.155
2017-04-30,0.575,0.652,1.0,1.0,0.609,1.0,1.0,1.0,0.137
2017-05-01,0.576,0.649,1.0,1.0,0.592,1.0,1.0,1.0,0.143
2017-05-02,0.575,0.643,1.0,1.0,0.586,1.0,1.0,1.0,0.145
2017-05-03,0.548,0.649,1.0,1.0,0.563,1.0,0.999,1.0,0.151
2017-05-04,0.571,0.644,1.0,1.0,0.55,1.0,1.0,1.0,0.117
2017-05-05,0.6,0.649,1.0,1.0,0.545,1.0,1.0,1.0,0.131
2017-05-06,0.606,0.65,1.0,1.0,0.555,1.0,1.0,1.0,0.127
2017-05-07,0.609,0.649,1.0,1.0,0.533,1.0,1.0,1.0,0.115
2017-05-08,0.603,0.642,1.0,1.0,0.519,1.0,1.0,1.0,0.107
2017-05-09,0.598,0.638,1.0,1.0,0.504,1.0,0.994,1.0,0.105
2017-05-10,0.582,0.646,1.0,1.0,0.488,1.0,1.0,0.997,0.101
2017-05-11,0.573,0.658,1.0,1.0,0.461,1.0,0.997,0.996,0.105
2017-05-12,0.571,0.651,1.0,1.0,0.441,1.0,0.988,0.991,0.106
2017-05-13,0.565,0.647,1.0,1.0,0.411,1.0,0.987,0.993,0.106
2017-05-14,0.561,0.655,1.0,1.0,0.383,1.0,0.988,0.987,0.105
2017-05-15,0.56,0.656,1.0,1.0,0.366,1.0,0.986,0.976,0.101
2017-05-16,0.557,0.65,1.0,0.998,0.366,0.997,0.975,0.969,0.081
2017-05-17,0.553,0.649,1.0,0.995,0.368,0.997,0.968,0.96,0.08
2017-05-18,0.541,0.644,1.0,0.995,0.365,0.996,0.965,0.959,0.073
2017-05-19,0.548,0.648,1.0,0.992,0.355,0.994,0.956,0.952,0.069
2017-05-20,0.558,0.65,1.0,0.992,0.354,0.994,0.967,0.951,0.084
2017-05-21,0.563,0.651,1.0,0.987,0.345,0.992,0.956,0.957,0.077
2017-05-22,0.558,0.639,1.0,0.987,0.326,0.99,0.961,0.955,0.076
2017-05-23,0.548,0.644,1.0,0.987,0.316,0.988,0.947,0.96,0.059
2017-05-24,0.548,0.634,1.0,0.987,0.327,0.988,0.948,0.941,0.053
2017-05-25,0.546,0.628,1.0,0.987,0.321,0.985,0.937,0.937,0.059
2017-05-26,0.545,0.628,1.0,0.988,0.316,0.981,0.942,0.933,0.056
2017-05-27,0.539,0.627,0.999,0.987,0.315,0.975,0.933,0.946,0.032
2017-05-28,0.531,0.617,0.998,0.99,0.308,0.974,0.916,0.94,0.048
2017-05-29,0.526,0.614,0.993,0.99,0.311,0.975,0.903,0.947,0.033
2017-05-30,0.525,0.594,0.999,0.991,0.286,0.971,0.906,0.955,0.027
2017-05-31,0.52,0.586,0.992,0.99,0.307,0.963,0.907,0.954,0.028
2017-06-01,0.519,0.562,0.988,0.984,0.308,0.958,0.902,0.959,0.03
2017-06-02,0.522,0.559,0.991,0.987,0.305,0.963,0.911,0.957,0.03
2017-06-03,0.522,0.55,0.986,0.987,0.3,0.968,0.914,0.957,0.033
2017-06-04,0.518,0.527,0.987,0.987,0.291,0.964,0.899,0.952,0.035
2017-06-05,0.531,0.52,0.986,0.987,0.258,0.96,0.881,0.93,0.033
2017-06-06,0.529,0.511,0.987,0.984,0.253,0.955,0.878,0.877,0.013
2017-06-07,0.505,0.516,0.988,0.984,0.248,0.955,0.857,0.817,0.011
2017-06-08,0.488,0.516,0.981,0.98,0.241,0.953,0.834,0.837,0.01
2017-06-09,0.489,0.518,0.979,0.977,0.231,0.955,0.821,0.826,0.011
2017-06-10,0.477,0.52,0.976,0.973,0.218,0.954,0.815,0.8,0.012
2017-06-11,0.471,0.522,0.978,0.969,0.205,0.953,0.826,0.786,0.014
2017-06-12,0.474,0.514,0.968,0.968,0.204,0.947,0.78,0.781,0.011
2017-06-13,0.486,0.495,0.957,0.968,0.198,0.948,0.763,0.773,0.013
2017-06-14,0.49,0.479,0.948,0.962,0.194,0.95,0.765,0.748,0.01
2017-06-15,0.495,0.473,0.945,0.966,0.194,0.948,0.752,0.717,0.013
2017-06-16,0.494,0.482,0.938,0.966,0.196,0.938,0.744,0.687,0.012
2017-06-17,0.489,0.477,0.946,0.956,0.186,0.929,0.718,0.653,0.011
2017-06-18,0.483,0.476,0.954,0.953,0.192,0.919,0.709,0.639,0.014
2017-06-19,0.484,0.476,0.927,0.941,0.184,0.905,0.708,0.62,0.013
2017-06-20,0.481,0.471,0.963,0.94,0.182,0.898,0.68,0.582,0.011
2017-06-21,0.474,0.467,0.969,0.946,0.185,0.885,0.67,0.567,0.011
2017-06-22,0.473,0.46,0.961,0.935,0.179,0.887,0.652,0.506,0.009
2017-06-23,0.471,0.444,0.967,0.93,0.173,0.891,0.646,0.454,0.012
2017-06-24,0.475,0.44,0.979,0.93,0.153,0.89,0.651,0.391,0.013
2017-06-25,0.48,0.443,0.979,0.936,0.148,0.891,0.635,0.365,0.008
2017-06-26,0.493,0.435,0.949,0.918,0.148,0.878,0.614,0.383,0.011
2017-06-27,0.499,0.428,0.936,0.916,0.139,0.875,0.6,0.355,0.011
2017-06-28,0.496,0.428,0.952,0.9,0.133,0.878,0.547,0.321,0.008
2017-06-29,0.487,0.399,0.968,0.901,0.13,0.87,0.546,0.287,0.006
2017-06-30,0.461,0.406,0.932,0.901,0.129,0.86,0.537,0.225,0.006
2017-07-01,0.478,0.416,0.908,0.894,0.125,0.854,0.508,0.208,0.003
2017-07-02,0.455,0.402,0.908,0.858,0.128,0.844,0.503,0.201,0.006
2017-07-03,0.452,0.408,0.926,0.873,0.126,0.839,0.479,0.19,0.002
2017-07-04,0.448,0.406,0.917,0.873,0.114,0.839,0.449,0.116,0.001
2017-07-05,0.455,0.395,0.903,0.866,0.105,0.839,0.441,0.114,0.002
2017-07-06,0.457,0.397,0.899,0.85,0.094,0.819,0.405,0.144,0.0
2017-07-07,0.446,0.391,0.888,0.835,0.101,0.816,0.401,0.123,0.002
2017-07-08,0.459,0.377,0.897,0.832,0.093,0.819,0.395,0.086,0.005
2017-07-09,0.461,0.361,0.902,0.828,0.1,0.828,0.407,0.092,0.003
2017-07-10,0.441,0.351,0.879,0.834,0.099,0.815,0.375,0.079,0.001
2017-07-11,0.431,0.348,0.791,0.811,0.099,0.814,0.39,0.087,0.002
2017-07-12,0.429,0.341,0.809,0.751,0.084,0.821,0.356,0.056,0.002
2017-07-13,0.415,0.337,0.842,0.663,0.047,0.825,0.347,0.059,0.002
2017-07-14,0.404,0.312,0.837,0.682,0.035,0.797,0.338,0.045,0.002
2017-07-15,0.359,0.278,0.839,0.711,0.043,0.809,0.317,0.044,0.003
2017-07-16,0.355,0.283,0.821,0.677,0.044,0.817,0.321,0.02,0.003
2017-07-17,0.355,0.259,0.804,0.659,0.033,0.806,0.317,0.023,0.002
2017-07-18,0.344,0.254,0.798,0.672,0.033,0.787,0.251,0.015,0.002
2017-07-19,0.31,0.249,0.764,0.677,0.034,0.776,0.303,0.017,0.002
2017-07-20,0.263,0.225,0.755,0.667,0.034,0.774,0.27,0.018,0.002
2017-07-21,0.27,0.217,0.683,0.632,0.028,0.781,0.274,0.021,0.007
2017-07-22,0.255,0.239,0.69,0.624,0.02,0.788,0.283,0.026,0.003
2017-07-23,0.287,0.236,0.726,0.607,0.028,0.787,0.276,0.018,0.003
2017-07-24,0.277,0.241,0.726,0.613,0.024,0.771,0.309,0.023,0.01
2017-07-25,0.272,0.235,0.662,0.616,0.026,0.775,0.294,0.019,0.003
2017-07-26,0.265,0.227,0.674,0.599,0.02,0.776,0.251,0.019,0.004
2017-07-27,0.273,0.221,0.663,0.575,0.019,0.776,0.242,0.015,0.002
2017-07-28,0.264,0.213,0.634,0.557,0.016,0.764,0.236,0.013,0.002
2017-07-29,0.265,0.216,0.592,0.54,0.008,0.737,0.232,0.015,0.003
2017-07-30,0.255,0.217,0.604,0.539,0.01,0.725,0.21,0.006,0.002
2017-07-31,0.253,0.22,0.605,0.539,0.011,0.699,0.21,0.017,0.002
2017-08-01,0.24,0.21,0.559,0.515,0.002,0.661,0.219,0.009,0.002
2017-08-02,0.237,0.204,0.526,0.509,0.002,0.66,0.244,0.003,0.002
2017-08-03,0.234,0.202,0.505,0.475,0.002,0.668,0.211,0.011,0.002
2017-08-04,0.213,0.197,0.503,0.437,0.002,0.669,0.179,0.007,0.002
2017-08-05,0.2,0.2,0.475,0.415,0.002,0.645,0.191,0.009,0.002
2017-08-06,0.198,0.207,0.48,0.387,0.002,0.617,0.199,0.009,0.0
2017-08-07,0.181,0.196,0.482,0.37,0.002,0.59,0.176,0.002,0.0
2017-08-08,0.177,0.197,0.483,0.37,0.002,0.584,0.119,0.007,0.001
2017-08-09,0.16,0.188,0.484,0.374,0.002,0.542,0.139,0.002,0.001
2017-08-10,0.132,0.186,0.488,0.377,0.002,0.511,0.136,0.0,0.001
2017-08-11,0.123,0.189,0.488,0.38,0.002,0.486,0.087,0.003,0.002
2017-08-12,0.158,0.17,0.464,0.387,0.002,0.491,0.125,0.007,0.002
2017-08-13,0.162,0.165,0.441,0.389,0.001,0.483,0.113,0.009,0.002
2017-08-14,0.16,0.175,0.443,0.381,0.002,0.481,0.048,0.007,0.001
2017-08-15,0.15,0.164,0.452,0.374,0.002,0.464,0.056,0.003,0.001
2017-08-16,0.155,0.147,0.43,0.379,0.002,0.435,0.05,0.005,0.004
2017-08-17,0.156,0.147,0.433,0.381,0.002,0.431,0.066,0.003,0.004
2017-08-18,0.171,0.155,0.411,0.377,0.002,0.439,0.077,0.002,0.002
2017-08-19,0.13,0.147,0.408,0.38,0.001,0.431,0.085,0.001,0.002
2017-08-20,0.141,0.15,0.386,0.384,0.002,0.433,0.076,0.0,0.004
2017-08-21,0.139,0.158,0.37,0.378,0.002,0.435,0.076,0.0,0.004
2017-08-22,0.137,0.154,0.366,0.364,0.002,0.423,0.079,0.0,0.002
2017-08-23,0.126,0.156,0.347,0.366,0.002,0.411,0.075,0.006,0.004
2017-08-24,0.113,0.15,0.344,0.358,0.002,0.401,0.075,0.011,0.004
2017-08-25,0.118,0.147,0.328,0.354,0.002,0.405,0.085,0.014,0.004
2017-08-26,0.124,0.151,0.323,0.34,0.002,0.409,0.078,0.007,0.003
2017-08-27,0.118,0.147,0.327,0.346,0.002,0.421,0.08,0.012,0.002
2017-08-28,0.134,0.143,0.32,0.35,0.002,0.416,0.08,0.006,0.002
2017-08-29,0.116,0.137,0.311,0.347,0.002,0.403,0.092,0.003,0.004
2017-08-30,0.124,0.129,0.292,0.347,0.002,0.402,0.092,0.0,0.002
2017-08-31,0.103,0.13,0.287,0.345,0.002,0.411,0.08,0.014,0.004
2017-09-01,0.116,0.125,0.283,0.331,0.001,0.41,0.072,0.007,0.0
2017-09-02,0.104,0.123,0.286,0.318,0.001,0.441,0.072,0.002,0.0
2017-09-03,0.103,0.114,0.278,0.302,0.001,0.463,0.06,0.003,0.0
2017-09-04,0.113,0.113,0.277,0.29,0.001,0.464,0.073,0.001,0.0
2017-09-05,0.09,0.116,0.271,0.284,0.001,0.435,0.076,0.0,0.0
2017-09-06,0.086,0.115,0.272,0.276,0.001,0.417,0.076,0.0,0.0
2017-09-07,0.078,0.102,0.273,0.269,0.001,0.419,0.076,0.002,0.0
2017-09-08,0.085,0.088,0.288,0.264,0.001,0.42,0.093,0.007,0.0
2017-09-09,0.092,0.092,0.295,0.262,0.001,0.422,0.096,0.0,0.0
2017-09-10,0.091,0.082,0.305,0.264,0.001,0.41,0.099,0.0,0.0
2017-09-11,0.089,0.084,0.315,0.266,0.001,0.425,0.098,0.002,0.0
2017-09-12,0.09,0.077,0.321,0.271,0.001,0.418,0.102,0.0,0.0
2017-09-13,0.082,0.073,0.333,0.276,0.001,0.423,0.104,0.001,0.0
2017-09-14,0.084,0.072,0.334,0.28,0.001,0.423,0.106,0.0,0.0
2017-09-15,0.092,0.083,0.337,0.284,0.001,0.435,0.108,0.0,0.0
2017-09-16,0.094,0.073,0.338,0.282,0.001,0.44,0.109,0.002,0.0
2017-09-17,0.097,0.069,0.339,0.29,0.001,0.445,0.112,0.002,0.0
2017-09-18,0.094,0.07,0.34,0.292,0.001,0.451,0.12,0.0,0.0
2017-09-19,0.103,0.067,0.349,0.295,0.001,0.433,0.13,0.003,0.0
2017-09-20,0.112,0.078,0.349,0.285,0.001,0.424,0.132,0.0,0.0
2017-09-21,0.113,0.084,0.36,0.265,0.001,0.425,0.13,0.0,0.0
2017-09-22,0.13,0.088,0.367,0.265,0.001,0.401,0.13,0.0,0.0
2017-09-23,0.115,0.091,0.37,0.262,0.001,0.4,0.129,0.0,0.0
2017-09-24,0.128,0.094,0.38,0.267,0.001,0.392,0.133,0.001,0.0
2017-09-25,0.124,0.098,0.4,0.281,0.001,0.398,0.13,0.002,0.0
2017-09-26,0.128,0.094,0.417,0.31,0.001,0.42,0.133,0.0,0.0
2017-09-27,0.141,0.099,0.419,0.329,0.001,0.449,0.138,0.002,0.0
2017-09-28,0.116,0.093,0.432,0.348,0.001,0.451,0.138,0.0,0.0
2017-09-29,0.107,0.092,0.454,0.367,0.001,0.441,0.135,0.0,0.0
2017-09-30,0.109,0.096,0.441,0.379,0.001,0.445,0.139,0.002,0.0
2018-03-01,0.441,0.582,1.0,1.0,0.648,1.0,1.0,1.0,0.641
2018-03-02,0.452,0.59,1.0,1.0,0.636,1.0,1.0,1.0,0.628
2018-03-03,0.454,0.605,1.0,1.0,0.641,1.0,1.0,1.0,0.623
2018-03-04,0.442,0.61,1.0,1.0,0.623,1.0,1.0,1.0,0.63
2018-03-05,0.438,0.62,1.0,1.0,0.604,1.0,1.0,1.0,0.642
2018-03-06,0.438,0.627,1.0,1.0,0.581,1.0,1.0,1.0,0.665
2018-03-07,0.448,0.629,1.0,1.0,0.576,1.0,1.0,1.0,0.686
2018-03-08,0.44,0.631,1.0,1.0,0.596,1.0,1.0,1.0,0.695
2018-03-09,0.435,0.639,1.0,1.0,0.621,1.0,1.0,1.0,0.686
2018-03-10,0.442,0.65,1.0,1.0,0.669,1.0,1.0,1.0,0.662
2018-03-11,0.44,0.656,1.0,1.0,0.696,1.0,1.0,1.0,0.685
2018-03-12,0.444,0.659,1.0,1.0,0.711,1.0,1.0,1.0,0.706
2018-03-13,0.44,0.666,1.0,1.0,0.714,1.0,1.0,1.0,0.716
2018-03-14,0.442,0.673,1.0,1.0,0.708,1.0,1.0,1.0,0.706
2018-03-15,0.446,0.677,1.0,1.0,0.716,1.0,1.0,1.0,0.705
2018-03-16,0.448,0.668,1.0,1.0,0.733,1.0,1.0,1.0,0.727
2018-03-17,0.456,0.664,1.0,1.0,0.751,1.0,1.0,1.0,0.723
2018-03-18,0.459,0.645,1.0,1.0,0.733,1.0,1.0,1.0,0.732
2018-03-19,0.449,0.638,1.0,1.0,0.72,1.0,1.0,1.0,0.735
2018-03-20,0.453,0.649,1.0,1.0,0.711,1.0,1.0,1.0,0.746
2018-03-21,0.447,0.669,1.0,1.0,0.677,1.0,1.0,1.0,0.734
2018-03-22,0.442,0.673,1.0,1.0,0.656,1.0,1.0,1.0,0.749
2018-03-23,0.438,0.679,1.0,1.0,0.62,1.0,1.0,1.0,0.753
2018-03-24,0.418,0.681,1.0,1.0,0.6,1.0,1.0,1.0,0.763
2018-03-25,0.416,0.686,1.0,1.0,0.599,1.0,1.0,1.0,0.746
2018-03-26,0.427,0.693,1.0,1.0,0.605,1.0,1.0,1.0,0.747
2018-03-27,0.435,0.693,1.0,1.0,0.612,1.0,1.0,1.0,0.748
2018-03-28,0.446,0.698,1.0,1.0,0.611,1.0,1.0,1.0,0.736
2018-03-29,0.449,0.705,1.0,1.0,0.611,1.0,1.0,1.0,0.739
2018-03-30,0.456,0.71,1.0,1.0,0.584,1.0,1.0,1.0,0.742
2018-03-31,0.461,0.712,1.0,1.0,0.561,1.0,1.0,1.0,0.733
2018-04-01,0.465,0.714,1.0,1.0,0.571,1.0,1.0,1.0,0.715
2018-04-02,0.464,0.715,1.0,1.0,0.571,1.0,1.0,1.0,0.711
2018-04-03,0.457,0.721,1.0,1.0,0.565,1.0,1.0,1.0,0.692
2018-04-04,0.452,0.717,1.0,1.0,0.568,1.0,1.0,1.0,0.691
2018-04-05,0.449,0.715,1.0,1.0,0.586,1.0,1.0,1.0,0.684
2018-04-06,0.452,0.718,1.0,1.0,0.601,1.0,1.0,1.0,0.658
2018-04-07,0.454,0.714,1.0,1.0,0.6,1.0,1.0,1.0,0.628
2018-04-08,0.457,0.718,1.0,1.0,0.611,1.0,1.0,1.0,0.617
2018-04-09,0.469,0.707,1.0,1.0,0.582,1.0,1.0,1.0,0.606
2018-04-10,0.469,0.705,1.0,1.0,0.572,1.0,1.0,1.0,0.605
2018-04-11,0.465,0.702,1.0,1.0,0.564,1.0,1.0,1.0,0.61
2018-04-12,0.459,0.696,1.0,1.0,0.57,1.0,1.0,1.0,0.593
2018-04-13,0.48,0.692,1.0,1.0,0.576,1.0,1.0,1.0,0.576
2018-04-14,0.476,0.688,1.0,1.0,0.561,1.0,1.0,1.0,0.558
2018-04-15,0.473,0.684,1.0,1.0,0.532,1.0,1.0,1.0,0.552
2018-04-16,0.478,0.677,1.0,1.0,0.513,1.0,1.0,1.0,0.563
2018-04-17,0.465,0.68,1.0,1.0,0.499,1.0,1.0,1.0,0.563
2018-04-18,0.46,0.686,1.0,1.0,0.498,1.0,1.0,1.0,0.561
2018-04-19,0.449,0.69,1.0,1.0,0.496,1.0,1.0,1.0,0.558
2018-04-20,0.448,0.692,1.0,1.0,0.496,1.0,1.0,1.0,0.539
2018-04-21,0.454,0.689,1.0,1.0,0.498,1.0,1.0,1.0,0.512
2018-04-22,0.46,0.689,1.0,1.0,0.492,1.0,1.0,1.0,0.503
2018-04-23,0.462,0.689,1.0,1.0,0.494,1.0,1.0,1.0,0.487
2018-04-24,0.457,0.695,1.0,1.0,0.475,1.0,1.0,1.0,0.495
2018-04-25,0.451,0.689,1.0,1.0,0.458,1.0,1.0,1.0,0.482
2018-04-26,0.452,0.692,1.0,1.0,0.443,1.0,1.0,1.0,0.462
2018-04-27,0.457,0.697,1.0,1.0,0.439,1.0,1.0,1.0,0.438
2018-04-28,0.465,0.699,1.0,1.0,0.432,1.0,1.0,1.0,0.404
2018-04-29,0.466,0.698,1.0,1.0,0.429,1.0,0.999,1.0,0.39
2018-04-30,0.465,0.7,1.0,1.0,0.419,1.0,0.989,1.0,0.381
2018-05-01,0.444,0.7,1.0,1.0,0.399,1.0,0.989,1.0,0.365
2018-05-02,0.431,0.697,1.0,1.0,0.388,1.0,0.99,1.0,0.341
2018-05-03,0.41,0.69,1.0,1.0,0.393,1.0,0.989,1.0,0.306
2018-05-04,0.398,0.677,1.0,1.0,0.402,1.0,0.989,1.0,0.273
2018-05-05,0.397,0.66,1.0,1.0,0.407,1.0,0.99,1.0,0.232
2018-05-06,0.408,0.645,1.0,1.0,0.391,1.0,0.99,1.0,0.188
2018-05-07,0.41,0.637,1.0,1.0,0.405,1.0,0.99,1.0,0.176
2018-05-08,0.41,0.631,1.0,1.0,0.405,1.0,0.999,1.0,0.158
2018-05-09,0.408,0.623,1.0,1.0,0.404,1.0,0.99,1.0,0.155
2018-05-10,0.404,0.617,1.0,1.0,0.387,1.0,0.989,1.0,0.137
2018-05-11,0.385,0.608,1.0,1.0,0.365,1.0,0.989,1.0,0.121
2018-05-12,0.386,0.61,1.0,1.0,0.352,1.0,0.99,1.0,0.111
2018-05-13,0.385,0.604,1.0,1.0,0.345,1.0,0.988,1.0,0.101
2018-05-14,0.395,0.602,1.0,1.0,0.339,1.0,0.988,1.0,0.083
2018-05-15,0.385,0.588,1.0,1.0,0.336,1.0,0.987,1.0,0.086
2018-05-16,0.39,0.59,1.0,1.0,0.333,1.0,0.986,1.0,0.094
2018-05-17,0.397,0.59,1.0,1.0,0.331,1.0,0.983,0.999,0.092
2018-05-18,0.398,0.58,1.0,1.0,0.329,1.0,0.985,1.0,0.081
2018-05-19,0.393,0.574,1.0,1.0,0.32,1.0,0.961,0.991,0.087
2018-05-20,0.389,0.566,1.0,1.0,0.306,1.0,0.959,0.949,0.079
2018-05-21,0.373,0.554,1.0,1.0,0.3,1.0,0.954,0.94,0.068
2018-05-22,0.373,0.551,1.0,1.0,0.301,1.0,0.946,0.947,0.053
2018-05-23,0.369,0.554,1.0,1.0,0.295,1.0,0.913,0.923,0.051
2018-05-24,0.378,0.551,1.0,1.0,0.296,1.0,0.888,0.936,0.043
2018-05-25,0.379,0.544,0.995,1.0,0.292,1.0,0.897,0.928,0.049
2018-05-26,0.386,0.535,0.992,1.0,0.292,1.0,0.895,0.939,0.048
2018-05-27,0.393,0.533,0.99,1.0,0.287,1.0,0.868,0.923,0.051
2018-05-28,0.401,0.531,0.974,1.0,0.281,1.0,0.884,0.927,0.036
2018-05-29,0.398,0.524,0.962,0.998,0.279,1.0,0.879,0.916,0.019
2018-05-30,0.389,0.53,0.948,0.999,0.274,1.0,0.883,0.9,0.015
2018-05-31,0.408,0.528,0.948,0.999,0.272,1.0,0.881,0.894,0.011
2018-06-01,0.404,0.52,0.944,0.999,0.267,1.0,0.888,0.874,0.02
2018-06-02,0.411,0.509,0.953,1.0,0.265,0.996,0.862,0.89,0.008
2018-06-03,0.406,0.505,0.951,1.0,0.26,0.993,0.846,0.895,0.006
2018-06-04,0.395,0.502,0.94,1.0,0.253,0.988,0.84,0.9,0.009
2018-06-05,0.396,0.504,0.926,1.0,0.248,0.983,0.827,0.898,0.011
2018-06-06,0.389,0.501,0.904,1.0,0.25,0.98,0.808,0.91,0.009
2018-06-07,0.391,0.502,0.912,1.0,0.25,0.98,0.801,0.916,0.006
2018-06-08,0.378,0.495,0.905,0.999,0.252,0.981,0.777,0.916,0.012
2018-06-09,0.388,0.477,0.889,1.0,0.253,0.987,0.78,0.884,0.012
2018-06-10,0.382,0.484,0.862,0.999,0.256,0.991,0.78,0.867,0.006
2018-06-11,0.374,0.501,0.845,0.997,0.262,0.992,0.793,0.842,0.008
2018-06-12,0.359,0.49,0.846,0.992,0.268,0.996,0.75,0.862,0.012
2018-06-13,0.362,0.479,0.841,0.991,0.278,0.994,0.765,0.892,0.011
2018-06-14,0.383,0.473,0.838,0.988,0.276,0.987,0.741,0.898,0.009
2018-06-15,0.363,0.458,0.843,0.992,0.272,0.986,0.722,0.873,0.013
2018-06-16,0.355,0.449,0.825,0.99,0.271,0.988,0.724,0.804,0.006
2018-06-17,0.36,0.448,0.818,0.991,0.271,0.991,0.712,0.82,0.008
2018-06-18,0.359,0.444,0.815,0.99,0.27,0.992,0.745,0.856,0.009
2018-06-19,0.355,0.442,0.828,0.99,0.265,0.981,0.732,0.859,0.014
2018-06-20,0.365,0.435,0.822,0.989,0.264,0.993,0.736,0.846,0.007
2018-06-21,0.361,0.425,0.818,0.987,0.271,0.992,0.714,0.812,0.011
2018-06-22,0.35,0.414,0.809,0.989,0.267,0.989,0.703,0.812,0.011
2018-06-23,0.341,0.411,0.773,0.991,0.252,0.977,0.708,0.784,0.014
2018-06-24,0.346,0.398,0.788,0.991,0.245,0.989,0.678,0.776,0.011
2018-06-25,0.343,0.389,0.791,0.992,0.236,0.989,0.686,0.733,0.01
2018-06-26,0.346,0.375,0.794,0.992,0.222,0.986,0.655,0.709,0.005
2018-06-27,0.342,0.368,0.787,0.996,0.22,0.987,0.673,0.655,0.009
2018-06-28,0.359,0.358,0.782,0.996,0.198,0.981,0.654,0.655,0.006
2018-06-29,0.357,0.361,0.77,0.994,0.189,0.973,0.645,0.673,0.004
2018-06-30,0.351,0.358,0.767,0.995,0.188,0.962,0.642,0.686,0.005
2018-07-01,0.349,0.351,0.759,0.992,0.193,0.961,0.639,0.597,0.002
2018-07-02,0.346,0.348,0.719,0.991,0.17,0.957,0.596,0.583,0.004
2018-07-03,0.336,0.352,0.74,0.986,0.174,0.954,0.566,0.62,0.005
2018-07-04,0.324,0.352,0.658,0.979,0.148,0.939,0.551,0.627,0.005
2018-07-05,0.332,0.345,0.558,0.969,0.154,0.926,0.57,0.518,0.011
2018-07-06,0.317,0.338,0.651,0.977,0.14,0.949,0.519,0.574,0.011
2018-07-07,0.306,0.336,0.655,0.978,0.142,0.943,0.507,0.373,0.011
2018-07-08,0.319,0.326,0.616,0.973,0.154,0.953,0.535,0.407,0.007
2018-07-09,0.326,0.298,0.652,0.975,0.162,0.961,0.5,0.466,0.006
2018-07-10,0.324,0.273,0.611,0.974,0.17,0.97,0.464,0.397,0.002
2018-07-11,0.311,0.26,0.545,0.974,0.166,0.968,0.447,0.335,0.002
2018-07-12,0.31,0.246,0.546,0.967,0.166,0.971,0.459,0.271,0.002
2018-07-13,0.31,0.237,0.554,0.969,0.145,0.97,0.379,0.165,0.001
2018-07-14,0.305,0.232,0.529,0.961,0.135,0.965,0.409,0.166,0.001
2018-07-15,0.306,0.229,0.545,0.958,0.13,0.952,0.385,0.261,0.001
2018-07-16,0.3,0.204,0.531,0.958,0.135,0.95,0.365,0.3,0.002
2018-07-17,0.292,0.177,0.517,0.959,0.123,0.954,0.36,0.286,0.002
2018-07-18,0.255,0.168,0.503,0.953,0.122,0.961,0.365,0.19,0.001
2018-07-19,0.243,0.176,0.443,0.953,0.129,0.95,0.349,0.219,0.001
2018-07-20,0.243,0.14,0.426,0.938,0.118,0.959,0.322,0.238,0.022
2018-07-21,0.243,0.118,0.415,0.928,0.091,0.956,0.288,0.245,0.008
2018-07-22,0.234,0.128,0.413,0.939,0.073,0.931,0.25,0.192,0.002
2018-07-23,0.194,0.114,0.417,0.895,0.083,0.898,0.197,0.1,0.002
2018-07-24,0.209,0.092,0.417,0.888,0.062,0.932,0.191,0.069,0.002
2018-07-25,0.224,0.088,0.428,0.923,0.062,0.907,0.196,0.056,0.003
2018-07-26,0.214,0.082,0.408,0.884,0.056,0.926,0.176,0.049,0.003
2018-07-27,0.215,0.08,0.364,0.868,0.05,0.937,0.152,0.039,0.002
2018-07-28,0.217,0.081,0.371,0.858,0.037,0.943,0.153,0.054,0.002
2018-07-29,0.224,0.086,0.347,0.866,0.031,0.888,0.139,0.014,0.002
2018-07-30,0.192,0.089,0.355,0.848,0.025,0.764,0.138,0.033,0.005
2018-07-31,0.16,0.075,0.336,0.751,0.039,0.818,0.138,0.026,0.012
2018-08-01,0.162,0.081,0.34,0.717,0.03,0.807,0.139,0.0,0.004
2018-08-02,0.152,0.074,0.309,0.744,0.034,0.807,0.117,0.001,0.004
2018-08-03,0.135,0.067,0.29,0.791,0.031,0.788,0.131,0.0,0.004
2018-08-04,0.142,0.059,0.282,0.772,0.03,0.785,0.112,0.019,0.002
2018-08-05,0.147,0.057,0.259,0.769,0.025,0.757,0.099,0.001,0.002
2018-08-06,0.163,0.056,0.212,0.764,0.023,0.732,0.082,0.002,0.004
2018-08-07,0.175,0.05,0.196,0.767,0.027,0.724,0.083,0.002,0.004
2018-08-08,0.173,0.038,0.193,0.757,0.028,0.724,0.104,0.002,0.002
2018-08-09,0.168,0.034,0.182,0.739,0.031,0.701,0.106,0.0,0.002
2018-08-10,0.162,0.031,0.177,0.736,0.031,0.67,0.081,0.002,0.002
2018-08-11,0.173,0.029,0.165,0.721,0.031,0.685,0.101,0.003,0.004
2018-08-12,0.163,0.033,0.153,0.713,0.036,0.698,0.079,0.002,0.004
2018-08-13,0.145,0.035,0.118,0.698,0.029,0.689,0.083,0.002,0.002
2018-08-14,0.132,0.04,0.116,0.633,0.028,0.694,0.081,0.0,0.004
2018-08-15,0.139,0.037,0.113,0.587,0.007,0.644,0.084,0.002,0.004
2018-08-16,0.13,0.04,0.106,0.568,0.009,0.626,0.084,0.02,0.004
2018-08-17,0.117,0.041,0.108,0.583,0.009,0.632,0.079,0.003,0.002
2018-08-18,0.127,0.032,0.106,0.585,0.002,0.641,0.081,0.003,0.004
2018-08-19,0.127,0.029,0.104,0.595,0.002,0.626,0.074,0.002,0.004
2018-08-20,0.125,0.027,0.083,0.597,0.007,0.633,0.077,0.0,0.004
2018-08-21,0.119,0.025,0.07,0.569,0.005,0.64,0.092,0.0,0.002
2018-08-22,0.124,0.032,0.052,0.533,0.005,0.654,0.07,0.001,0.002
2018-08-23,0.123,0.033,0.05,0.517,0.004,0.646,0.07,0.004,0.002
2018-08-24,0.13,0.032,0.053,0.508,0.003,0.636,0.065,0.002,0.002
2018-08-25,0.124,0.031,0.068,0.52,0.002,0.629,0.072,0.0,0.004
2018-08-26,0.115,0.031,0.044,0.518,0.002,0.628,0.069,0.0,0.002
2018-08-27,0.126,0.035,0.029,0.507,0.002,0.617,0.074,0.0,0.002
2018-08-28,0.116,0.038,0.051,0.473,0.002,0.599,0.084,0.0,0.002
2018-08-29,0.12,0.036,0.056,0.48,0.002,0.576,0.082,0.002,0.004
2018-08-30,0.114,0.029,0.053,0.487,0.002,0.58,0.085,0.002,0.004
2018-08-31,0.122,0.031,0.06,0.47,0.002,0.587,0.088,0.0,0.004
2018-09-01,0.117,0.035,0.044,0.478,0.001,0.582,0.071,0.0,0.0
2018-09-02,0.083,0.033,0.043,0.48,0.001,0.583,0.062,0.0,0.0
2018-09-03,0.106,0.032,0.045,0.483,0.001,0.579,0.059,0.0,0.0
2018-09-04,0.11,0.043,0.045,0.444,0.001,0.589,0.065,0.0,0.0
2018-09-05,0.123,0.043,0.038,0.431,0.001,0.572,0.068,0.0,0.0
2018-09-06,0.12,0.043,0.028,0.422,0.001,0.567,0.071,0.0,0.0
2018-09-07,0.132,0.04,0.024,0.368,0.001,0.582,0.064,0.0,0.0
2018-09-08,0.122,0.043,0.022,0.347,0.001,0.58,0.069,0.0,0.0
2018-09-09,0.128,0.041,0.023,0.355,0.001,0.57,0.076,0.0,0.0
2018-09-10,0.125,0.046,0.028,0.331,0.001,0.563,0.076,0.0,0.0
2018-09-11,0.114,0.045,0.026,0.312,0.001,0.568,0.076,0.003,0.0
2018-09-12,0.122,0.043,0.031,0.294,0.001,0.555,0.076,0.0,0.0
2018-09-13,0.12,0.054,0.035,0.34,0.001,0.558,0.076,0.0,0.0
2018-09-14,0.124,0.043,0.04,0.337,0.001,0.57,0.076,0.001,0.0
2018-09-15,0.136,0.042,0.049,0.305,0.001,0.58,0.073,0.0,0.0
2018-09-16,0.134,0.041,0.031,0.281,0.001,0.578,0.076,0.001,0.0
2018-09-17,0.141,0.04,0.017,0.258,0.001,0.582,0.075,0.002,0.0
2018-09-18,0.135,0.047,0.037,0.254,0.001,0.595,0.071,0.003,0.0
2018-09-19,0.128,0.041,0.038,0.238,0.001,0.589,0.076,0.001,0.0
2018-09-20,0.134,0.045,0.04,0.247,0.001,0.586,0.097,0.0,0.0
2018-09-21,0.137,0.042,0.043,0.231,0.001,0.568,0.104,0.001,0.0
2018-09-22,0.145,0.045,0.039,0.246,0.001,0.56,0.101,0.002,0.0
2018-09-23,0.152,0.046,0.026,0.257,0.001,0.576,0.101,0.0,0.0
2018-09-24,0.17,0.035,0.032,0.269,0.001,0.591,0.103,0.002,0.0
2018-09-25,0.192,0.038,0.038,0.287,0.001,0.615,0.101,0.002,0.0
2018-09-26,0.207,0.038,0.027,0.29,0.001,0.616,0.101,0.002,0.0
2018-09-27,0.226,0.034,0.026,0.294,0.001,0.599,0.114,0.002,0.0
2018-09-28,0.245,0.037,0.009,0.296,0.001,0.599,0.114,0.0,0.0
2018-09-29,0.253,0.04,0.02,0.282,0.001,0.602,0.111,0.001,0.0
2018-09-30,0.254,0.036,0.035,0.264,0.001,0.611,0.115,0.0,0.0
2019-03-01,0.462,0.721,1.0,1.0,0.501,1.0,1.0,1.0,0.784
2019-03-02,0.464,0.721,1.0,1.0,0.501,1.0,1.0,1.0,0.789
2019-03-03,0.469,0.726,1.0,1.0,0.503,1.0,1.0,1.0,0.787
2019-03-04,0.47,0.732,1.0,1.0,0.484,1.0,1.0,1.0,0.79
2019-03-05,0.488,0.733,1.0,1.0,0.471,1.0,1.0,1.0,0.808
2019-03-06,0.494,0.727,1.0,1.0,0.498,1.0,1.0,1.0,0.809
2019-03-07,0.489,0.727,1.0,1.0,0.515,1.0,1.0,1.0,0.824
2019-03-08,0.49,0.726,1.0,1.0,0.533,1.0,1.0,1.0,0.806
2019-03-09,0.489,0.727,1.0,1.0,0.54,1.0,1.0,1.0,0.801
2019-03-10,0.492,0.74,1.0,1.0,0.563,1.0,1.0,1.0,0.809
2019-03-11,0.501,0.748,1.0,1.0,0.584,1.0,1.0,1.0,0.815
2019-03-12,0.493,0.748,1.0,1.0,0.614,1.0,1.0,1.0,0.817
2019-03-13,0.497,0.744,1.0,1.0,0.636,1.0,1.0,1.0,0.802
2019-03-14,0.497,0.741,1.0,1.0,0.651,1.0,1.0,1.0,0.778
2019-03-15,0.492,0.734,1.0,1.0,0.664,1.0,1.0,1.0,0.779
2019-03-16,0.499,0.729,1.0,1.0,0.675,1.0,1.0,1.0,0.766
2019-03-17,0.499,0.72,1.0,1.0,0.684,1.0,1.0,1.0,0.764
2019-03-18,0.49,0.719,1.0,1.0,0.698,1.0,1.0,1.0,0.771
2019-03-19,0.475,0.723,1.0,1.0,0.705,1.0,1.0,1.0,0.771
2019-03-20,0.477,0.716,1.0,1.0,0.707,1.0,1.0,1.0,0.779
2019-03-21,0.488,0.705,1.0,1.0,0.73,1.0,1.0,1.0,0.79
2019-03-22,0.501,0.695,1.0,1.0,0.752,1.0,1.0,1.0,0.792
2019-03-23,0.497,0.686,1.0,1.0,0.733,1.0,1.0,1.0,0.787
2019-03-24,0.494,0.685,1.0,1.0,0.722,1.0,1.0,1.0,0.775
2019-03-25,0.503,0.686,1.0,1.0,0.675,1.0,1.0,1.0,0.767
2019-03-26,0.497,0.692,1.0,1.0,0.642,1.0,1.0,1.0,0.761
2019-03-27,0.501,0.691,1.0,1.0,0.622,1.0,1.0,1.0,0.772
2019-03-28,0.499,0.689,1.0,1.0,0.583,1.0,1.0,1.0,0.733
2019-03-29,0.511,0.685,1.0,1.0,0.564,1.0,1.0,1.0,0.698
2019-03-30,0.505,0.68,1.0,1.0,0.543,1.0,0.998,1.0,0.697
2019-03-31,0.51,0.675,1.0,1.0,0.526,1.0,0.999,1.0,0.687
2019-04-01,0.515,0.677,1.0,1.0,0.531,1.0,0.998,1.0,0.663
2019-04-02,0.516,0.674,1.0,1.0,0.527,1.0,0.998,1.0,0.668
2019-04-03,0.52,0.672,1.0,1.0,0.518,1.0,0.989,1.0,0.646
2019-04-04,0.518,0.672,1.0,1.0,0.518,1.0,0.987,1.0,0.576
2019-04-05,0.541,0.675,1.0,1.0,0.543,1.0,0.986,1.0,0.526
2019-04-06,0.556,0.667,1.0,1.0,0.546,1.0,0.984,1.0,0.476
2019-04-07,0.554,0.66,1.0,1.0,0.557,1.0,0.987,1.0,0.468
2019-04-08,0.551,0.672,1.0,1.0,0.55,1.0,0.986,1.0,0.434
2019-04-09,0.555,0.681,1.0,1.0,0.561,1.0,0.984,1.0,0.435
2019-04-10,0.558,0.683,1.0,1.0,0.564,1.0,0.981,1.0,0.426
2019-04-11,0.567,0.684,1.0,1.0,0.565,1.0,0.98,1.0,0.403
2019-04-12,0.565,0.687,1.0,1.0,0.569,1.0,0.981,1.0,0.402
2019-04-13,0.573,0.684,1.0,1.0,0.559,1.0,0.981,1.0,0.395
2019-04-14,0.57,0.677,1.0,1.0,0.56,1.0,0.969,1.0,0.371
2019-04-15,0.566,0.676,1.0,1.0,0.572,1.0,0.969,1.0,0.366
2019-04-16,0.563,0.672,1.0,1.0,0.577,1.0,0.974,1.0,0.354
2019-04-17,0.553,0.659,1.0,1.0,0.577,1.0,0.982,1.0,0.35
2019-04-18,0.548,0.652,1.0,1.0,0.586,1.0,0.984,1.0,0.314
2019-04-19,0.552,0.656,1.0,1.0,0.585,1.0,0.985,1.0,0.298
2019-04-20,0.559,0.649,1.0,1.0,0.605,1.0,0.985,1.0,0.298
2019-04-21,0.534,0.65,1.0,1.0,0.622,1.0,0.984,1.0,0.278
2019-04-22,0.527,0.657,1.0,1.0,0.648,1.0,0.983,1.0,0.273
2019-04-23,0.538,0.66,1.0,1.0,0.656,1.0,0.979,1.0,0.28
2019-04-24,0.518,0.664,1.0,1.0,0.647,1.0,0.983,1.0,0.259
2019-04-25,0.514,0.666,1.0,1.0,0.662,1.0,0.984,1.0,0.273
2019-04-26,0.501,0.671,1.0,1.0,0.631,1.0,0.986,1.0,0.263
2019-04-27,0.505,0.672,1.0,1.0,0.573,1.0,0.986,1.0,0.247
2019-04-28,0.507,0.669,1.0,1.0,0.541,1.0,0.983,1.0,0.229
2019-04-29,0.514,0.67,1.0,1.0,0.507,1.0,0.983,1.0,0.219
2019-04-30,0.517,0.683,1.0,1.0,0.49,1.0,0.975,1.0,0.207
2019-05-01,0.521,0.688,1.0,1.0,0.489,1.0,0.973,1.0,0.173
2019-05-02,0.517,0.688,1.0,1.0,0.478,1.0,0.978,1.0,0.145
2019-05-03,0.526,0.691,1.0,1.0,0.479,1.0,0.972,1.0,0.128
2019-05-04,0.525,0.692,1.0,1.0,0.451,1.0,0.967,1.0,0.121
2019-05-05,0.518,0.684,1.0,1.0,0.44,1.0,0.955,1.0,0.108
2019-05-06,0.521,0.679,1.0,1.0,0.448,1.0,0.965,1.0,0.107
2019-05-07,0.517,0.679,0.996,1.0,0.439,1.0,0.964,1.0,0.105
2019-05-08,0.51,0.681,0.988,1.0,0.408,1.0,0.939,1.0,0.119
2019-05-09,0.512,0.662,0.976,1.0,0.381,1.0,0.941,1.0,0.109
2019-05-10,0.506,0.657,0.981,1.0,0.371,1.0,0.934,1.0,0.096
2019-05-11,0.507,0.648,0.988,1.0,0.365,1.0,0.945,1.0,0.103
2019-05-12,0.498,0.629,0.99,1.0,0.355,1.0,0.939,1.0,0.099
2019-05-13,0.491,0.621,0.998,1.0,0.352,1.0,0.939,1.0,0.092
2019-05-14,0.499,0.612,1.0,1.0,0.35,1.0,0.925,1.0,0.093
2019-05-15,0.504,0.603,1.0,1.0,0.342,1.0,0.913,1.0,0.091
2019-05-16,0.503,0.593,1.0,1.0,0.345,1.0,0.881,0.999,0.076
2019-05-17,0.499,0.59,1.0,1.0,0.34,0.998,0.868,1.0,0.081
2019-05-18,0.499,0.588,1.0,1.0,0.33,0.997,0.862,1.0,0.063
2019-05-19,0.49,0.591,1.0,1.0,0.318,0.987,0.86,0.999,0.084
2019-05-20,0.487,0.591,1.0,1.0,0.318,0.982,0.85,0.997,0.024
2019-05-21,0.488,0.596,1.0,1.0,0.316,0.969,0.843,0.999,0.019
2019-05-22,0.486,0.602,1.0,1.0,0.32,0.958,0.839,1.0,0.051
2019-05-23,0.486,0.605,1.0,1.0,0.318,0.947,0.821,0.995,0.053
2019-05-24,0.49,0.607,0.996,1.0,0.308,0.936,0.824,1.0,0.05
2019-05-25,0.498,0.6,0.974,1.0,0.315,0.944,0.817,0.998,0.046
2019-05-26,0.493,0.592,0.958,1.0,0.303,0.935,0.814,0.994,0.054
2019-05-27,0.489,0.6,0.965,1.0,0.298,0.95,0.817,0.996,0.035
2019-05-28,0.472,0.585,0.964,1.0,0.286,0.929,0.807,0.985,0.007
2019-05-29,0.477,0.576,0.959,1.0,0.284,0.927,0.792,0.98,0.01
2019-05-30,0.48,0.572,0.955,1.0,0.284,0.915,0.774,0.975,0.021
2019-05-31,0.48,0.564,0.95,1.0,0.28,0.92,0.757,0.969,0.012
2019-06-01,0.481,0.556,0.946,1.0,0.274,0.912,0.74,0.962,0.009
2019-06-02,0.476,0.553,0.944,1.0,0.268,0.895,0.757,0.965,0.007
2019-06-03,0.48,0.544,0.936,1.0,0.258,0.885,0.76,0.97,0.008
2019-06-04,0.479,0.533,0.939,1.0,0.256,0.879,0.743,0.967,0.007
2019-06-05,0.481,0.538,0.938,1.0,0.253,0.869,0.751,0.974,0.01
2019-06-06,0.49,0.529,0.942,1.0,0.251,0.858,0.737,0.971,0.01
2019-06-07,0.493,0.531,0.946,1.0,0.25,0.846,0.719,0.962,0.013
2019-06-08,0.5,0.527,0.943,1.0,0.243,0.837,0.697,0.952,0.008
2019-06-09,0.501,0.528,0.932,1.0,0.247,0.831,0.687,0.924,0.007
2019-06-10,0.499,0.537,0.892,1.0,0.24,0.828,0.695,0.9,0.012
2019-06-11,0.512,0.545,0.827,1.0,0.242,0.828,0.66,0.902,0.007
2019-06-12,0.512,0.548,0.826,0.999,0.241,0.83,0.663,0.913,0.005
2019-06-13,0.523,0.548,0.88,0.999,0.237,0.843,0.679,0.942,0.006
2019-06-14,0.526,0.542,0.901,1.0,0.232,0.849,0.642,0.927,0.008
2019-06-15,0.533,0.537,0.836,1.0,0.238,0.854,0.614,0.911,0.005
2019-06-16,0.533,0.534,0.85,0.999,0.236,0.853,0.645,0.88,0.012
2019-06-17,0.519,0.532,0.876,0.998,0.232,0.853,0.607,0.86,0.015
2019-06-18,0.507,0.526,0.823,1.0,0.231,0.863,0.601,0.873,0.011
2019-06-19,0.507,0.519,0.809,0.998,0.226,0.863,0.56,0.836,0.005
2019-06-20,0.498,0.511,0.842,0.998,0.2,0.853,0.563,0.8,0.006
2019-06-21,0.488,0.502,0.814,0.999,0.19,0.839,0.515,0.768,0.005
2019-06-22,0.488,0.487,0.8,0.997,0.195,0.836,0.501,0.765,0.006
2019-06-23,0.487,0.47,0.789,0.995,0.179,0.841,0.493,0.784,0.01
2019-06-24,0.484,0.469,0.798,0.993,0.173,0.842,0.491,0.732,0.011
2019-06-25,0.484,0.459,0.792,0.992,0.182,0.847,0.48,0.637,0.011
2019-06-26,0.497,0.453,0.719,0.986,0.178,0.86,0.479,0.587,0.016
2019-06-27,0.488,0.435,0.747,0.984,0.148,0.863,0.477,0.57,0.01
2019-06-28,0.497,0.433,0.766,0.974,0.122,0.861,0.444,0.543,0.012
2019-06-29,0.488,0.422,0.768,0.968,0.14,0.858,0.442,0.53,0.015
2019-06-30,0.462,0.412,0.752,0.979,0.126,0.851,0.422,0.51,0.009
2019-07-01,0.447,0.364,0.721,0.977,0.126,0.84,0.414,0.485,0.003
2019-07-02,0.433,0.326,0.733,0.99,0.118,0.833,0.352,0.47,0.003
2019-07-03,0.432,0.333,0.718,0.987,0.101,0.816,0.351,0.5,0.003
2019-07-04,0.42,0.331,0.696,0.989,0.093,0.809,0.29,0.497,0.003
2019-07-05,0.418,0.322,0.693,0.969,0.079,0.807,0.271,0.495,0.01
2019-07-06,0.392,0.315,0.657,0.958,0.068,0.815,0.243,0.46,0.003
2019-07-07,0.386,0.314,0.649,0.951,0.072,0.815,0.266,0.438,0.001
2019-07-08,0.374,0.292,0.573,0.928,0.066,0.818,0.202,0.379,0.002
2019-07-09,0.4,0.293,0.497,0.896,0.046,0.812,0.247,0.323,0.002
2019-07-10,0.406,0.278,0.463,0.853,0.039,0.821,0.236,0.329,0.0
2019-07-11,0.414,0.28,0.473,0.814,0.046,0.83,0.173,0.354,0.001
2019-07-12,0.43,0.277,0.479,0.812,0.037,0.832,0.174,0.333,0.002
2019-07-13,0.426,0.279,0.456,0.839,0.026,0.827,0.168,0.282,0.002
2019-07-14,0.436,0.273,0.436,0.831,0.029,0.8,0.13,0.246,0.002
2019-07-15,0.434,0.271,0.421,0.81,0.024,0.793,0.139,0.258,0.002
2019-07-16,0.414,0.269,0.449,0.808,0.025,0.81,0.138,0.199,0.002
2019-07-17,0.392,0.261,0.417,0.786,0.032,0.765,0.142,0.198,0.002
2019-07-18,0.368,0.234,0.403,0.784,0.023,0.768,0.108,0.092,0.002
2019-07-19,0.384,0.226,0.377,0.78,0.013,0.746,0.117,0.073,0.001
2019-07-20,0.383,0.227,0.356,0.78,0.023,0.739,0.113,0.142,0.001
2019-07-21,0.383,0.22,0.366,0.779,0.019,0.72,0.119,0.074,0.0
2019-07-22,0.368,0.205,0.328,0.775,0.018,0.713,0.089,0.101,0.019
2019-07-23,0.33,0.205,0.333,0.752,0.013,0.703,0.084,0.079,0.005
2019-07-24,0.327,0.206,0.334,0.719,0.01,0.697,0.083,0.086,0.005
2019-07-25,0.319,0.219,0.334,0.703,0.011,0.686,0.084,0.039,0.003
2019-07-26,0.321,0.216,0.323,0.687,0.005,0.669,0.088,0.041,0.003
2019-07-27,0.298,0.207,0.32,0.644,0.016,0.661,0.078,0.035,0.001
2019-07-28,0.245,0.213,0.315,0.604,0.009,0.649,0.072,0.016,0.002
2019-07-29,0.26,0.205,0.322,0.619,0.012,0.649,0.071,0.019,0.002
2019-07-30,0.282,0.205,0.317,0.561,0.012,0.653,0.073,0.033,0.003
2019-07-31,0.296,0.188,0.317,0.545,0.013,0.644,0.078,0.039,0.002
2019-08-01,0.293,0.184,0.305,0.574,0.002,0.611,0.078,0.023,0.002
2019-08-02,0.289,0.191,0.28,0.561,0.002,0.61,0.066,0.013,0.002
2019-08-03,0.283,0.178,0.266,0.489,0.002,0.6,0.08,0.024,0.002
2019-08-04,0.255,0.189,0.269,0.514,0.002,0.584,0.076,0.012,0.002
2019-08-05,0.247,0.184,0.27,0.451,0.002,0.57,0.074,0.011,0.004
2019-08-06,0.253,0.188,0.265,0.391,0.002,0.58,0.062,0.011,0.004
2019-08-07,0.256,0.176,0.255,0.36,0.002,0.579,0.059,0.009,0.004
2019-08-08,0.257,0.172,0.253,0.322,0.002,0.575,0.043,0.003,0.004
2019-08-09,0.248,0.157,0.235,0.265,0.002,0.564,0.039,0.008,0.002
2019-08-10,0.242,0.155,0.182,0.219,0.002,0.543,0.046,0.003,0.002
2019-08-11,0.251,0.156,0.205,0.209,0.002,0.529,0.045,0.004,0.002
2019-08-12,0.266,0.151,0.196,0.217,0.002,0.512,0.036,0.003,0.003
2019-08-13,0.257,0.146,0.184,0.214,0.002,0.516,0.036,0.002,0.002
2019-08-14,0.256,0.146,0.156,0.209,0.002,0.505,0.031,0.002,0.002
2019-08-15,0.234,0.143,0.163,0.202,0.002,0.505,0.023,0.002,0.002
2019-08-16,0.262,0.141,0.156,0.193,0.002,0.504,0.029,0.002,0.002
2019-08-17,0.249,0.14,0.14,0.186,0.002,0.502,0.028,0.005,0.002
2019-08-18,0.235,0.139,0.097,0.173,0.002,0.498,0.022,0.002,0.002
2019-08-19,0.257,0.135,0.122,0.163,0.002,0.491,0.021,0.007,0.001
2019-08-20,0.273,0.123,0.136,0.159,0.002,0.489,0.023,0.002,0.002
2019-08-21,0.279,0.114,0.133,0.155,0.002,0.5,0.027,0.002,0.002
2019-08-22,0.247,0.119,0.132,0.148,0.002,0.498,0.027,0.005,0.002
2019-08-23,0.268,0.122,0.104,0.145,0.002,0.492,0.018,0.002,0.002
2019-08-24,0.248,0.123,0.115,0.149,0.002,0.488,0.015,0.002,0.004
2019-08-25,0.199,0.12,0.13,0.158,0.002,0.496,0.009,0.004,0.002
2019-08-26,0.177,0.118,0.139,0.155,0.002,0.483,0.004,0.0,0.003
2019-08-27,0.139,0.126,0.147,0.159,0.002,0.48,0.008,0.0,0.004
2019-08-28,0.162,0.12,0.155,0.162,0.002,0.481,0.017,0.006,0.004
2019-08-29,0.166,0.114,0.128,0.164,0.002,0.49,0.02,0.009,0.004
2019-08-30,0.147,0.096,0.095,0.167,0.002,0.488,0.023,0.009,0.004
2019-08-31,0.115,0.099,0.122,0.152,0.002,0.493,0.023,0.01,0.004
2019-09-01,0.128,0.099,0.122,0.14,0.001,0.492,0.014,0.005,0.0
2019-09-02,0.154,0.101,0.126,0.141,0.001,0.478,0.012,0.003,0.0
2019-09-03,0.154,0.097,0.13,0.131,0.001,0.463,0.012,0.002,0.0
2019-09-04,0.142,0.091,0.141,0.124,0.001,0.464,0.009,0.002,0.0
2019-09-05,0.151,0.102,0.133,0.125,0.001,0.473,0.009,0.002,0.0
2019-09-06,0.148,0.107,0.13,0.116,0.001,0.469,0.009,0.003,0.0
2019-09-07,0.171,0.11,0.129,0.112,0.001,0.442,0.01,0.002,0.0
2019-09-08,0.166,0.114,0.13,0.109,0.001,0.433,0.009,0.002,0.0
2019-09-09,0.17,0.121,0.135,0.105,0.001,0.434,0.012,0.002,0.0
2019-09-10,0.155,0.123,0.139,0.097,0.001,0.413,0.014,0.003,0.0
2019-09-11,0.155,0.12,0.146,0.09,0.001,0.405,0.009,0.003,0.0
2019-09-12,0.17,0.105,0.134,0.086,0.001,0.406,0.013,0.004,0.0
2019-09-13,0.141,0.093,0.122,0.083,0.001,0.391,0.01,0.001,0.0
2019-09-14,0.144,0.087,0.114,0.085,0.001,0.396,0.025,0.003,0.0
2019-09-15,0.151,0.077,0.12,0.09,0.001,0.403,0.023,0.002,0.0
2019-09-16,0.147,0.072,0.116,0.101,0.001,0.406,0.028,0.018,0.0
2019-09-17,0.171,0.07,0.111,0.107,0.001,0.409,0.023,0.0,0.0
2019-09-18,0.175,0.079,0.103,0.11,0.001,0.417,0.026,0.004,0.0
2019-09-19,0.202,0.084,0.094,0.116,0.001,0.417,0.029,0.003,0.0
2019-09-20,0.22,0.078,0.086,0.123,0.001,0.42,0.03,0.0,0.0
2019-09-21,0.223,0.076,0.079,0.129,0.001,0.424,0.033,0.0,0.0
2019-09-22,0.209,0.073,0.065,0.132,0.001,0.433,0.052,0.0,0.0
2019-09-23,0.215,0.082,0.053,0.143,0.001,0.441,0.064,0.006,0.0
2019-09-24,0.215,0.078,0.054,0.148,0.001,0.457,0.069,0.008,0.0
2019-09-25,0.219,0.079,0.049,0.147,0.001,0.468,0.069,0.005,0.0
2019-09-26,0.22,0.084,0.036,0.147,0.001,0.476,0.069,0.003,0.0
2019-09-27,0.239,0.082,0.027,0.159,0.001,0.49,0.071,0.002,0.0
2019-09-28,0.266,0.084,0.025,0.165,0.001,0.497,0.069,0.002,0.0
2019-09-29,0.264,0.083,0.028,0.161,0.001,0.501,0.069,0.0,0.0
2019-09-30,0.271,0.083,0.04,0.158,0.001,0.511,0.069,0.0,0.0
2020-03-01,0.488,0.709,1.0,1.0,0.954,1.0,1.0,1.0,0.67
2020-03-02,0.474,0.697,1.0,1.0,0.951,1.0,1.0,1.0,0.678
2020-03-03,0.477,0.718,1.0,1.0,0.956,1.0,1.0,1.0,0.682
2020-03-04,0.483,0.709,1.0,1.0,0.942,1.0,1.0,1.0,0.695
2020-03-05,0.483,0.713,1.0,1.0,0.94,1.0,1.0,1.0,0.693
2020-03-06,0.474,0.717,1.0,1.0,0.944,1.0,1.0,1.0,0.68
2020-03-07,0.484,0.697,1.0,1.0,0.94,1.0,1.0,1.0,0.685
2020-03-08,0.496,0.691,1.0,1.0,0.951,1.0,1.0,1.0,0.684
2020-03-09,0.499,0.689,1.0,1.0,0.96,1.0,1.0,1.0,0.684
2020-03-10,0.505,0.691,1.0,1.0,0.96,1.0,1.0,1.0,0.68
2020-03-11,0.51,0.696,1.0,1.0,0.954,1.0,1.0,1.0,0.667
2020-03-12,0.522,0.704,1.0,1.0,0.937,1.0,0.993,1.0,0.665
2020-03-13,0.532,0.703,1.0,1.0,0.901,1.0,0.993,1.0,0.655
2020-03-14,0.533,0.718,1.0,1.0,0.9,1.0,1.0,1.0,0.664
2020-03-15,0.552,0.73,1.0,1.0,0.895,1.0,1.0,1.0,0.668
2020-03-16,0.572,0.724,1.0,1.0,0.893,1.0,1.0,1.0,0.681
2020-03-17,0.544,0.722,1.0,1.0,0.881,1.0,1.0,1.0,0.677
2020-03-18,0.536,0.714,1.0,1.0,0.865,1.0,0.993,1.0,0.687
2020-03-19,0.535,0.726,1.0,1.0,0.833,1.0,0.98,1.0,0.69
2020-03-20,0.55,0.734,1.0,1.0,0.818,1.0,0.976,1.0,0.685
2020-03-21,0.552,0.734,1.0,1.0,0.809,1.0,0.98,1.0,0.646
2020-03-22,0.553,0.733,1.0,1.0,0.799,1.0,0.987,1.0,0.61
2020-03-23,0.566,0.724,1.0,1.0,0.78,1.0,0.987,1.0,0.601
2020-03-24,0.543,0.712,1.0,1.0,0.752,1.0,0.988,1.0,0.599
2020-03-25,0.541,0.697,1.0,1.0,0.751,1.0,0.984,1.0,0.594
2020-03-26,0.55,0.694,1.0,1.0,0.755,1.0,0.984,1.0,0.587
2020-03-27,0.569,0.694,1.0,1.0,0.769,1.0,0.987,1.0,0.573
2020-03-28,0.588,0.705,1.0,1.0,0.779,1.0,0.98,1.0,0.577
2020-03-29,0.599,0.713,1.0,1.0,0.802,1.0,0.979,1.0,0.569
2020-03-30,0.597,0.722,1.0,1.0,0.8,1.0,0.98,1.0,0.569
2020-03-31,0.589,0.724,1.0,1.0,0.778,1.0,0.982,1.0,0.555
2020-04-01,0.603,0.737,1.0,1.0,0.77,1.0,0.986,1.0,0.554
2020-04-02,0.594,0.745,1.0,1.0,0.759,1.0,0.995,1.0,0.526
2020-04-03,0.601,0.75,1.0,1.0,0.75,1.0,0.99,1.0,0.517
2020-04-04,0.596,0.739,1.0,1.0,0.745,1.0,0.988,1.0,0.524
2020-04-05,0.58,0.737,1.0,1.0,0.745,1.0,0.985,1.0,0.525
2020-04-06,0.588,0.742,1.0,1.0,0.756,1.0,0.978,1.0,0.508
2020-04-07,0.571,0.743,1.0,1.0,0.777,1.0,0.974,1.0,0.501
2020-04-08,0.55,0.724,1.0,1.0,0.784,1.0,0.979,1.0,0.496
2020-04-09,0.564,0.731,1.0,1.0,0.776,1.0,0.98,1.0,0.496
2020-04-10,0.578,0.731,1.0,1.0,0.761,1.0,0.979,1.0,0.485
2020-04-11,0.583,0.732,1.0,1.0,0.743,1.0,0.976,1.0,0.473
2020-04-12,0.586,0.732,1.0,1.0,0.737,1.0,0.964,1.0,0.455
2020-04-13,0.575,0.736,1.0,1.0,0.733,1.0,0.972,1.0,0.443
2020-04-14,0.582,0.729,1.0,1.0,0.733,1.0,0.969,1.0,0.434
2020-04-15,0.586,0.715,1.0,1.0,0.727,1.0,0.969,1.0,0.433
2020-04-16,0.599,0.701,1.0,1.0,0.718,1.0,0.963,1.0,0.417
2020-04-17,0.596,0.693,1.0,1.0,0.7,1.0,0.963,1.0,0.401
2020-04-18,0.61,0.693,1.0,1.0,0.703,1.0,0.969,1.0,0.383
2020-04-19,0.623,0.691,1.0,1.0,0.714,1.0,0.973,1.0,0.38
2020-04-20,0.621,0.69,1.0,1.0,0.717,1.0,0.965,1.0,0.397
2020-04-21,0.624,0.7,1.0,1.0,0.732,1.0,0.962,1.0,0.384
2020-04-22,0.625,0.705,1.0,1.0,0.741,1.0,0.958,1.0,0.348
2020-04-23,0.634,0.717,0.998,1.0,0.752,1.0,0.958,1.0,0.303
2020-04-24,0.643,0.716,0.999,1.0,0.758,1.0,0.952,1.0,0.27
2020-04-25,0.644,0.687,1.0,1.0,0.757,1.0,0.95,1.0,0.252
2020-04-26,0.63,0.686,1.0,1.0,0.757,1.0,0.949,1.0,0.265
2020-04-27,0.627,0.683,0.998,1.0,0.758,1.0,0.947,1.0,0.258
2020-04-28,0.63,0.678,0.999,1.0,0.754,1.0,0.954,1.0,0.248
2020-04-29,0.614,0.689,1.0,1.0,0.751,1.0,0.966,1.0,0.234
2020-04-30,0.62,0.692,1.0,1.0,0.747,1.0,0.967,1.0,0.226
2020-05-01,0.633,0.692,1.0,1.0,0.739,1.0,0.965,1.0,0.201
2020-05-02,0.642,0.696,1.0,1.0,0.733,1.0,0.957,1.0,0.186
2020-05-03,0.623,0.696,1.0,1.0,0.738,1.0,0.95,1.0,0.171
2020-05-04,0.609,0.692,1.0,1.0,0.725,1.0,0.943,1.0,0.179
2020-05-05,0.618,0.673,1.0,1.0,0.732,1.0,0.954,1.0,0.183
2020-05-06,0.609,0.673,1.0,1.0,0.732,1.0,0.952,1.0,0.171
2020-05-07,0.62,0.664,1.0,1.0,0.715,1.0,0.955,1.0,0.159
2020-05-08,0.627,0.659,1.0,1.0,0.703,1.0,0.95,1.0,0.16
2020-05-09,0.63,0.662,1.0,1.0,0.679,1.0,0.951,1.0,0.151
2020-05-10,0.611,0.66,1.0,1.0,0.642,1.0,0.942,1.0,0.144
2020-05-11,0.618,0.656,1.0,1.0,0.638,1.0,0.934,1.0,0.136
2020-05-12,0.628,0.651,1.0,1.0,0.632,1.0,0.929,0.997,0.11
2020-05-13,0.647,0.621,1.0,1.0,0.623,1.0,0.933,1.0,0.104
2020-05-14,0.619,0.598,1.0,1.0,0.631,1.0,0.918,1.0,0.104
2020-05-15,0.615,0.583,1.0,1.0,0.621,1.0,0.901,1.0,0.11
2020-05-16,0.612,0.57,1.0,1.0,0.606,1.0,0.905,0.997,0.103
2020-05-17,0.599,0.555,1.0,1.0,0.598,1.0,0.914,1.0,0.091
2020-05-18,0.601,0.541,1.0,1.0,0.586,1.0,0.896,1.0,0.088
2020-05-19,0.6,0.545,1.0,1.0,0.566,1.0,0.901,1.0,0.088
2020-05-20,0.604,0.531,0.995,1.0,0.563,1.0,0.876,0.999,0.08
2020-05-21,0.596,0.52,0.992,1.0,0.546,1.0,0.868,0.99,0.078
2020-05-22,0.6,0.522,0.986,1.0,0.528,1.0,0.863,0.953,0.073
2020-05-23,0.598,0.512,0.983,1.0,0.511,1.0,0.843,0.955,0.068
2020-05-24,0.594,0.524,0.978,1.0,0.51,1.0,0.839,0.963,0.074
2020-05-25,0.573,0.516,0.979,0.998,0.483,1.0,0.822,0.965,0.059
2020-05-26,0.577,0.514,0.979,0.997,0.457,1.0,0.801,0.946,0.06
2020-05-27,0.575,0.511,0.984,0.997,0.454,1.0,0.806,0.947,0.05
2020-05-28,0.571,0.508,0.981,0.994,0.432,1.0,0.794,0.945,0.064
2020-05-29,0.588,0.505,0.974,0.991,0.433,1.0,0.812,0.933,0.055
2020-05-30,0.558,0.504,0.974,0.989,0.433,1.0,0.774,0.912,0.049
2020-05-31,0.571,0.492,0.972,0.986,0.413,1.0,0.79,0.922,0.016
2020-06-01,0.58,0.496,0.974,0.984,0.399,1.0,0.785,0.912,0.009
2020-06-02,0.588,0.48,0.97,0.988,0.387,1.0,0.78,0.929,0.024
2020-06-03,0.591,0.478,0.972,0.988,0.357,1.0,0.771,0.943,0.025
2020-06-04,0.593,0.475,0.968,0.986,0.349,1.0,0.768,0.943,0.011
2020-06-05,0.575,0.478,0.967,0.982,0.348,1.0,0.754,0.937,0.026
2020-06-06,0.571,0.477,0.965,0.979,0.332,1.0,0.73,0.919,0.027
2020-06-07,0.563,0.463,0.956,0.977,0.326,1.0,0.73,0.897,0.013
2020-06-08,0.567,0.439,0.946,0.975,0.317,0.997,0.662,0.892,0.009
2020-06-09,0.552,0.429,0.934,0.977,0.335,0.993,0.675,0.872,0.013
2020-06-10,0.561,0.416,0.938,0.979,0.319,0.993,0.681,0.865,0.012
2020-06-11,0.569,0.423,0.931,0.978,0.323,0.997,0.665,0.834,0.017
2020-06-12,0.578,0.422,0.927,0.973,0.318,0.997,0.635,0.829,0.013
2020-06-13,0.557,0.418,0.92,0.969,0.309,0.989,0.659,0.822,0.012
2020-06-14,0.576,0.407,0.913,0.971,0.304,0.985,0.63,0.819,0.011
2020-06-15,0.552,0.415,0.898,0.962,0.307,0.987,0.626,0.804,0.012
2020-06-16,0.555,0.398,0.898,0.956,0.317,0.975,0.615,0.76,0.012
2020-06-17,0.562,0.397,0.88,0.952,0.317,0.948,0.602,0.754,0.014
2020-06-18,0.571,0.387,0.825,0.943,0.308,0.969,0.606,0.762,0.01
2020-06-19,0.576,0.383,0.782,0.931,0.302,0.981,0.586,0.745,0.024
2020-06-20,0.552,0.38,0.735,0.923,0.302,0.983,0.584,0.729,0.013
2020-06-21,0.549,0.371,0.762,0.915,0.293,0.989,0.581,0.687,0.011
2020-06-22,0.531,0.341,0.766,0.948,0.273,0.987,0.542,0.633,0.013
2020-06-23,0.506,0.328,0.693,0.951,0.286,0.982,0.531,0.635,0.017
2020-06-24,0.519,0.317,0.603,0.944,0.275,0.989,0.51,0.601,0.012
2020-06-25,0.524,0.316,0.644,0.937,0.276,0.984,0.499,0.566,0.014
2020-06-26,0.527,0.312,0.637,0.941,0.271,0.979,0.496,0.56,0.015
2020-06-27,0.515,0.31,0.592,0.941,0.267,0.974,0.486,0.548,0.009
2020-06-28,0.503,0.306,0.631,0.921,0.254,0.986,0.477,0.531,0.011
2020-06-29,0.517,0.304,0.56,0.922,0.248,0.987,0.442,0.511,0.011
2020-06-30,0.53,0.298,0.492,0.922,0.242,0.984,0.404,0.509,0.005
2020-07-01,0.529,0.285,0.459,0.916,0.239,0.98,0.398,0.52,0.01
2020-07-02,0.522,0.293,0.449,0.895,0.22,0.977,0.345,0.532,0.003
2020-07-03,0.507,0.278,0.443,0.899,0.221,0.96,0.336,0.515,0.001
2020-07-04,0.496,0.256,0.409,0.862,0.199,0.964,0.267,0.464,0.01
2020-07-05,0.488,0.254,0.413,0.795,0.181,0.965,0.246,0.455,0.005
2020-07-06,0.478,0.25,0.359,0.771,0.156,0.974,0.25,0.438,0.005
2020-07-07,0.464,0.23,0.334,0.801,0.152,0.968,0.217,0.382,0.002
2020-07-08,0.447,0.212,0.332,0.795,0.137,0.967,0.203,0.407,0.002
2020-07-09,0.448,0.209,0.311,0.783,0.13,0.957,0.18,0.357,0.005
2020-07-10,0.439,0.203,0.309,0.765,0.115,0.962,0.199,0.297,0.001
2020-07-11,0.433,0.191,0.287,0.76,0.116,0.964,0.194,0.313,0.001
2020-07-12,0.44,0.184,0.226,0.75,0.105,0.961,0.173,0.325,0.002
2020-07-13,0.409,0.168,0.189,0.739,0.092,0.953,0.175,0.254,0.002
2020-07-14,0.404,0.168,0.172,0.711,0.077,0.946,0.138,0.134,0.002
2020-07-15,0.404,0.151,0.162,0.708,0.075,0.951,0.126,0.112,0.001
2020-07-16,0.407,0.159,0.136,0.688,0.07,0.947,0.127,0.053,0.001
2020-07-17,0.41,0.16,0.115,0.651,0.07,0.93,0.125,0.076,0.002
2020-07-18,0.385,0.154,0.116,0.643,0.066,0.918,0.101,0.122,0.002
2020-07-19,0.386,0.136,0.087,0.615,0.062,0.921,0.105,0.11,0.002
2020-07-20,0.39,0.134,0.065,0.569,0.065,0.923,0.11,0.102,0.002
2020-07-21,0.385,0.147,0.056,0.488,0.065,0.922,0.108,0.061,0.004
2020-07-22,0.371,0.132,0.056,0.429,0.059,0.924,0.079,0.037,0.003
2020-07-23,0.371,0.13,0.064,0.437,0.052,0.92,0.079,0.021,0.003
2020-07-24,0.362,0.135,0.067,0.458,0.057,0.91,0.072,0.01,0.006
2020-07-25,0.348,0.122,0.066,0.444,0.058,0.91,0.056,0.018,0.003
2020-07-26,0.363,0.111,0.077,0.454,0.047,0.913,0.065,0.007,0.002
2020-07-27,0.343,0.092,0.081,0.459,0.047,0.886,0.033,0.0,0.001
2020-07-28,0.337,0.105,0.097,0.464,0.057,0.892,0.055,0.024,0.002
2020-07-29,0.329,0.101,0.09,0.436,0.054,0.9,0.055,0.034,0.0
2020-07-30,0.323,0.102,0.087,0.442,0.057,0.876,0.049,0.031,0.002
2020-07-31,0.334,0.099,0.092,0.442,0.06,0.868,0.049,0.007,0.003
2020-08-01,0.323,0.098,0.097,0.436,0.053,0.877,0.046,0.006,0.001
2020-08-02,0.3,0.093,0.099,0.421,0.052,0.871,0.045,0.015,0.002
2020-08-03,0.309,0.081,0.096,0.431,0.053,0.867,0.044,0.007,0.004
2020-08-04,0.316,0.083,0.084,0.426,0.05,0.87,0.033,0.011,0.004
2020-08-05,0.317,0.077,0.066,0.422,0.047,0.872,0.033,0.009,0.004
2020-08-06,0.315,0.074,0.062,0.417,0.038,0.861,0.038,0.005,0.004
2020-08-07,0.308,0.081,0.069,0.417,0.047,0.842,0.036,0.0,0.004
2020-08-08,0.276,0.081,0.066,0.406,0.043,0.831,0.038,0.003,0.004
2020-08-09,0.277,0.078,0.06,0.383,0.037,0.826,0.044,0.006,0.002
2020-08-10,0.296,0.079,0.049,0.371,0.029,0.835,0.046,0.004,0.001
2020-08-11,0.283,0.071,0.045,0.345,0.019,0.836,0.042,0.0,0.002
2020-08-12,0.256,0.066,0.049,0.345,0.016,0.825,0.038,0.004,0.004
2020-08-13,0.28,0.061,0.049,0.344,0.016,0.815,0.044,0.003,0.004
2020-08-14,0.21,0.053,0.05,0.326,0.008,0.8,0.037,0.004,0.002
2020-08-15,0.244,0.049,0.045,0.306,0.01,0.759,0.046,0.014,0.001
2020-08-16,0.272,0.041,0.044,0.269,0.002,0.726,0.041,0.009,0.002
2020-08-17,0.267,0.041,0.041,0.273,0.003,0.741,0.039,0.005,0.002
2020-08-18,0.281,0.043,0.038,0.24,0.002,0.718,0.05,0.002,0.004
2020-08-19,0.275,0.041,0.038,0.221,0.002,0.665,0.056,0.002,0.004
2020-08-20,0.268,0.042,0.041,0.216,0.002,0.638,0.051,0.003,0.004
2020-08-21,0.243,0.036,0.035,0.206,0.002,0.639,0.039,0.003,0.004
2020-08-22,0.266,0.035,0.035,0.202,0.002,0.628,0.038,0.003,0.004
2020-08-23,0.274,0.032,0.03,0.203,0.002,0.595,0.033,0.003,0.004
2020-08-24,0.287,0.039,0.019,0.198,0.002,0.579,0.028,0.0,0.002
2020-08-25,0.288,0.029,0.011,0.195,0.002,0.582,0.022,0.0,0.002
2020-08-26,0.293,0.033,0.01,0.202,0.002,0.59,0.026,0.002,0.002
2020-08-27,0.296,0.039,0.009,0.205,0.002,0.581,0.032,0.005,0.004
2020-08-28,0.286,0.038,0.007,0.202,0.002,0.566,0.047,0.007,0.004
2020-08-29,0.279,0.032,0.007,0.203,0.002,0.562,0.044,0.005,0.004
2020-08-30,0.267,0.02,0.007,0.201,0.002,0.527,0.026,0.003,0.004
2020-08-31,0.276,0.018,0.007,0.2,0.002,0.534,0.03,0.002,0.002
2020-09-01,0.274,0.019,0.007,0.199,0.001,0.518,0.025,0.007,0.0
2020-09-02,0.269,0.017,0.005,0.201,0.001,0.512,0.027,0.01,0.0
2020-09-03,0.23,0.016,0.005,0.193,0.001,0.505,0.027,0.007,0.0
2020-09-04,0.224,0.02,0.006,0.185,0.001,0.499,0.033,0.017,0.0
2020-09-05,0.212,0.019,0.003,0.173,0.001,0.516,0.033,0.005,0.0
2020-09-06,0.219,0.02,0.003,0.165,0.001,0.516,0.033,0.003,0.0
2020-09-07,0.202,0.018,0.003,0.147,0.001,0.497,0.033,0.003,0.0
2020-09-08,0.212,0.019,0.003,0.143,0.001,0.484,0.036,0.0,0.0
2020-09-09,0.206,0.022,0.003,0.14,0.001,0.483,0.034,0.0,0.0
2020-09-10,0.215,0.017,0.006,0.136,0.001,0.469,0.034,0.005,0.0
2020-09-11,0.219,0.02,0.006,0.137,0.001,0.471,0.034,0.003,0.0
2020-09-12,0.209,0.019,0.006,0.123,0.001,0.463,0.034,0.0,0.0
2020-09-13,0.241,0.019,0.006,0.126,0.001,0.46,0.034,0.002,0.0
2020-09-14,0.252,0.016,0.003,0.125,0.001,0.467,0.053,0.0,0.0
2020-09-15,0.252,0.017,0.003,0.122,0.001,0.469,0.057,0.0,0.0
2020-09-16,0.27,0.017,0.002,0.121,0.001,0.498,0.04,0.0,0.0
2020-09-17,0.276,0.019,0.003,0.124,0.001,0.544,0.059,0.0,0.0
2020-09-18,0.283,0.016,0.003,0.118,0.001,0.535,0.06,0.002,0.0
2020-09-19,0.277,0.014,0.003,0.113,0.001,0.511,0.049,0.001,0.0
2020-09-20,0.281,0.011,0.001,0.099,0.001,0.514,0.068,0.007,0.0
2020-09-21,0.266,0.017,0.003,0.103,0.001,0.537,0.076,0.001,0.0
2020-09-22,0.26,0.014,0.003,0.123,0.001,0.547,0.076,0.002,0.0
2020-09-23,0.278,0.012,0.002,0.137,0.001,0.568,0.076,0.001,0.0
2020-09-24,0.287,0.012,0.002,0.137,0.001,0.613,0.075,0.0,0.0
2020-09-25,0.312,0.016,0.002,0.12,0.001,0.667,0.076,0.001,0.0
2020-09-26,0.329,0.024,0.002,0.107,0.001,0.664,0.076,0.0,0.0
2020-09-27,0.323,0.023,0.0,0.098,0.001,0.642,0.076,0.0,0.0
2020-09-28,0.329,0.023,0.002,0.094,0.001,0.635,0.076,0.0,0.0
2020-09-29,0.32,0.028,0.0,0.087,0.001,0.644,0.097,0.0,0.0
2020-09-30,0.329,0.022,0.0,0.08,0.001,0.66,0.099,0.0,0.0
2021-03-01,0.529,0.68,1.0,1.0,0.882,1.0,1.0,1.0,0.689
2021-03-02,0.548,0.687,1.0,1.0,0.886,1.0,1.0,1.0,0.712
2021-03-03,0.558,0.7,1.0,1.0,0.898,1.0,1.0,1.0,0.736
2021-03-04,0.568,0.714,1.0,1.0,0.887,1.0,0.997,1.0,0.736
2021-03-05,0.575,0.724,1.0,1.0,0.873,1.0,0.994,1.0,0.739
2021-03-06,0.562,0.728,1.0,1.0,0.867,1.0,0.999,1.0,0.76
2021-03-07,0.552,0.729,1.0,1.0,0.851,1.0,0.998,1.0,0.777
2021-03-08,0.554,0.737,1.0,1.0,0.83,1.0,0.999,1.0,0.787
2021-03-09,0.552,0.737,1.0,1.0,0.824,1.0,1.0,1.0,0.798
2021-03-10,0.561,0.736,1.0,1.0,0.841,1.0,1.0,1.0,0.774
2021-03-11,0.527,0.723,1.0,1.0,0.848,1.0,1.0,1.0,0.781
2021-03-12,0.495,0.72,1.0,1.0,0.84,1.0,1.0,1.0,0.789
2021-03-13,0.499,0.721,1.0,1.0,0.813,1.0,1.0,1.0,0.79
2021-03-14,0.493,0.728,1.0,1.0,0.793,1.0,1.0,1.0,0.784
2021-03-15,0.502,0.746,1.0,1.0,0.794,1.0,1.0,1.0,0.77
2021-03-16,0.51,0.758,1.0,1.0,0.804,1.0,1.0,1.0,0.748
2021-03-17,0.509,0.744,1.0,1.0,0.82,1.0,1.0,1.0,0.74
2021-03-18,0.514,0.744,1.0,1.0,0.851,1.0,1.0,1.0,0.736
2021-03-19,0.548,0.737,1.0,1.0,0.858,1.0,1.0,1.0,0.736
2021-03-20,0.556,0.715,1.0,1.0,0.865,1.0,1.0,1.0,0.75
2021-03-21,0.562,0.707,1.0,1.0,0.87,1.0,1.0,1.0,0.762
2021-03-22,0.558,0.702,1.0,1.0,0.879,1.0,1.0,1.0,0.737
2021-03-23,0.551,0.696,1.0,1.0,0.876,1.0,1.0,1.0,0.711
2021-03-24,0.554,0.689,1.0,1.0,0.844,1.0,1.0,1.0,0.709
2021-03-25,0.555,0.685,1.0,1.0,0.835,1.0,1.0,1.0,0.718
2021-03-26,0.54,0.693,1.0,1.0,0.833,1.0,1.0,1.0,0.73
2021-03-27,0.521,0.694,1.0,1.0,0.838,1.0,1.0,1.0,0.735
2021-03-28,0.49,0.684,1.0,1.0,0.838,1.0,1.0,1.0,0.73
2021-03-29,0.477,0.671,1.0,1.0,0.821,1.0,1.0,1.0,0.706
2021-03-30,0.471,0.664,1.0,1.0,0.827,1.0,1.0,1.0,0.674
2021-03-31,0.497,0.666,1.0,1.0,0.847,1.0,1.0,1.0,0.676
2021-04-01,0.51,0.676,1.0,1.0,0.852,1.0,1.0,1.0,0.672
2021-04-02,0.522,0.682,1.0,1.0,0.82,1.0,1.0,1.0,0.685
2021-04-03,0.54,0.696,1.0,1.0,0.81,1.0,1.0,1.0,0.649
2021-04-04,0.555,0.686,1.0,1.0,0.814,1.0,1.0,1.0,0.63
2021-04-05,0.51,0.682,1.0,1.0,0.824,1.0,1.0,1.0,0.651
2021-04-06,0.501,0.692,1.0,1.0,0.817,1.0,1.0,1.0,0.637
2021-04-07,0.51,0.685,1.0,1.0,0.831,1.0,1.0,1.0,0.614
2021-04-08,0.518,0.644,1.0,1.0,0.854,1.0,0.993,1.0,0.597
2021-04-09,0.508,0.628,1.0,1.0,0.854,1.0,0.998,1.0,0.6
2021-04-10,0.51,0.601,1.0,1.0,0.845,1.0,0.999,0.989,0.608
2021-04-11,0.516,0.584,1.0,1.0,0.84,1.0,0.997,1.0,0.603
2021-04-12,0.518,0.585,1.0,1.0,0.842,1.0,0.995,1.0,0.595
2021-04-13,0.519,0.603,1.0,1.0,0.839,1.0,0.989,1.0,0.591
2021-04-14,0.51,0.635,1.0,1.0,0.841,1.0,0.988,1.0,0.554
2021-04-15,0.507,0.669,1.0,1.0,0.844,1.0,0.989,1.0,0.552
2021-04-16,0.493,0.681,1.0,1.0,0.84,1.0,0.992,0.999,0.547
2021-04-17,0.474,0.689,1.0,1.0,0.819,1.0,1.0,0.999,0.539
2021-04-18,0.468,0.669,1.0,1.0,0.809,1.0,1.0,1.0,0.522
2021-04-19,0.465,0.633,1.0,1.0,0.809,1.0,0.999,1.0,0.476
2021-04-20,0.476,0.619,1.0,1.0,0.824,1.0,1.0,1.0,0.478
2021-04-21,0.478,0.619,1.0,1.0,0.827,1.0,1.0,1.0,0.464
2021-04-22,0.482,0.614,1.0,1.0,0.82,1.0,0.994,1.0,0.45
2021-04-23,0.495,0.624,1.0,1.0,0.811,1.0,0.989,1.0,0.452
2021-04-24,0.501,0.639,1.0,1.0,0.809,1.0,0.993,1.0,0.46
2021-04-25,0.5,0.65,1.0,1.0,0.802,1.0,0.982,1.0,0.463
2021-04-26,0.507,0.66,1.0,1.0,0.8,1.0,0.978,1.0,0.459
2021-04-27,0.499,0.665,1.0,1.0,0.805,1.0,0.981,1.0,0.464
2021-04-28,0.508,0.684,1.0,1.0,0.807,1.0,0.984,1.0,0.462
2021-04-29,0.507,0.687,1.0,1.0,0.815,1.0,0.979,1.0,0.448
2021-04-30,0.507,0.683,1.0,1.0,0.805,1.0,0.979,1.0,0.423
2021-05-01,0.501,0.682,1.0,1.0,0.796,1.0,0.98,1.0,0.409
2021-05-02,0.497,0.676,1.0,1.0,0.799,1.0,0.98,1.0,0.389
2021-05-03,0.503,0.66,1.0,1.0,0.784,1.0,0.979,1.0,0.373
2021-05-04,0.502,0.65,1.0,1.0,0.788,1.0,0.97,1.0,0.35
2021-05-05,0.493,0.653,1.0,1.0,0.77,1.0,0.971,1.0,0.314
2021-05-06,0.496,0.648,1.0,1.0,0.756,1.0,0.973,1.0,0.295
2021-05-07,0.493,0.652,1.0,1.0,0.754,1.0,0.97,1.0,0.264
2021-05-08,0.497,0.648,1.0,1.0,0.751,1.0,0.968,1.0,0.247
2021-05-09,0.493,0.643,1.0,1.0,0.742,1.0,0.968,1.0,0.247
2021-05-10,0.499,0.629,1.0,1.0,0.733,1.0,0.966,1.0,0.25
2021-05-11,0.5,0.631,1.0,1.0,0.733,1.0,0.967,0.997,0.235
2021-05-12,0.514,0.625,1.0,1.0,0.722,1.0,0.969,0.999,0.23
2021-05-13,0.514,0.629,1.0,1.0,0.722,1.0,0.967,0.995,0.216
2021-05-14,0.521,0.643,1.0,1.0,0.706,1.0,0.969,0.995,0.198
2021-05-15,0.52,0.648,1.0,1.0,0.689,1.0,0.963,0.998,0.168
2021-05-16,0.522,0.653,1.0,1.0,0.677,1.0,0.961,0.994,0.176
2021-05-17,0.52,0.649,1.0,1.0,0.657,1.0,0.965,0.991,0.145
2021-05-18,0.522,0.648,1.0,1.0,0.642,1.0,0.965,0.991,0.119
2021-05-19,0.527,0.635,1.0,1.0,0.648,1.0,0.958,0.971,0.129
2021-05-20,0.533,0.626,0.995,1.0,0.647,1.0,0.959,0.981,0.126
2021-05-21,0.524,0.624,0.996,1.0,0.627,0.999,0.954,0.974,0.111
2021-05-22,0.522,0.612,0.998,1.0,0.613,0.997,0.936,0.989,0.093
2021-05-23,0.515,0.618,0.993,1.0,0.597,0.994,0.939,0.983,0.091
2021-05-24,0.518,0.621,0.968,1.0,0.595,0.996,0.928,0.983,0.109
2021-05-25,0.519,0.631,0.961,1.0,0.576,0.998,0.904,0.973,0.099
2021-05-26,0.554,0.602,0.958,1.0,0.561,0.998,0.906,0.971,0.092
2021-05-27,0.546,0.587,0.95,1.0,0.539,0.999,0.897,0.942,0.093
2021-05-28,0.548,0.601,0.942,0.999,0.529,0.999,0.883,0.929,0.094
2021-05-29,0.543,0.59,0.947,0.999,0.485,0.999,0.879,0.951,0.081
2021-05-30,0.55,0.581,0.936,0.998,0.487,1.0,0.875,0.959,0.072
2021-05-31,0.539,0.574,0.913,0.997,0.472,1.0,0.873,0.943,0.07
2021-06-01,0.537,0.572,0.899,0.993,0.456,1.0,0.865,0.949,0.064
2021-06-02,0.514,0.563,0.889,0.989,0.43,1.0,0.862,0.951,0.063
2021-06-03,0.511,0.544,0.872,0.984,0.424,1.0,0.858,0.929,0.058
2021-06-04,0.543,0.541,0.894,0.987,0.405,1.0,0.861,0.933,0.043
2021-06-05,0.496,0.544,0.882,0.978,0.394,1.0,0.857,0.933,0.034
2021-06-06,0.497,0.545,0.903,0.979,0.39,0.999,0.853,0.901,0.037
2021-06-07,0.468,0.542,0.891,0.974,0.389,1.0,0.849,0.933,0.032
2021-06-08,0.44,0.533,0.884,0.97,0.381,0.999,0.831,0.917,0.034
2021-06-09,0.48,0.525,0.87,0.969,0.373,0.995,0.82,0.909,0.035
2021-06-10,0.504,0.519,0.858,0.971,0.364,0.989,0.812,0.914,0.013
2021-06-11,0.485,0.511,0.842,0.971,0.363,0.99,0.792,0.89,0.013
2021-06-12,0.425,0.497,0.81,0.969,0.356,0.99,0.797,0.844,0.034
2021-06-13,0.429,0.504,0.819,0.962,0.358,0.989,0.79,0.855,0.034
2021-06-14,0.435,0.477,0.804,0.961,0.341,0.99,0.79,0.816,0.013
2021-06-15,0.429,0.474,0.817,0.959,0.339,0.985,0.785,0.811,0.014
2021-06-16,0.43,0.461,0.808,0.956,0.341,0.954,0.756,0.741,0.015
2021-06-17,0.422,0.461,0.811,0.95,0.337,0.98,0.754,0.75,0.013
2021-06-18,0.396,0.461,0.788,0.956,0.335,0.985,0.767,0.75,0.017
2021-06-19,0.395,0.46,0.726,0.952,0.331,0.97,0.774,0.722,0.035
2021-06-20,0.389,0.456,0.696,0.939,0.326,0.964,0.758,0.689,0.035
2021-06-21,0.37,0.446,0.698,0.937,0.321,0.976,0.728,0.667,0.018
2021-06-22,0.377,0.437,0.707,0.935,0.309,0.957,0.719,0.659,0.016
2021-06-23,0.382,0.423,0.775,0.936,0.304,0.965,0.701,0.627,0.029
2021-06-24,0.377,0.413,0.776,0.937,0.295,0.959,0.682,0.576,0.014
2021-06-25,0.335,0.414,0.737,0.935,0.3,0.943,0.682,0.53,0.013
2021-06-26,0.3,0.402,0.728,0.915,0.289,0.957,0.661,0.493,0.012
2021-06-27,0.315,0.387,0.743,0.915,0.287,0.955,0.649,0.502,0.015
2021-06-28,0.329,0.378,0.752,0.91,0.259,0.949,0.647,0.485,0.016
2021-06-29,0.319,0.369,0.765,0.918,0.255,0.949,0.599,0.466,0.015
2021-06-30,0.312,0.365,0.761,0.919,0.256,0.945,0.557,0.467,0.014
2021-07-01,0.32,0.347,0.761,0.921,0.275,0.951,0.48,0.37,0.012
2021-07-02,0.308,0.342,0.623,0.917,0.27,0.958,0.504,0.315,0.012
2021-07-03,0.308,0.336,0.491,0.879,0.252,0.953,0.484,0.266,0.003
2021-07-04,0.306,0.331,0.556,0.848,0.244,0.941,0.48,0.11,0.002
2021-07-05,0.316,0.326,0.532,0.832,0.245,0.938,0.443,0.246,0.001
2021-07-06,0.297,0.33,0.496,0.859,0.238,0.929,0.413,0.251,0.001
2021-07-07,0.256,0.323,0.489,0.86,0.238,0.919,0.404,0.226,0.002
2021-07-08,0.249,0.315,0.427,0.841,0.219,0.928,0.374,0.156,0.001
2021-07-09,0.212,0.304,0.367,0.765,0.223,0.929,0.368,0.144,0.001
2021-07-10,0.267,0.293,0.337,0.824,0.2,0.93,0.373,0.156,0.001
2021-07-11,0.251,0.304,0.341,0.756,0.209,0.926,0.368,0.098,0.002
2021-07-12,0.245,0.307,0.337,0.762,0.166,0.926,0.365,0.019,0.001
2021-07-13,0.225,0.3,0.312,0.746,0.175,0.927,0.283,0.017,0.002
2021-07-14,0.218,0.305,0.305,0.733,0.17,0.94,0.299,0.029,0.012
2021-07-15,0.196,0.301,0.259,0.709,0.155,0.947,0.289,0.028,0.0
2021-07-16,0.196,0.29,0.263,0.717,0.155,0.954,0.205,0.018,0.002
2021-07-17,0.203,0.283,0.271,0.696,0.162,0.936,0.227,0.015,0.003
2021-07-18,0.174,0.271,0.281,0.665,0.147,0.937,0.219,0.019,0.006
2021-07-19,0.163,0.268,0.262,0.672,0.15,0.933,0.204,0.026,0.003
2021-07-20,0.188,0.262,0.262,0.693,0.154,0.92,0.165,0.013,0.001
2021-07-21,0.201,0.25,0.261,0.683,0.151,0.923,0.164,0.013,0.0
2021-07-22,0.173,0.242,0.259,0.669,0.145,0.917,0.126,0.027,0.001
2021-07-23,0.181,0.239,0.237,0.664,0.148,0.924,0.125,0.02,0.0
2021-07-24,0.19,0.233,0.208,0.659,0.138,0.919,0.119,0.019,0.001
2021-07-25,0.184,0.235,0.166,0.643,0.131,0.917,0.091,0.015,0.001
2021-07-26,0.16,0.227,0.163,0.635,0.128,0.912,0.093,0.011,0.001
2021-07-27,0.146,0.214,0.148,0.628,0.129,0.905,0.094,0.007,0.002
2021-07-28,0.16,0.197,0.13,0.643,0.108,0.897,0.084,0.017,0.0
2021-07-29,0.167,0.21,0.105,0.643,0.089,0.872,0.086,0.007,0.005
2021-07-30,0.173,0.213,0.128,0.626,0.088,0.857,0.081,0.013,0.005
2021-07-31,0.14,0.204,0.12,0.616,0.087,0.856,0.083,0.01,0.001
2021-08-01,0.157,0.204,0.103,0.64,0.077,0.848,0.084,0.013,0.002
2021-08-02,0.153,0.198,0.103,0.649,0.079,0.852,0.084,0.012,0.001
2021-08-03,0.133,0.196,0.102,0.613,0.053,0.859,0.084,0.006,0.002
2021-08-04,0.118,0.174,0.101,0.561,0.04,0.837,0.079,0.006,0.001
2021-08-05,0.109,0.166,0.098,0.555,0.056,0.843,0.083,0.006,0.001
2021-08-06,0.109,0.166,0.083,0.594,0.052,0.85,0.08,0.007,0.001
2021-08-07,0.112,0.171,0.084,0.619,0.058,0.862,0.059,0.009,0.004
2021-08-08,0.101,0.168,0.066,0.608,0.054,0.857,0.059,0.009,0.004
2021-08-09,0.076,0.165,0.068,0.583,0.06,0.861,0.053,0.005,0.004
2021-08-10,0.107,0.159,0.059,0.585,0.057,0.869,0.056,0.006,0.004
2021-08-11,0.09,0.168,0.045,0.56,0.056,0.865,0.051,0.011,0.004
2021-08-12,0.097,0.161,0.035,0.503,0.065,0.858,0.054,0.009,0.003
2021-08-13,0.103,0.144,0.059,0.47,0.052,0.868,0.059,0.007,0.002
2021-08-14,0.099,0.148,0.066,0.477,0.047,0.857,0.055,0.003,0.002
2021-08-15,0.091,0.135,0.06,0.499,0.052,0.853,0.047,0.014,0.002
2021-08-16,0.092,0.13,0.04,0.498,0.063,0.85,0.051,0.005,0.002
2021-08-17,0.105,0.133,0.038,0.504,0.06,0.849,0.04,0.006,0.003
2021-08-18,0.103,0.13,0.051,0.495,0.067,0.855,0.042,0.003,0.002
2021-08-19,0.092,0.139,0.057,0.451,0.063,0.854,0.05,0.005,0.002
2021-08-20,0.093,0.139,0.057,0.41,0.055,0.86,0.044,0.006,0.002
2021-08-21,0.089,0.136,0.044,0.424,0.047,0.851,0.028,0.006,0.002
2021-08-22,0.056,0.126,0.054,0.417,0.05,0.84,0.043,0.011,0.0
2021-08-23,0.068,0.125,0.044,0.417,0.048,0.834,0.046,0.002,0.001
2021-08-24,0.069,0.124,0.045,0.423,0.058,0.843,0.048,0.002,0.002
2021-08-25,0.06,0.122,0.039,0.402,0.054,0.844,0.043,0.002,0.002
2021-08-26,0.058,0.116,0.04,0.394,0.049,0.817,0.036,0.005,0.002
2021-08-27,0.06,0.107,0.021,0.406,0.052,0.81,0.034,0.003,0.002
2021-08-28,0.053,0.11,0.013,0.393,0.054,0.795,0.034,0.002,0.001
2021-08-29,0.028,0.104,0.016,0.387,0.057,0.774,0.042,0.002,0.004
2021-08-30,0.034,0.099,0.019,0.393,0.056,0.768,0.04,0.005,0.004
2021-08-31,0.041,0.093,0.019,0.38,0.052,0.783,0.039,0.003,0.004
2021-09-01,0.043,0.091,0.023,0.385,0.052,0.758,0.034,0.009,0.0
2021-09-02,0.044,0.099,0.029,0.385,0.055,0.769,0.034,0.005,0.0
2021-09-03,0.041,0.104,0.034,0.376,0.05,0.778,0.031,0.006,0.0
2021-09-04,0.036,0.098,0.04,0.373,0.031,0.775,0.018,0.002,0.0
2021-09-05,0.032,0.093,0.042,0.37,0.036,0.688,0.016,0.002,0.0
2021-09-06,0.038,0.087,0.04,0.36,0.037,0.672,0.018,0.004,0.0
2021-09-07,0.035,0.072,0.052,0.373,0.03,0.737,0.022,0.004,0.0
2021-09-08,0.041,0.065,0.064,0.376,0.016,0.725,0.02,0.002,0.0
2021-09-09,0.045,0.055,0.066,0.375,0.013,0.716,0.034,0.002,0.0
2021-09-10,0.047,0.056,0.049,0.38,0.024,0.715,0.046,0.003,0.0
2021-09-11,0.051,0.058,0.045,0.382,0.022,0.689,0.036,0.001,0.0
2021-09-12,0.052,0.058,0.046,0.377,0.018,0.65,0.034,0.0,0.0
2021-09-13,0.052,0.068,0.049,0.368,0.028,0.641,0.033,0.002,0.0
2021-09-14,0.051,0.062,0.056,0.36,0.017,0.667,0.036,0.002,0.0
2021-09-15,0.045,0.06,0.064,0.375,0.009,0.657,0.038,0.002,0.0
2021-09-16,0.04,0.053,0.07,0.384,0.011,0.656,0.049,0.001,0.0
2021-09-17,0.048,0.047,0.079,0.388,0.013,0.653,0.06,0.0,0.0
2021-09-18,0.035,0.049,0.08,0.405,0.018,0.666,0.076,0.0,0.0
2021-09-19,0.041,0.047,0.076,0.41,0.019,0.686,0.071,0.0,0.0
2021-09-20,0.041,0.046,0.078,0.411,0.01,0.683,0.069,0.002,0.0
2021-09-21,0.051,0.047,0.078,0.416,0.006,0.682,0.076,0.0,0.0
2021-09-22,0.08,0.049,0.071,0.424,0.01,0.701,0.095,0.0,0.0
2021-09-23,0.082,0.039,0.076,0.437,0.011,0.699,0.096,0.0,0.0
2021-09-24,0.088,0.034,0.067,0.445,0.015,0.729,0.092,0.004,0.0
2021-09-25,0.091,0.032,0.078,0.449,0.021,0.732,0.076,0.001,0.0
2021-09-26,0.101,0.035,0.092,0.461,0.018,0.734,0.076,0.009,0.0
2021-09-27,0.106,0.029,0.105,0.475,0.018,0.737,0.076,0.006,0.0
2021-09-28,0.132,0.039,0.097,0.475,0.011,0.745,0.076,0.002,0.0
2021-09-29,0.124,0.054,0.079,0.488,0.006,0.76,0.098,0.0,0.0
2021-09-30,0.125,0.049,0.059,0.497,0.008,0.771,0.076,0.002,0.0
2022-03-01,0.505,0.691,1.0,1.0,0.893,1.0,1.0,1.0,0.567
2022-03-02,0.5,0.7,1.0,1.0,0.894,1.0,0.998,1.0,0.581
2022-03-03,0.507,0.7,1.0,1.0,0.898,1.0,0.998,1.0,0.58
2022-03-04,0.501,0.708,1.0,1.0,0.889,1.0,0.999,1.0,0.555
2022-03-05,0.501,0.717,1.0,1.0,0.896,1.0,0.997,1.0,0.56
2022-03-06,0.501,0.716,1.0,1.0,0.889,1.0,0.988,1.0,0.547
2022-03-07,0.521,0.718,1.0,1.0,0.871,1.0,0.999,1.0,0.567
2022-03-08,0.523,0.711,1.0,1.0,0.872,1.0,1.0,1.0,0.569
2022-03-09,0.526,0.697,1.0,1.0,0.876,1.0,1.0,1.0,0.567
2022-03-10,0.503,0.682,1.0,1.0,0.882,1.0,1.0,1.0,0.572
2022-03-11,0.491,0.659,1.0,1.0,0.895,1.0,1.0,1.0,0.562
2022-03-12,0.465,0.658,1.0,1.0,0.899,1.0,1.0,1.0,0.553
2022-03-13,0.47,0.65,1.0,1.0,0.911,1.0,1.0,1.0,0.542
2022-03-14,0.491,0.644,1.0,1.0,0.917,1.0,1.0,1.0,0.539
2022-03-15,0.469,0.632,1.0,1.0,0.924,1.0,1.0,1.0,0.548
2022-03-16,0.491,0.608,1.0,1.0,0.933,1.0,1.0,1.0,0.546
2022-03-17,0.507,0.606,1.0,1.0,0.948,1.0,1.0,1.0,0.536
2022-03-18,0.508,0.588,1.0,1.0,0.96,1.0,1.0,1.0,0.535
2022-03-19,0.526,0.595,1.0,1.0,0.972,1.0,1.0,1.0,0.525
2022-03-20,0.536,0.6,1.0,1.0,0.977,1.0,1.0,1.0,0.514
2022-03-21,0.533,0.609,1.0,1.0,0.976,1.0,1.0,1.0,0.516
2022-03-22,0.531,0.614,1.0,1.0,0.972,1.0,1.0,1.0,0.507
2022-03-23,0.525,0.628,1.0,1.0,0.974,1.0,1.0,1.0,0.52
2022-03-24,0.533,0.651,1.0,1.0,0.979,1.0,1.0,1.0,0.532
2022-03-25,0.523,0.676,1.0,1.0,0.978,1.0,1.0,1.0,0.542
2022-03-26,0.522,0.69,1.0,1.0,0.976,1.0,1.0,1.0,0.535
2022-03-27,0.526,0.695,1.0,1.0,0.983,1.0,1.0,1.0,0.52
2022-03-28,0.524,0.702,1.0,1.0,0.987,1.0,1.0,1.0,0.507
2022-03-29,0.524,0.708,1.0,1.0,0.982,1.0,1.0,1.0,0.486
2022-03-30,0.528,0.712,1.0,1.0,0.976,1.0,1.0,1.0,0.484
2022-03-31,0.541,0.714,1.0,1.0,0.97,1.0,1.0,1.0,0.496
2022-04-01,0.542,0.713,1.0,1.0,0.953,1.0,1.0,1.0,0.517
2022-04-02,0.548,0.709,1.0,1.0,0.952,1.0,1.0,1.0,0.536
2022-04-03,0.552,0.71,1.0,1.0,0.948,1.0,1.0,1.0,0.534
2022-04-04,0.555,0.719,1.0,1.0,0.951,1.0,1.0,1.0,0.517
2022-04-05,0.552,0.726,1.0,1.0,0.953,1.0,1.0,1.0,0.493
2022-04-06,0.551,0.724,1.0,1.0,0.965,1.0,1.0,1.0,0.484
2022-04-07,0.554,0.729,1.0,1.0,0.991,1.0,1.0,1.0,0.47
2022-04-08,0.558,0.738,1.0,1.0,0.99,1.0,1.0,1.0,0.455
2022-04-09,0.556,0.736,1.0,1.0,0.982,1.0,1.0,1.0,0.454
2022-04-10,0.55,0.721,1.0,1.0,0.982,1.0,1.0,1.0,0.469
2022-04-11,0.549,0.712,1.0,1.0,0.968,1.0,1.0,1.0,0.456
2022-04-12,0.556,0.7,1.0,1.0,0.922,1.0,1.0,1.0,0.442
2022-04-13,0.559,0.695,1.0,1.0,0.904,1.0,1.0,1.0,0.455
2022-04-14,0.558,0.705,1.0,1.0,0.9,1.0,1.0,1.0,0.461
2022-04-15,0.544,0.706,1.0,1.0,0.868,1.0,0.999,1.0,0.466
2022-04-16,0.557,0.704,1.0,1.0,0.833,1.0,0.994,1.0,0.466
2022-04-17,0.554,0.694,1.0,1.0,0.812,1.0,1.0,1.0,0.452
2022-04-18,0.557,0.696,1.0,1.0,0.795,1.0,0.999,1.0,0.436
2022-04-19,0.549,0.697,1.0,1.0,0.777,1.0,1.0,1.0,0.408
2022-04-20,0.547,0.689,1.0,1.0,0.776,1.0,1.0,1.0,0.398
2022-04-21,0.548,0.694,1.0,1.0,0.766,1.0,0.999,1.0,0.373
2022-04-22,0.56,0.694,1.0,1.0,0.756,1.0,0.994,1.0,0.354
2022-04-23,0.573,0.689,1.0,1.0,0.759,1.0,0.994,1.0,0.348
2022-04-24,0.583,0.691,1.0,1.0,0.758,1.0,0.993,1.0,0.336
2022-04-25,0.593,0.697,1.0,1.0,0.747,1.0,0.99,1.0,0.319
2022-04-26,0.596,0.712,1.0,1.0,0.725,1.0,0.99,1.0,0.303
2022-04-27,0.603,0.708,1.0,1.0,0.713,1.0,0.989,1.0,0.283
2022-04-28,0.603,0.704,1.0,1.0,0.691,1.0,0.989,0.997,0.229
2022-04-29,0.607,0.706,1.0,1.0,0.668,1.0,0.99,0.996,0.196
2022-04-30,0.608,0.705,1.0,1.0,0.665,1.0,0.989,0.996,0.178
2022-05-01,0.608,0.707,1.0,1.0,0.662,1.0,0.989,0.997,0.18
2022-05-02,0.593,0.708,1.0,1.0,0.657,1.0,0.989,1.0,0.155
2022-05-03,0.6,0.713,1.0,1.0,0.639,1.0,0.989,1.0,0.14
2022-05-04,0.596,0.715,1.0,1.0,0.633,1.0,0.989,1.0,0.139
2022-05-05,0.594,0.714,1.0,1.0,0.632,1.0,0.988,1.0,0.117
2022-05-06,0.599,0.712,1.0,1.0,0.634,1.0,0.986,1.0,0.108
2022-05-07,0.603,0.706,1.0,1.0,0.618,1.0,0.989,0.994,0.116
2022-05-08,0.608,0.702,1.0,1.0,0.614,0.999,0.989,0.999,0.118
2022-05-09,0.607,0.703,1.0,1.0,0.627,0.997,0.989,1.0,0.108
2022-05-10,0.599,0.694,1.0,1.0,0.628,0.995,0.988,0.999,0.096
2022-05-11,0.582,0.693,1.0,1.0,0.613,0.993,0.988,1.0,0.109
2022-05-12,0.573,0.698,1.0,1.0,0.624,0.996,0.986,1.0,0.102
2022-05-13,0.569,0.691,1.0,1.0,0.612,0.995,0.986,1.0,0.104
2022-05-14,0.566,0.676,1.0,1.0,0.601,0.995,0.989,0.999,0.088
2022-05-15,0.569,0.68,1.0,1.0,0.581,0.996,0.988,1.0,0.086
2022-05-16,0.572,0.678,1.0,1.0,0.578,0.996,0.989,1.0,0.096
2022-05-17,0.578,0.676,1.0,1.0,0.563,0.996,0.986,1.0,0.094
2022-05-18,0.577,0.679,0.998,1.0,0.563,0.997,0.987,1.0,0.082
2022-05-19,0.571,0.676,0.992,1.0,0.547,0.995,0.984,1.0,0.079
2022-05-20,0.56,0.671,0.987,1.0,0.548,0.994,0.98,0.996,0.08
2022-05-21,0.573,0.672,0.971,1.0,0.541,0.994,0.974,0.993,0.067
2022-05-22,0.562,0.669,0.971,1.0,0.52,0.994,0.977,0.986,0.071
2022-05-23,0.549,0.667,0.971,1.0,0.511,0.998,0.98,0.988,0.075
2022-05-24,0.543,0.664,0.969,0.999,0.511,0.997,0.981,0.989,0.058
2022-05-25,0.527,0.655,0.975,0.999,0.487,0.997,0.979,0.977,0.077
2022-05-26,0.526,0.629,0.974,1.0,0.468,1.0,0.975,0.974,0.075
2022-05-27,0.526,0.624,0.974,1.0,0.442,1.0,0.975,0.976,0.049
2022-05-28,0.528,0.616,0.978,1.0,0.453,1.0,0.975,0.985,0.023
2022-05-29,0.543,0.611,0.978,1.0,0.458,1.0,0.974,0.983,0.025
2022-05-30,0.549,0.596,0.979,1.0,0.447,1.0,0.973,0.977,0.03
2022-05-31,0.533,0.578,0.977,1.0,0.457,1.0,0.954,0.971,0.043
2022-06-01,0.519,0.575,0.978,1.0,0.419,1.0,0.948,0.951,0.044
2022-06-02,0.51,0.556,0.975,1.0,0.408,1.0,0.957,0.953,0.044
2022-06-03,0.512,0.547,0.956,1.0,0.416,1.0,0.959,0.967,0.042
2022-06-04,0.525,0.525,0.932,1.0,0.402,1.0,0.957,0.937,0.037
2022-06-05,0.524,0.508,0.929,1.0,0.39,1.0,0.941,0.929,0.029
2022-06-06,0.505,0.502,0.921,1.0,0.378,1.0,0.924,0.912,0.013
2022-06-07,0.504,0.491,0.901,1.0,0.36,1.0,0.92,0.898,0.014
2022-06-08,0.502,0.492,0.894,1.0,0.348,1.0,0.921,0.839,0.014
2022-06-09,0.504,0.463,0.869,0.999,0.342,1.0,0.919,0.846,0.025
2022-06-10,0.501,0.465,0.85,0.999,0.335,1.0,0.91,0.85,0.025
2022-06-11,0.494,0.446,0.854,0.999,0.336,1.0,0.913,0.827,0.012
2022-06-12,0.483,0.449,0.863,0.999,0.322,1.0,0.887,0.814,0.016
2022-06-13,0.471,0.456,0.849,0.998,0.319,1.0,0.876,0.792,0.015
2022-06-14,0.452,0.444,0.851,0.997,0.313,1.0,0.877,0.741,0.01
2022-06-15,0.446,0.442,0.865,0.998,0.299,1.0,0.875,0.635,0.012
2022-06-16,0.438,0.437,0.87,1.0,0.278,1.0,0.877,0.616,0.014
2022-06-17,0.436,0.431,0.861,1.0,0.282,1.0,0.87,0.633,0.013
2022-06-18,0.442,0.416,0.841,1.0,0.284,1.0,0.879,0.584,0.013
2022-06-19,0.437,0.398,0.847,1.0,0.283,1.0,0.868,0.568,0.009
2022-06-20,0.423,0.383,0.847,1.0,0.276,1.0,0.868,0.461,0.014
2022-06-21,0.429,0.37,0.848,1.0,0.272,1.0,0.86,0.417,0.019
2022-06-22,0.412,0.357,0.847,1.0,0.257,1.0,0.835,0.479,0.006
2022-06-23,0.406,0.329,0.859,1.0,0.263,1.0,0.812,0.473,0.008
2022-06-24,0.39,0.332,0.838,1.0,0.251,1.0,0.794,0.513,0.011
2022-06-25,0.382,0.317,0.828,1.0,0.236,1.0,0.779,0.466,0.01
2022-06-26,0.37,0.318,0.837,1.0,0.224,1.0,0.741,0.453,0.008
2022-06-27,0.344,0.305,0.824,1.0,0.218,1.0,0.757,0.444,0.008
2022-06-28,0.338,0.296,0.843,1.0,0.215,0.999,0.761,0.42,0.008
2022-06-29,0.361,0.292,0.833,0.997,0.186,1.0,0.745,0.419,0.006
2022-06-30,0.34,0.281,0.838,0.992,0.188,0.994,0.757,0.382,0.007
2022-07-01,0.34,0.274,0.85,0.984,0.195,0.987,0.741,0.34,0.002
2022-07-02,0.357,0.284,0.846,0.982,0.183,0.986,0.731,0.369,0.002
2022-07-03,0.366,0.276,0.849,0.975,0.184,0.987,0.691,0.345,0.002
2022-07-04,0.344,0.268,0.811,0.966,0.177,0.978,0.659,0.315,0.001
2022-07-05,0.35,0.273,0.803,0.948,0.168,0.957,0.623,0.299,0.001
2022-07-06,0.35,0.271,0.795,0.964,0.174,0.966,0.614,0.281,0.002
2022-07-07,0.334,0.279,0.791,0.957,0.175,0.953,0.599,0.259,0.002
2022-07-08,0.338,0.262,0.787,0.938,0.173,0.94,0.575,0.24,0.001
2022-07-09,0.341,0.259,0.777,0.943,0.12,0.935,0.568,0.209,0.001
2022-07-10,0.338,0.262,0.742,0.948,0.1,0.937,0.536,0.21,0.001
2022-07-11,0.334,0.251,0.73,0.926,0.149,0.924,0.533,0.197,0.002
2022-07-12,0.325,0.246,0.724,0.92,0.164,0.931,0.517,0.197,0.001
2022-07-13,0.316,0.229,0.712,0.93,0.159,0.941,0.467,0.17,0.0
2022-07-14,0.298,0.22,0.696,0.926,0.144,0.967,0.484,0.15,0.002
2022-07-15,0.308,0.208,0.668,0.915,0.15,0.985,0.453,0.123,0.002
2022-07-16,0.289,0.198,0.639,0.919,0.146,0.982,0.449,0.142,0.002
2022-07-17,0.281,0.191,0.642,0.903,0.134,0.965,0.418,0.099,0.003
2022-07-18,0.259,0.194,0.628,0.88,0.115,0.934,0.434,0.083,0.0
2022-07-19,0.272,0.193,0.597,0.885,0.086,0.92,0.413,0.087,0.001
2022-07-20,0.258,0.191,0.588,0.892,0.103,0.933,0.387,0.036,0.001
2022-07-21,0.274,0.179,0.56,0.888,0.102,0.929,0.338,0.043,0.002
2022-07-22,0.247,0.161,0.503,0.89,0.09,0.911,0.361,0.057,0.002
2022-07-23,0.262,0.152,0.477,0.879,0.074,0.898,0.371,0.035,0.003
2022-07-24,0.255,0.142,0.459,0.868,0.069,0.89,0.343,0.055,0.001
2022-07-25,0.246,0.129,0.439,0.862,0.075,0.903,0.346,0.053,0.002
2022-07-26,0.248,0.126,0.385,0.842,0.083,0.871,0.327,0.042,0.002
2022-07-27,0.244,0.124,0.369,0.84,0.069,0.864,0.307,0.046,0.003
2022-07-28,0.253,0.109,0.36,0.83,0.071,0.867,0.282,0.027,0.003
2022-07-29,0.25,0.108,0.366,0.808,0.082,0.875,0.278,0.022,0.003
2022-07-30,0.253,0.127,0.363,0.779,0.069,0.889,0.257,0.057,0.002
2022-07-31,0.245,0.121,0.371,0.755,0.07,0.878,0.208,0.052,0.002
2022-08-01,0.248,0.13,0.385,0.724,0.061,0.875,0.22,0.022,0.001
2022-08-02,0.246,0.131,0.397,0.699,0.046,0.877,0.204,0.023,0.0
2022-08-03,0.24,0.126,0.422,0.669,0.012,0.865,0.199,0.047,0.0
2022-08-04,0.24,0.122,0.436,0.671,0.019,0.848,0.22,0.016,0.001
2022-08-05,0.238,0.119,0.439,0.663,0.029,0.841,0.209,0.017,0.001
2022-08-06,0.238,0.106,0.423,0.658,0.023,0.828,0.157,0.005,0.001
2022-08-07,0.245,0.101,0.403,0.664,0.023,0.831,0.169,0.003,0.002
2022-08-08,0.257,0.107,0.394,0.654,0.031,0.811,0.172,0.007,0.004
2022-08-09,0.234,0.112,0.399,0.625,0.031,0.806,0.114,0.017,0.002
2022-08-10,0.231,0.115,0.396,0.628,0.02,0.788,0.125,0.005,0.002
2022-08-11,0.24,0.113,0.413,0.605,0.015,0.758,0.115,0.009,0.002
2022-08-12,0.249,0.102,0.417,0.618,0.023,0.76,0.096,0.009,0.002
2022-08-13,0.253,0.1,0.394,0.611,0.028,0.76,0.077,0.003,0.002
2022-08-14,0.251,0.101,0.374,0.605,0.026,0.777,0.075,0.002,0.002
2022-08-15,0.25,0.098,0.361,0.606,0.026,0.767,0.069,0.006,0.002
2022-08-16,0.246,0.105,0.361,0.602,0.032,0.759,0.094,0.007,0.002
2022-08-17,0.248,0.107,0.361,0.595,0.027,0.769,0.095,0.009,0.001
2022-08-18,0.248,0.089,0.361,0.585,0.015,0.748,0.086,0.006,0.002
2022-08-19,0.257,0.08,0.358,0.568,0.019,0.752,0.082,0.011,0.004
2022-08-20,0.273,0.067,0.356,0.557,0.012,0.761,0.088,0.004,0.002
2022-08-21,0.253,0.076,0.36,0.539,0.006,0.764,0.084,0.004,0.002
2022-08-22,0.251,0.078,0.357,0.484,0.003,0.769,0.095,0.003,0.004
2022-08-23,0.256,0.086,0.351,0.431,0.002,0.757,0.089,0.001,0.004
2022-08-24,0.254,0.088,0.343,0.433,0.003,0.698,0.068,0.0,0.004
2022-08-25,0.274,0.085,0.335,0.42,0.002,0.646,0.079,0.0,0.004
2022-08-26,0.268,0.091,0.322,0.398,0.002,0.633,0.07,0.001,0.004
2022-08-27,0.266,0.088,0.313,0.388,0.002,0.618,0.079,0.002,0.004
2022-08-28,0.26,0.086,0.304,0.397,0.002,0.611,0.072,0.0,0.004
2022-08-29,0.264,0.082,0.296,0.408,0.002,0.595,0.073,0.002,0.004
2022-08-30,0.264,0.084,0.289,0.397,0.002,0.569,0.077,0.002,0.002
2022-08-31,0.249,0.089,0.285,0.385,0.002,0.579,0.08,0.005,0.002
2022-09-01,0.231,0.091,0.279,0.384,0.001,0.562,0.072,0.004,0.0
2022-09-02,0.257,0.073,0.279,0.386,0.001,0.54,0.081,0.006,0.0
2022-09-03,0.248,0.074,0.286,0.379,0.001,0.549,0.069,0.0,0.0
2022-09-04,0.26,0.085,0.29,0.352,0.001,0.523,0.081,0.005,0.0
2022-09-05,0.26,0.088,0.296,0.345,0.001,0.521,0.093,0.006,0.0
2022-09-06,0.24,0.089,0.297,0.341,0.001,0.537,0.073,0.007,0.0
2022-09-07,0.254,0.089,0.299,0.336,0.001,0.54,0.084,0.003,0.0
2022-09-08,0.256,0.089,0.294,0.323,0.001,0.532,0.085,0.003,0.0
2022-09-09,0.251,0.098,0.285,0.301,0.001,0.524,0.086,0.005,0.0
2022-09-10,0.255,0.098,0.282,0.303,0.001,0.493,0.102,0.004,0.0
2022-09-11,0.259,0.106,0.288,0.292,0.001,0.497,0.086,0.003,0.0
2022-09-12,0.263,0.093,0.281,0.274,0.001,0.49,0.081,0.002,0.0
2022-09-13,0.261,0.089,0.274,0.265,0.001,0.51,0.078,0.003,0.0
2022-09-14,0.261,0.09,0.263,0.249,0.001,0.516,0.076,0.002,0.0
2022-09-15,0.257,0.086,0.261,0.243,0.001,0.504,0.07,0.003,0.0
2022-09-16,0.262,0.084,0.252,0.241,0.001,0.505,0.066,0.003,0.0
2022-09-17,0.257,0.095,0.248,0.238,0.001,0.498,0.071,0.002,0.0
2022-09-18,0.26,0.098,0.252,0.234,0.001,0.494,0.093,0.002,0.0
2022-09-19,0.249,0.091,0.258,0.24,0.001,0.509,0.07,0.0,0.0
2022-09-20,0.27,0.095,0.267,0.253,0.001,0.521,0.1,0.001,0.0
2022-09-21,0.262,0.103,0.262,0.257,0.001,0.514,0.122,0.002,0.0
2022-09-22,0.241,0.093,0.263,0.258,0.001,0.512,0.125,0.003,0.0
2022-09-23,0.254,0.085,0.26,0.265,0.001,0.531,0.129,0.0,0.0
2022-09-24,0.272,0.073,0.262,0.283,0.001,0.541,0.13,0.002,0.0
2022-09-25,0.333,0.066,0.254,0.287,0.001,0.574,0.133,0.002,0.0
2022-09-26,0.255,0.059,0.256,0.295,0.001,0.594,0.122,0.0,0.0
2022-09-27,0.268,0.054,0.271,0.312,0.001,0.629,0.136,0.0,0.0
2022-09-28,0.271,0.051,0.27,0.321,0.001,0.652,0.137,0.005,0.0
2022-09-29,0.273,0.049,0.291,0.325,0.001,0.647,0.151,0.0,0.0
2022-09-30,0.262,0.056,0.303,0.333,0.001,0.632,0.166,0.003,0.0
